Date,Year,Model,Region,Country,Channel,Quantity Sold,Revenue,Revenue Per Unit
2019-01-01,2019,BMW X2,Africa,Nigeria,Wholesale,2,94654.0,47327.0
2019-01-01,2019,BMW M4,Africa,Kenya,Wholesale,1,111259.0,111259.0
2019-01-02,2019,BMW 6 Series,South America,Chile,Wholesale,3,94881.0,31627.0
2019-01-04,2019,BMW X2,Asia,South Korea,Wholesale,4,35293.0,8823.25
2019-01-04,2019,BMW M2,Asia,Japan,Wholesale,5,76275.0,15255.0
2019-01-05,2019,BMW iX3,Asia,South Korea,Wholesale,3,74929.0,24976.33
2019-01-06,2019,BMW 8 Series,South America,Colombia,Dealership,4,82563.0,20640.75
2019-01-07,2019,BMW i4,Asia,Japan,Wholesale,5,82195.0,16439.0
2019-01-07,2019,BMW iX3,Africa,Morocco,Wholesale,4,67202.0,16800.5
2019-01-07,2019,BMW 7 Series,South America,Chile,Wholesale,3,71767.0,23922.33
2019-01-08,2019,BMW X4,Europe,Italy,Wholesale,3,106309.0,35436.33
2019-01-08,2019,BMW M3,Europe,Spain,Wholesale,4,35983.0,8995.75
2019-01-08,2019,BMW X6,South America,Peru,Dealership,1,74863.0,74863.0
2019-01-09,2019,BMW 5 Series,North America,Mexico,Dealership,2,59157.0,29578.5
2019-01-09,2019,BMW X6,North America,United States,Wholesale,4,59493.0,14873.25
2019-01-10,2019,BMW M5,Europe,Italy,Dealership,4,89019.0,22254.75
2019-01-10,2019,BMW 8 Series,North America,Mexico,Wholesale,4,113748.0,28437.0
2019-01-10,2019,BMW 8 Series,North America,Canada,Wholesale,3,68568.0,22856.0
2019-01-11,2019,BMW M4,Europe,France,Wholesale,2,118264.0,59132.0
2019-01-12,2019,BMW X1,Europe,Spain,Wholesale,3,78586.0,26195.33
2019-01-12,2019,BMW M4,North America,Mexico,Wholesale,4,44063.0,11015.75
2019-01-12,2019,BMW 2 Series,South America,Argentina,Dealership,4,82810.0,20702.5
2019-01-13,2019,BMW M4,Asia,Japan,Wholesale,2,99626.0,49813.0
2019-01-13,2019,BMW X5,North America,United States,Wholesale,1,118393.0,118393.0
2019-01-14,2019,BMW i4,Asia,China,Dealership,3,93737.0,31245.67
2019-01-15,2019,BMW X1,Africa,Kenya,Dealership,4,107838.0,26959.5
2019-01-15,2019,BMW 6 Series,Asia,South Korea,Dealership,4,53877.0,13469.25
2019-01-15,2019,BMW M8,South America,Colombia,Wholesale,1,101997.0,101997.0
2019-01-16,2019,BMW iX,South America,Brazil,Wholesale,5,73420.0,14684.0
2019-01-16,2019,BMW M2,South America,Peru,Dealership,5,112782.0,22556.4
2019-01-16,2019,BMW iX,Asia,China,Wholesale,1,100875.0,100875.0
2019-01-16,2019,BMW i8,Asia,India,Dealership,5,55094.0,11018.8
2019-01-17,2019,BMW 2 Series,South America,Brazil,Dealership,5,77937.0,15587.4
2019-01-17,2019,BMW X6,Europe,Spain,Wholesale,2,104500.0,52250.0
2019-01-17,2019,BMW M3,South America,Colombia,Wholesale,1,60373.0,60373.0
2019-01-17,2019,BMW 8 Series,Africa,Egypt,Wholesale,5,53898.0,10779.6
2019-01-18,2019,BMW 5 Series,Africa,Egypt,Wholesale,1,112462.0,112462.0
2019-01-18,2019,BMW 5 Series,North America,Mexico,Dealership,2,118627.0,59313.5
2019-01-18,2019,BMW i3,Asia,China,Wholesale,2,66388.0,33194.0
2019-01-19,2019,BMW Z4,Africa,Egypt,Dealership,3,64030.0,21343.33
2019-01-19,2019,BMW i3,South America,Argentina,Wholesale,2,91913.0,45956.5
2019-01-19,2019,BMW 5 Series,North America,Mexico,Dealership,5,53184.0,10636.8
2019-01-19,2019,BMW 2 Series,Asia,Japan,Wholesale,1,76721.0,76721.0
2019-01-19,2019,BMW 4 Series,Asia,Japan,Wholesale,3,103236.0,34412.0
2019-01-20,2019,BMW i3,Europe,Italy,Dealership,1,72296.0,72296.0
2019-01-20,2019,BMW M4,South America,Chile,Dealership,5,34286.0,6857.2
2019-01-21,2019,BMW 6 Series,Africa,South Africa,Wholesale,4,40916.0,10229.0
2019-01-21,2019,BMW iX3,Europe,Germany,Wholesale,5,45072.0,9014.4
2019-01-21,2019,BMW M5,Africa,Egypt,Dealership,4,92363.0,23090.75
2019-01-21,2019,BMW M8,North America,Canada,Wholesale,3,73639.0,24546.33
2019-01-21,2019,BMW i3,South America,Colombia,Wholesale,3,117156.0,39052.0
2019-01-21,2019,BMW 6 Series,South America,Argentina,Wholesale,2,60431.0,30215.5
2019-01-22,2019,BMW 7 Series,South America,Colombia,Wholesale,5,77369.0,15473.8
2019-01-22,2019,BMW iX3,North America,United States,Wholesale,1,48946.0,48946.0
2019-01-23,2019,BMW Z4,Europe,Germany,Wholesale,3,90064.0,30021.33
2019-01-23,2019,BMW 6 Series,South America,Peru,Dealership,4,51863.0,12965.75
2019-01-24,2019,BMW X1,Africa,Kenya,Wholesale,2,54019.0,27009.5
2019-01-24,2019,BMW X5,Europe,France,Wholesale,2,90656.0,45328.0
2019-01-24,2019,BMW M8,Europe,United Kingdom,Wholesale,5,53545.0,10709.0
2019-01-25,2019,BMW M2,Europe,Germany,Dealership,5,86625.0,17325.0
2019-01-26,2019,BMW 5 Series,North America,United States,Wholesale,3,81701.0,27233.67
2019-01-27,2019,BMW M2,South America,Brazil,Wholesale,3,57386.0,19128.67
2019-01-28,2019,BMW M3,Europe,France,Wholesale,1,85878.0,85878.0
2019-01-28,2019,BMW 7 Series,Asia,India,Dealership,3,105769.0,35256.33
2019-01-28,2019,BMW X2,Africa,Kenya,Wholesale,3,47822.0,15940.67
2019-01-28,2019,BMW M2,South America,Brazil,Wholesale,3,105462.0,35154.0
2019-01-28,2019,BMW M5,Europe,United Kingdom,Wholesale,2,70023.0,35011.5
2019-01-29,2019,BMW i3,South America,Argentina,Wholesale,4,77984.0,19496.0
2019-01-29,2019,BMW 5 Series,North America,Canada,Wholesale,2,86577.0,43288.5
2019-01-29,2019,BMW X4,Africa,Egypt,Dealership,4,106369.0,26592.25
2019-01-29,2019,BMW X2,South America,Brazil,Dealership,1,80929.0,80929.0
2019-01-30,2019,BMW iX3,Asia,China,Wholesale,5,57081.0,11416.2
2019-01-30,2019,BMW X3,Africa,Nigeria,Dealership,1,32751.0,32751.0
2019-01-31,2019,BMW X7,North America,Mexico,Wholesale,5,51863.0,10372.6
2019-01-31,2019,BMW i4,Europe,France,Dealership,1,48114.0,48114.0
2019-01-31,2019,BMW X5,Asia,Japan,Wholesale,5,81176.0,16235.2
2019-01-31,2019,BMW X2,Asia,China,Wholesale,3,48642.0,16214.0
2019-01-31,2019,BMW 4 Series,Africa,Kenya,Wholesale,4,56953.0,14238.25
2019-01-31,2019,BMW X1,Africa,Kenya,Dealership,5,88479.0,17695.8
2019-01-31,2019,BMW M4,Africa,Egypt,Dealership,1,70194.0,70194.0
2019-02-01,2019,BMW X5,Africa,Morocco,Dealership,5,86843.0,17368.6
2019-02-01,2019,BMW i4,Europe,Spain,Wholesale,2,72563.0,36281.5
2019-02-01,2019,BMW 4 Series,Europe,United Kingdom,Wholesale,3,60373.0,20124.33
2019-02-01,2019,BMW 6 Series,Europe,Spain,Wholesale,1,108104.0,108104.0
2019-02-01,2019,BMW X4,Asia,South Korea,Wholesale,4,94746.0,23686.5
2019-02-01,2019,BMW X5,North America,United States,Dealership,4,116973.0,29243.25
2019-02-02,2019,BMW X5,Asia,China,Dealership,4,75760.0,18940.0
2019-02-02,2019,BMW 3 Series,South America,Brazil,Wholesale,4,77470.0,19367.5
2019-02-03,2019,BMW X3,Africa,Kenya,Wholesale,4,109449.0,27362.25
2019-02-03,2019,BMW 1 Series,Asia,India,Wholesale,1,73884.0,73884.0
2019-02-03,2019,BMW 5 Series,Europe,United Kingdom,Wholesale,2,35565.0,17782.5
2019-02-03,2019,BMW iX3,Africa,South Africa,Wholesale,2,116488.0,58244.0
2019-02-03,2019,BMW X6,Asia,Japan,Wholesale,4,107554.0,26888.5
2019-02-04,2019,BMW 5 Series,South America,Argentina,Wholesale,2,51340.0,25670.0
2019-02-04,2019,BMW X3,South America,Peru,Wholesale,3,108651.0,36217.0
2019-02-05,2019,BMW M4,South America,Chile,Dealership,2,61772.0,30886.0
2019-02-06,2019,BMW i4,Europe,France,Wholesale,5,111344.0,22268.8
2019-02-06,2019,BMW 4 Series,North America,Canada,Dealership,5,112888.0,22577.6
2019-02-06,2019,BMW 7 Series,Asia,Japan,Dealership,4,88975.0,22243.75
2019-02-07,2019,BMW i3,Asia,India,Wholesale,5,36918.0,7383.6
2019-02-07,2019,BMW X3,South America,Brazil,Dealership,4,80711.0,20177.75
2019-02-07,2019,BMW X2,North America,Mexico,Dealership,1,60070.0,60070.0
2019-02-07,2019,BMW 4 Series,North America,United States,Wholesale,2,43366.0,21683.0
2019-02-08,2019,BMW X5,Asia,Thailand,Wholesale,4,116891.0,29222.75
2019-02-08,2019,BMW X1,Asia,China,Dealership,3,39200.0,13066.67
2019-02-08,2019,BMW M3,Asia,Japan,Dealership,1,89151.0,89151.0
2019-02-08,2019,BMW X5,Africa,Morocco,Wholesale,3,53226.0,17742.0
2019-02-08,2019,BMW Z4,Europe,Germany,Wholesale,2,90085.0,45042.5
2019-02-08,2019,BMW M4,Europe,United Kingdom,Dealership,1,53486.0,53486.0
2019-02-09,2019,BMW iX,Europe,Germany,Wholesale,4,34700.0,8675.0
2019-02-09,2019,BMW M4,Asia,South Korea,Dealership,1,111863.0,111863.0
2019-02-09,2019,BMW M4,South America,Colombia,Wholesale,5,37988.0,7597.6
2019-02-10,2019,BMW 4 Series,South America,Argentina,Wholesale,2,94052.0,47026.0
2019-02-10,2019,BMW i3,Europe,United Kingdom,Wholesale,4,73352.0,18338.0
2019-02-10,2019,BMW 7 Series,Africa,South Africa,Wholesale,2,31634.0,15817.0
2019-02-11,2019,BMW i8,Europe,Germany,Dealership,2,95327.0,47663.5
2019-02-11,2019,BMW X6,Asia,India,Dealership,4,90634.0,22658.5
2019-02-11,2019,BMW X7,Africa,Morocco,Wholesale,4,75939.0,18984.75
2019-02-13,2019,BMW X4,South America,Peru,Dealership,5,117498.0,23499.6
2019-02-13,2019,BMW iX3,Europe,Spain,Wholesale,2,100938.0,50469.0
2019-02-13,2019,BMW i8,North America,Canada,Wholesale,4,36900.0,9225.0
2019-02-14,2019,BMW M4,Africa,South Africa,Wholesale,3,49332.0,16444.0
2019-02-14,2019,BMW X2,Asia,China,Wholesale,5,100672.0,20134.4
2019-02-15,2019,BMW M2,Asia,Japan,Wholesale,2,85943.0,42971.5
2019-02-15,2019,BMW 8 Series,Asia,Japan,Dealership,5,118499.0,23699.8
2019-02-15,2019,BMW X3,North America,Canada,Wholesale,2,101627.0,50813.5
2019-02-15,2019,BMW 7 Series,South America,Brazil,Dealership,3,98203.0,32734.33
2019-02-16,2019,BMW 1 Series,South America,Brazil,Dealership,4,36221.0,9055.25
2019-02-16,2019,BMW M3,North America,Canada,Wholesale,2,51788.0,25894.0
2019-02-16,2019,BMW 7 Series,Asia,Thailand,Wholesale,5,59350.0,11870.0
2019-02-17,2019,BMW X1,South America,Peru,Wholesale,3,37426.0,12475.33
2019-02-17,2019,BMW 7 Series,Africa,Nigeria,Wholesale,4,43264.0,10816.0
2019-02-17,2019,BMW i4,North America,United States,Wholesale,1,60816.0,60816.0
2019-02-18,2019,BMW X6,Asia,India,Dealership,5,78659.0,15731.8
2019-02-18,2019,BMW 7 Series,Asia,India,Wholesale,4,119622.0,29905.5
2019-02-18,2019,BMW 3 Series,Europe,Spain,Dealership,4,44287.0,11071.75
2019-02-19,2019,BMW X6,Africa,Nigeria,Wholesale,5,91852.0,18370.4
2019-02-19,2019,BMW iX3,Europe,Germany,Wholesale,3,42583.0,14194.33
2019-02-19,2019,BMW i8,Europe,United Kingdom,Wholesale,5,67455.0,13491.0
2019-02-19,2019,BMW X4,Asia,India,Wholesale,4,102454.0,25613.5
2019-02-19,2019,BMW X5,Europe,Italy,Wholesale,3,113401.0,37800.33
2019-02-20,2019,BMW M4,Africa,Morocco,Wholesale,4,90345.0,22586.25
2019-02-20,2019,BMW i8,Africa,Kenya,Wholesale,4,67525.0,16881.25
2019-02-20,2019,BMW i8,South America,Colombia,Wholesale,3,63314.0,21104.67
2019-02-20,2019,BMW i8,Europe,United Kingdom,Dealership,2,42134.0,21067.0
2019-02-21,2019,BMW 2 Series,North America,Mexico,Wholesale,5,63617.0,12723.4
2019-02-21,2019,BMW 2 Series,Europe,United Kingdom,Wholesale,4,93444.0,23361.0
2019-02-21,2019,BMW X6,Africa,Kenya,Wholesale,5,113489.0,22697.8
2019-02-21,2019,BMW i4,Europe,Italy,Wholesale,4,36487.0,9121.75
2019-02-22,2019,BMW X5,Asia,Japan,Wholesale,4,86865.0,21716.25
2019-02-22,2019,BMW M8,Europe,Spain,Wholesale,2,84890.0,42445.0
2019-02-22,2019,BMW iX3,Africa,Nigeria,Wholesale,2,76295.0,38147.5
2019-02-23,2019,BMW X5,Asia,China,Wholesale,4,117702.0,29425.5
2019-02-24,2019,BMW X2,North America,Mexico,Wholesale,1,108959.0,108959.0
2019-02-24,2019,BMW M4,Africa,Nigeria,Dealership,4,106844.0,26711.0
2019-02-24,2019,BMW 6 Series,Asia,Thailand,Wholesale,4,80294.0,20073.5
2019-02-25,2019,BMW 5 Series,North America,Mexico,Wholesale,2,81564.0,40782.0
2019-02-25,2019,BMW X4,South America,Chile,Dealership,3,35804.0,11934.67
2019-02-26,2019,BMW X6,Africa,Kenya,Wholesale,2,78643.0,39321.5
2019-02-27,2019,BMW 2 Series,North America,Mexico,Dealership,4,119063.0,29765.75
2019-02-27,2019,BMW i8,South America,Argentina,Wholesale,5,64635.0,12927.0
2019-02-27,2019,BMW 8 Series,South America,Colombia,Wholesale,1,43068.0,43068.0
2019-02-28,2019,BMW X6,Africa,Morocco,Wholesale,5,92306.0,18461.2
2019-02-28,2019,BMW X4,Asia,India,Wholesale,1,97639.0,97639.0
2019-02-28,2019,BMW X5,North America,Canada,Dealership,1,34163.0,34163.0
2019-03-02,2019,BMW Z4,North America,Canada,Wholesale,5,65169.0,13033.8
2019-03-02,2019,BMW X6,Africa,Nigeria,Wholesale,4,46515.0,11628.75
2019-03-03,2019,BMW 4 Series,Africa,Kenya,Dealership,2,101533.0,50766.5
2019-03-03,2019,BMW X2,North America,United States,Wholesale,5,89432.0,17886.4
2019-03-03,2019,BMW Z4,South America,Argentina,Wholesale,3,115343.0,38447.67
2019-03-04,2019,BMW 5 Series,Asia,China,Dealership,3,109517.0,36505.67
2019-03-04,2019,BMW X7,North America,Canada,Wholesale,2,72018.0,36009.0
2019-03-04,2019,BMW 3 Series,Africa,Morocco,Wholesale,1,114463.0,114463.0
2019-03-04,2019,BMW iX,South America,Peru,Wholesale,2,97741.0,48870.5
2019-03-05,2019,BMW i4,North America,Canada,Dealership,4,92546.0,23136.5
2019-03-05,2019,BMW 6 Series,North America,Canada,Dealership,3,110490.0,36830.0
2019-03-05,2019,BMW 7 Series,Europe,Germany,Dealership,5,106167.0,21233.4
2019-03-06,2019,BMW X4,South America,Argentina,Dealership,2,107179.0,53589.5
2019-03-07,2019,BMW 4 Series,Europe,Italy,Dealership,2,58949.0,29474.5
2019-03-07,2019,BMW i3,Africa,Kenya,Dealership,2,86964.0,43482.0
2019-03-07,2019,BMW 8 Series,North America,Canada,Wholesale,5,59292.0,11858.4
2019-03-07,2019,BMW Z4,Africa,South Africa,Wholesale,5,88990.0,17798.0
2019-03-08,2019,BMW 7 Series,Africa,Kenya,Dealership,1,97541.0,97541.0
2019-03-08,2019,BMW M2,Europe,France,Wholesale,1,97419.0,97419.0
2019-03-08,2019,BMW 2 Series,Africa,South Africa,Dealership,3,64527.0,21509.0
2019-03-08,2019,BMW i3,South America,Argentina,Wholesale,3,58385.0,19461.67
2019-03-08,2019,BMW 7 Series,Asia,Japan,Dealership,3,68913.0,22971.0
2019-03-09,2019,BMW M3,Asia,Thailand,Wholesale,1,104861.0,104861.0
2019-03-09,2019,BMW iX,Africa,Nigeria,Wholesale,5,74133.0,14826.6
2019-03-10,2019,BMW 6 Series,South America,Chile,Wholesale,4,89481.0,22370.25
2019-03-10,2019,BMW i8,Africa,Egypt,Dealership,4,101484.0,25371.0
2019-03-10,2019,BMW 4 Series,Africa,Egypt,Wholesale,2,44227.0,22113.5
2019-03-11,2019,BMW X2,North America,Mexico,Dealership,2,96042.0,48021.0
2019-03-11,2019,BMW X3,North America,Mexico,Dealership,1,105969.0,105969.0
2019-03-12,2019,BMW 1 Series,North America,United States,Wholesale,4,65271.0,16317.75
2019-03-12,2019,BMW 1 Series,Asia,South Korea,Wholesale,2,112594.0,56297.0
2019-03-12,2019,BMW M5,South America,Argentina,Wholesale,1,105653.0,105653.0
2019-03-12,2019,BMW X3,North America,Mexico,Wholesale,1,55775.0,55775.0
2019-03-13,2019,BMW Z4,South America,Peru,Dealership,1,45014.0,45014.0
2019-03-13,2019,BMW 4 Series,Europe,Italy,Wholesale,4,69314.0,17328.5
2019-03-14,2019,BMW X5,South America,Peru,Wholesale,3,90690.0,30230.0
2019-03-14,2019,BMW 5 Series,Europe,Germany,Wholesale,3,56627.0,18875.67
2019-03-14,2019,BMW i4,Asia,China,Wholesale,1,63336.0,63336.0
2019-03-15,2019,BMW 6 Series,Africa,Kenya,Wholesale,1,37587.0,37587.0
2019-03-15,2019,BMW M8,South America,Colombia,Wholesale,3,73023.0,24341.0
2019-03-15,2019,BMW 7 Series,South America,Brazil,Wholesale,1,64229.0,64229.0
2019-03-15,2019,BMW M8,Asia,Thailand,Wholesale,4,32870.0,8217.5
2019-03-15,2019,BMW X4,North America,Canada,Wholesale,3,77457.0,25819.0
2019-03-16,2019,BMW 1 Series,South America,Peru,Wholesale,4,65500.0,16375.0
2019-03-16,2019,BMW X1,Europe,United Kingdom,Dealership,3,119547.0,39849.0
2019-03-16,2019,BMW 5 Series,South America,Brazil,Dealership,5,93503.0,18700.6
2019-03-17,2019,BMW M4,South America,Colombia,Wholesale,5,92237.0,18447.4
2019-03-18,2019,BMW X2,Europe,Spain,Dealership,5,41423.0,8284.6
2019-03-18,2019,BMW 5 Series,Africa,Egypt,Wholesale,4,117694.0,29423.5
2019-03-18,2019,BMW i4,Africa,Nigeria,Dealership,3,102378.0,34126.0
2019-03-19,2019,BMW iX,Asia,China,Wholesale,1,49039.0,49039.0
2019-03-19,2019,BMW i8,North America,Canada,Wholesale,2,64511.0,32255.5
2019-03-20,2019,BMW X6,North America,United States,Wholesale,5,109798.0,21959.6
2019-03-20,2019,BMW X6,Africa,South Africa,Dealership,5,53583.0,10716.6
2019-03-20,2019,BMW X4,South America,Brazil,Wholesale,1,52765.0,52765.0
2019-03-20,2019,BMW Z4,North America,United States,Wholesale,5,106730.0,21346.0
2019-03-20,2019,BMW X3,North America,United States,Wholesale,5,94546.0,18909.2
2019-03-20,2019,BMW 7 Series,Europe,Spain,Wholesale,5,69530.0,13906.0
2019-03-20,2019,BMW X3,North America,United States,Wholesale,3,58111.0,19370.33
2019-03-20,2019,BMW iX3,South America,Chile,Wholesale,5,31076.0,6215.2
2019-03-21,2019,BMW 2 Series,North America,Mexico,Dealership,2,106752.0,53376.0
2019-03-22,2019,BMW M3,Europe,Spain,Wholesale,3,44567.0,14855.67
2019-03-23,2019,BMW 2 Series,Europe,France,Wholesale,5,54463.0,10892.6
2019-03-23,2019,BMW X2,Europe,Germany,Wholesale,2,107195.0,53597.5
2019-03-23,2019,BMW 6 Series,South America,Argentina,Wholesale,3,70289.0,23429.67
2019-03-23,2019,BMW 3 Series,North America,Mexico,Dealership,4,63299.0,15824.75
2019-03-24,2019,BMW X2,North America,Canada,Wholesale,2,80978.0,40489.0
2019-03-25,2019,BMW X4,Asia,India,Dealership,2,76779.0,38389.5
2019-03-25,2019,BMW i3,South America,Colombia,Wholesale,4,61852.0,15463.0
2019-03-26,2019,BMW X7,North America,Mexico,Wholesale,3,58333.0,19444.33
2019-03-26,2019,BMW iX,Asia,India,Dealership,1,41629.0,41629.0
2019-03-26,2019,BMW 6 Series,Europe,Germany,Wholesale,3,68648.0,22882.67
2019-03-26,2019,BMW 1 Series,Europe,Spain,Wholesale,1,102681.0,102681.0
2019-03-26,2019,BMW i4,Europe,Spain,Wholesale,2,62919.0,31459.5
2019-03-26,2019,BMW X1,South America,Chile,Wholesale,5,84289.0,16857.8
2019-03-27,2019,BMW i4,Asia,China,Wholesale,3,68875.0,22958.33
2019-03-27,2019,BMW M4,Africa,Egypt,Wholesale,3,106031.0,35343.67
2019-03-27,2019,BMW X5,Asia,South Korea,Wholesale,3,76809.0,25603.0
2019-03-27,2019,BMW M8,South America,Chile,Wholesale,3,119294.0,39764.67
2019-03-27,2019,BMW X3,Asia,Thailand,Wholesale,1,85441.0,85441.0
2019-03-28,2019,BMW 5 Series,Africa,Nigeria,Dealership,4,42069.0,10517.25
2019-03-28,2019,BMW i3,Asia,Japan,Dealership,2,93726.0,46863.0
2019-03-28,2019,BMW X3,Europe,Spain,Wholesale,5,114682.0,22936.4
2019-03-28,2019,BMW i8,Europe,United Kingdom,Dealership,4,49887.0,12471.75
2019-03-29,2019,BMW 8 Series,North America,United States,Wholesale,2,30605.0,15302.5
2019-03-29,2019,BMW X3,Asia,South Korea,Wholesale,1,107952.0,107952.0
2019-03-30,2019,BMW M2,South America,Peru,Wholesale,4,83649.0,20912.25
2019-03-30,2019,BMW M8,South America,Chile,Wholesale,4,84697.0,21174.25
2019-03-31,2019,BMW X2,Africa,Morocco,Dealership,4,114559.0,28639.75
2019-03-31,2019,BMW X6,Asia,Japan,Wholesale,4,73426.0,18356.5
2019-03-31,2019,BMW X2,Africa,Kenya,Wholesale,1,71682.0,71682.0
2019-04-01,2019,BMW X5,Asia,Japan,Dealership,3,73388.0,24462.67
2019-04-01,2019,BMW X7,Africa,Nigeria,Dealership,4,80142.0,20035.5
2019-04-01,2019,BMW i8,South America,Argentina,Wholesale,2,90049.0,45024.5
2019-04-02,2019,BMW M2,South America,Chile,Wholesale,3,100540.0,33513.33
2019-04-02,2019,BMW X1,Asia,Japan,Wholesale,1,90361.0,90361.0
2019-04-03,2019,BMW 1 Series,Europe,Spain,Dealership,5,64519.0,12903.8
2019-04-03,2019,BMW i8,Africa,Nigeria,Wholesale,1,118992.0,118992.0
2019-04-05,2019,BMW M5,South America,Chile,Wholesale,5,88353.0,17670.6
2019-04-05,2019,BMW i4,Asia,India,Wholesale,2,69648.0,34824.0
2019-04-05,2019,BMW 3 Series,South America,Colombia,Wholesale,5,33573.0,6714.6
2019-04-05,2019,BMW 4 Series,Africa,Nigeria,Wholesale,4,106859.0,26714.75
2019-04-05,2019,BMW i4,South America,Chile,Wholesale,3,91599.0,30533.0
2019-04-05,2019,BMW 8 Series,South America,Argentina,Wholesale,3,103965.0,34655.0
2019-04-06,2019,BMW 5 Series,South America,Peru,Wholesale,3,65377.0,21792.33
2019-04-06,2019,BMW 4 Series,Asia,China,Wholesale,4,110373.0,27593.25
2019-04-07,2019,BMW iX3,Europe,Spain,Wholesale,1,116923.0,116923.0
2019-04-07,2019,BMW M4,Asia,Japan,Wholesale,4,114728.0,28682.0
2019-04-07,2019,BMW 8 Series,Europe,Spain,Wholesale,4,72986.0,18246.5
2019-04-07,2019,BMW X4,Europe,Spain,Wholesale,3,53810.0,17936.67
2019-04-07,2019,BMW i8,Asia,China,Dealership,5,69768.0,13953.6
2019-04-08,2019,BMW i8,Africa,Morocco,Wholesale,5,112871.0,22574.2
2019-04-08,2019,BMW 6 Series,South America,Chile,Wholesale,1,91264.0,91264.0
2019-04-08,2019,BMW X3,Asia,Thailand,Wholesale,2,60100.0,30050.0
2019-04-09,2019,BMW X1,North America,United States,Wholesale,4,67269.0,16817.25
2019-04-09,2019,BMW 4 Series,Asia,Japan,Dealership,4,79781.0,19945.25
2019-04-09,2019,BMW X6,North America,United States,Wholesale,1,89113.0,89113.0
2019-04-09,2019,BMW 7 Series,South America,Argentina,Dealership,2,79190.0,39595.0
2019-04-09,2019,BMW M4,North America,United States,Wholesale,4,33646.0,8411.5
2019-04-10,2019,BMW X7,Africa,Morocco,Wholesale,1,84626.0,84626.0
2019-04-10,2019,BMW i3,North America,Canada,Dealership,5,88413.0,17682.6
2019-04-10,2019,BMW Z4,North America,Canada,Dealership,4,103750.0,25937.5
2019-04-12,2019,BMW 7 Series,Africa,Morocco,Wholesale,1,105043.0,105043.0
2019-04-12,2019,BMW iX,North America,Canada,Wholesale,5,48001.0,9600.2
2019-04-13,2019,BMW iX,Europe,Germany,Dealership,1,95039.0,95039.0
2019-04-13,2019,BMW 1 Series,Africa,Kenya,Dealership,1,38360.0,38360.0
2019-04-14,2019,BMW iX,Asia,India,Wholesale,2,57014.0,28507.0
2019-04-15,2019,BMW 5 Series,Africa,Kenya,Wholesale,1,115658.0,115658.0
2019-04-15,2019,BMW 6 Series,North America,Mexico,Wholesale,3,34909.0,11636.33
2019-04-15,2019,BMW 3 Series,Africa,Kenya,Wholesale,3,107090.0,35696.67
2019-04-16,2019,BMW Z4,Europe,Germany,Dealership,1,62007.0,62007.0
2019-04-16,2019,BMW X7,South America,Brazil,Wholesale,4,112141.0,28035.25
2019-04-17,2019,BMW X1,Africa,Morocco,Dealership,3,117691.0,39230.33
2019-04-17,2019,BMW 7 Series,Europe,Germany,Wholesale,5,112990.0,22598.0
2019-04-17,2019,BMW 4 Series,South America,Chile,Wholesale,5,78556.0,15711.2
2019-04-17,2019,BMW X5,Africa,Egypt,Wholesale,4,93177.0,23294.25
2019-04-17,2019,BMW X7,Africa,Morocco,Dealership,5,98495.0,19699.0
2019-04-18,2019,BMW 5 Series,Asia,Japan,Dealership,4,44559.0,11139.75
2019-04-19,2019,BMW X3,South America,Chile,Dealership,1,66963.0,66963.0
2019-04-19,2019,BMW i8,North America,Mexico,Dealership,5,101521.0,20304.2
2019-04-19,2019,BMW 8 Series,Africa,Kenya,Wholesale,5,110919.0,22183.8
2019-04-20,2019,BMW iX,North America,Mexico,Dealership,5,74974.0,14994.8
2019-04-20,2019,BMW M4,South America,Argentina,Dealership,5,110535.0,22107.0
2019-04-20,2019,BMW 6 Series,South America,Brazil,Wholesale,1,98201.0,98201.0
2019-04-20,2019,BMW X4,North America,Canada,Wholesale,5,42869.0,8573.8
2019-04-20,2019,BMW M2,Africa,Morocco,Dealership,1,106489.0,106489.0
2019-04-21,2019,BMW X1,Europe,United Kingdom,Dealership,5,57609.0,11521.8
2019-04-21,2019,BMW i4,Asia,India,Dealership,5,79117.0,15823.4
2019-04-22,2019,BMW X5,Africa,Egypt,Wholesale,2,93956.0,46978.0
2019-04-22,2019,BMW 6 Series,South America,Brazil,Dealership,1,32976.0,32976.0
2019-04-22,2019,BMW X1,Asia,India,Wholesale,3,53138.0,17712.67
2019-04-22,2019,BMW M8,Africa,Nigeria,Wholesale,4,47843.0,11960.75
2019-04-22,2019,BMW X5,South America,Argentina,Dealership,2,62559.0,31279.5
2019-04-22,2019,BMW M8,Asia,India,Dealership,5,108255.0,21651.0
2019-04-23,2019,BMW 8 Series,South America,Brazil,Wholesale,2,31887.0,15943.5
2019-04-23,2019,BMW M5,North America,United States,Wholesale,1,48220.0,48220.0
2019-04-23,2019,BMW M4,Asia,Thailand,Wholesale,2,81759.0,40879.5
2019-04-23,2019,BMW M5,South America,Argentina,Wholesale,3,59048.0,19682.67
2019-04-23,2019,BMW X3,Asia,Thailand,Dealership,5,106347.0,21269.4
2019-04-23,2019,BMW 1 Series,Europe,United Kingdom,Wholesale,3,64162.0,21387.33
2019-04-23,2019,BMW M4,South America,Brazil,Wholesale,5,104397.0,20879.4
2019-04-24,2019,BMW iX3,Europe,United Kingdom,Wholesale,4,86938.0,21734.5
2019-04-24,2019,BMW iX3,Africa,Morocco,Wholesale,1,93153.0,93153.0
2019-04-24,2019,BMW X5,Europe,France,Dealership,3,44852.0,14950.67
2019-04-25,2019,BMW M8,North America,United States,Wholesale,2,49351.0,24675.5
2019-04-25,2019,BMW M8,Asia,South Korea,Wholesale,5,104398.0,20879.6
2019-04-26,2019,BMW 5 Series,Africa,Morocco,Dealership,3,116506.0,38835.33
2019-04-26,2019,BMW M4,South America,Chile,Wholesale,2,82513.0,41256.5
2019-04-27,2019,BMW X4,South America,Argentina,Wholesale,1,74619.0,74619.0
2019-04-27,2019,BMW X5,North America,Canada,Wholesale,5,30207.0,6041.4
2019-04-27,2019,BMW X1,Europe,Spain,Wholesale,1,51400.0,51400.0
2019-04-27,2019,BMW Z4,North America,Canada,Wholesale,1,88822.0,88822.0
2019-04-27,2019,BMW 1 Series,Asia,Thailand,Dealership,1,70682.0,70682.0
2019-04-28,2019,BMW M8,South America,Brazil,Wholesale,4,62669.0,15667.25
2019-04-28,2019,BMW M8,South America,Peru,Wholesale,5,104873.0,20974.6
2019-04-28,2019,BMW 5 Series,North America,Canada,Wholesale,3,83168.0,27722.67
2019-04-29,2019,BMW M2,North America,United States,Dealership,2,80354.0,40177.0
2019-04-30,2019,BMW i3,North America,United States,Wholesale,1,82287.0,82287.0
2019-05-01,2019,BMW 1 Series,South America,Chile,Dealership,5,53536.0,10707.2
2019-05-01,2019,BMW M2,Europe,Germany,Dealership,2,105998.0,52999.0
2019-05-02,2019,BMW i3,Asia,Thailand,Wholesale,5,46938.0,9387.6
2019-05-02,2019,BMW iX,South America,Argentina,Wholesale,2,109944.0,54972.0
2019-05-03,2019,BMW X3,Europe,Germany,Wholesale,5,89379.0,17875.8
2019-05-03,2019,BMW iX,Asia,Thailand,Wholesale,5,40564.0,8112.8
2019-05-03,2019,BMW X7,North America,Mexico,Wholesale,5,117009.0,23401.8
2019-05-03,2019,BMW X5,Africa,Egypt,Wholesale,4,55724.0,13931.0
2019-05-04,2019,BMW 7 Series,Asia,China,Wholesale,1,35456.0,35456.0
2019-05-04,2019,BMW X1,Europe,United Kingdom,Wholesale,1,98517.0,98517.0
2019-05-05,2019,BMW M3,North America,Mexico,Wholesale,1,94685.0,94685.0
2019-05-05,2019,BMW X1,South America,Peru,Dealership,5,82018.0,16403.6
2019-05-05,2019,BMW X5,North America,Canada,Dealership,4,82214.0,20553.5
2019-05-06,2019,BMW M5,South America,Colombia,Wholesale,2,79954.0,39977.0
2019-05-08,2019,BMW iX,Africa,Egypt,Wholesale,3,91388.0,30462.67
2019-05-08,2019,BMW X3,Africa,Kenya,Dealership,5,72448.0,14489.6
2019-05-08,2019,BMW X4,Asia,Thailand,Wholesale,1,89423.0,89423.0
2019-05-09,2019,BMW X3,South America,Peru,Wholesale,4,100400.0,25100.0
2019-05-09,2019,BMW i3,Africa,Nigeria,Dealership,1,92740.0,92740.0
2019-05-09,2019,BMW 3 Series,Europe,Germany,Wholesale,1,40711.0,40711.0
2019-05-09,2019,BMW iX3,Asia,Thailand,Dealership,3,95036.0,31678.67
2019-05-09,2019,BMW 8 Series,South America,Chile,Wholesale,3,50563.0,16854.33
2019-05-09,2019,BMW 7 Series,Asia,Thailand,Wholesale,4,32846.0,8211.5
2019-05-10,2019,BMW i4,Africa,Morocco,Wholesale,1,62800.0,62800.0
2019-05-10,2019,BMW 7 Series,South America,Peru,Wholesale,2,75440.0,37720.0
2019-05-11,2019,BMW X7,Asia,Japan,Wholesale,1,38712.0,38712.0
2019-05-11,2019,BMW iX,South America,Brazil,Wholesale,1,106169.0,106169.0
2019-05-11,2019,BMW M5,Asia,Thailand,Wholesale,1,76546.0,76546.0
2019-05-11,2019,BMW 4 Series,North America,United States,Dealership,1,88527.0,88527.0
2019-05-11,2019,BMW iX,Europe,France,Wholesale,4,94547.0,23636.75
2019-05-12,2019,BMW M4,North America,Mexico,Wholesale,1,53321.0,53321.0
2019-05-12,2019,BMW 6 Series,Europe,France,Wholesale,2,103746.0,51873.0
2019-05-13,2019,BMW i3,Asia,South Korea,Wholesale,4,43806.0,10951.5
2019-05-13,2019,BMW i4,North America,United States,Wholesale,5,114683.0,22936.6
2019-05-13,2019,BMW i4,North America,Mexico,Wholesale,5,80117.0,16023.4
2019-05-13,2019,BMW 1 Series,Europe,United Kingdom,Wholesale,5,92415.0,18483.0
2019-05-14,2019,BMW i3,North America,Canada,Dealership,5,36732.0,7346.4
2019-05-15,2019,BMW X3,Africa,Nigeria,Wholesale,4,46972.0,11743.0
2019-05-16,2019,BMW M8,South America,Colombia,Dealership,1,93571.0,93571.0
2019-05-16,2019,BMW X5,Asia,South Korea,Dealership,5,78555.0,15711.0
2019-05-16,2019,BMW X5,South America,Chile,Dealership,1,109712.0,109712.0
2019-05-16,2019,BMW iX,Africa,Nigeria,Wholesale,5,68210.0,13642.0
2019-05-16,2019,BMW i8,Europe,United Kingdom,Wholesale,2,72124.0,36062.0
2019-05-16,2019,BMW X1,Europe,United Kingdom,Wholesale,1,46956.0,46956.0
2019-05-17,2019,BMW X2,South America,Chile,Wholesale,4,119686.0,29921.5
2019-05-17,2019,BMW M2,North America,Canada,Wholesale,2,30318.0,15159.0
2019-05-18,2019,BMW 3 Series,North America,Mexico,Dealership,2,107313.0,53656.5
2019-05-18,2019,BMW iX3,North America,United States,Wholesale,4,60172.0,15043.0
2019-05-18,2019,BMW 6 Series,South America,Argentina,Wholesale,2,96611.0,48305.5
2019-05-19,2019,BMW Z4,Africa,Egypt,Wholesale,1,111795.0,111795.0
2019-05-19,2019,BMW i3,Asia,South Korea,Dealership,3,80764.0,26921.33
2019-05-20,2019,BMW 5 Series,Asia,South Korea,Wholesale,3,47401.0,15800.33
2019-05-20,2019,BMW M5,South America,Peru,Wholesale,5,73034.0,14606.8
2019-05-21,2019,BMW 4 Series,South America,Brazil,Wholesale,5,116257.0,23251.4
2019-05-21,2019,BMW M5,Asia,Japan,Wholesale,1,58082.0,58082.0
2019-05-23,2019,BMW X2,Asia,Japan,Wholesale,5,31705.0,6341.0
2019-05-23,2019,BMW X1,Asia,Japan,Wholesale,1,48540.0,48540.0
2019-05-23,2019,BMW i8,Asia,South Korea,Wholesale,4,62021.0,15505.25
2019-05-24,2019,BMW i8,North America,United States,Wholesale,2,107492.0,53746.0
2019-05-25,2019,BMW i8,North America,Mexico,Dealership,1,63785.0,63785.0
2019-05-25,2019,BMW 1 Series,Africa,Nigeria,Wholesale,1,96153.0,96153.0
2019-05-26,2019,BMW X3,Europe,Italy,Dealership,4,58604.0,14651.0
2019-05-27,2019,BMW X1,Europe,United Kingdom,Dealership,5,75588.0,15117.6
2019-05-27,2019,BMW i3,Africa,Morocco,Wholesale,1,46838.0,46838.0
2019-05-27,2019,BMW i4,Europe,Italy,Dealership,2,46439.0,23219.5
2019-05-28,2019,BMW 7 Series,Africa,Kenya,Wholesale,3,45316.0,15105.33
2019-05-28,2019,BMW M4,Europe,Germany,Wholesale,5,107700.0,21540.0
2019-05-28,2019,BMW 7 Series,South America,Peru,Wholesale,2,116840.0,58420.0
2019-05-29,2019,BMW i4,South America,Argentina,Wholesale,2,68738.0,34369.0
2019-05-29,2019,BMW i3,Africa,Nigeria,Wholesale,4,68941.0,17235.25
2019-05-29,2019,BMW M2,South America,Argentina,Wholesale,5,90766.0,18153.2
2019-05-29,2019,BMW 1 Series,South America,Chile,Wholesale,2,47674.0,23837.0
2019-05-29,2019,BMW X6,Europe,Germany,Wholesale,1,36861.0,36861.0
2019-05-30,2019,BMW X5,Europe,Spain,Wholesale,5,92137.0,18427.4
2019-05-30,2019,BMW X4,South America,Chile,Wholesale,2,117057.0,58528.5
2019-05-30,2019,BMW 1 Series,North America,Mexico,Wholesale,1,53031.0,53031.0
2019-05-31,2019,BMW 8 Series,North America,Mexico,Wholesale,5,114576.0,22915.2
2019-05-31,2019,BMW X5,North America,Canada,Wholesale,3,117610.0,39203.33
2019-06-01,2019,BMW X3,Europe,France,Wholesale,5,92484.0,18496.8
2019-06-02,2019,BMW M5,Europe,United Kingdom,Wholesale,2,88151.0,44075.5
2019-06-02,2019,BMW 8 Series,Asia,South Korea,Wholesale,3,41117.0,13705.67
2019-06-02,2019,BMW X7,South America,Peru,Wholesale,4,48989.0,12247.25
2019-06-03,2019,BMW X4,Europe,Germany,Wholesale,2,98737.0,49368.5
2019-06-03,2019,BMW i8,Europe,Spain,Wholesale,2,102321.0,51160.5
2019-06-04,2019,BMW i8,South America,Colombia,Wholesale,4,58090.0,14522.5
2019-06-04,2019,BMW 4 Series,South America,Argentina,Wholesale,4,108671.0,27167.75
2019-06-05,2019,BMW M8,South America,Brazil,Wholesale,1,40000.0,40000.0
2019-06-05,2019,BMW M3,Europe,Germany,Dealership,4,31595.0,7898.75
2019-06-05,2019,BMW iX3,Asia,China,Dealership,4,102372.0,25593.0
2019-06-05,2019,BMW 6 Series,Asia,Thailand,Wholesale,4,35618.0,8904.5
2019-06-07,2019,BMW 5 Series,Africa,South Africa,Wholesale,1,103768.0,103768.0
2019-06-07,2019,BMW X3,Africa,Kenya,Dealership,4,102076.0,25519.0
2019-06-07,2019,BMW X6,South America,Colombia,Wholesale,3,77031.0,25677.0
2019-06-08,2019,BMW M2,South America,Colombia,Wholesale,3,118366.0,39455.33
2019-06-08,2019,BMW 2 Series,North America,Canada,Wholesale,4,38250.0,9562.5
2019-06-08,2019,BMW iX,South America,Peru,Dealership,1,75311.0,75311.0
2019-06-09,2019,BMW X5,Europe,Germany,Dealership,2,35289.0,17644.5
2019-06-09,2019,BMW X4,Asia,Thailand,Dealership,1,109351.0,109351.0
2019-06-09,2019,BMW iX3,Europe,United Kingdom,Wholesale,3,33667.0,11222.33
2019-06-10,2019,BMW iX3,Africa,Morocco,Wholesale,1,114116.0,114116.0
2019-06-10,2019,BMW X4,Asia,Thailand,Dealership,4,40300.0,10075.0
2019-06-10,2019,BMW 4 Series,Europe,Germany,Dealership,5,85485.0,17097.0
2019-06-10,2019,BMW 4 Series,North America,Mexico,Wholesale,4,83866.0,20966.5
2019-06-11,2019,BMW i4,South America,Brazil,Wholesale,2,62205.0,31102.5
2019-06-11,2019,BMW 3 Series,Africa,South Africa,Dealership,1,115312.0,115312.0
2019-06-11,2019,BMW 3 Series,North America,Mexico,Wholesale,3,67729.0,22576.33
2019-06-11,2019,BMW Z4,Africa,Nigeria,Wholesale,3,98237.0,32745.67
2019-06-11,2019,BMW Z4,South America,Peru,Wholesale,1,105593.0,105593.0
2019-06-11,2019,BMW M2,Asia,Japan,Wholesale,2,80700.0,40350.0
2019-06-11,2019,BMW M8,Asia,Japan,Wholesale,4,46877.0,11719.25
2019-06-12,2019,BMW X5,South America,Chile,Dealership,4,112299.0,28074.75
2019-06-13,2019,BMW X4,Africa,Nigeria,Wholesale,3,71709.0,23903.0
2019-06-14,2019,BMW 3 Series,North America,Mexico,Dealership,4,49046.0,12261.5
2019-06-14,2019,BMW 4 Series,Europe,Germany,Wholesale,4,33532.0,8383.0
2019-06-14,2019,BMW X4,North America,Mexico,Dealership,3,74776.0,24925.33
2019-06-15,2019,BMW 8 Series,South America,Brazil,Wholesale,2,77743.0,38871.5
2019-06-15,2019,BMW 1 Series,Europe,France,Wholesale,4,45646.0,11411.5
2019-06-16,2019,BMW M3,South America,Brazil,Wholesale,2,111298.0,55649.0
2019-06-17,2019,BMW M3,North America,United States,Wholesale,3,117236.0,39078.67
2019-06-17,2019,BMW X5,Africa,South Africa,Wholesale,2,76898.0,38449.0
2019-06-17,2019,BMW i3,Europe,Italy,Wholesale,1,33468.0,33468.0
2019-06-18,2019,BMW X1,Asia,Thailand,Wholesale,5,97035.0,19407.0
2019-06-18,2019,BMW 2 Series,Africa,Egypt,Dealership,4,71280.0,17820.0
2019-06-18,2019,BMW 7 Series,Asia,South Korea,Wholesale,1,38834.0,38834.0
2019-06-18,2019,BMW 1 Series,Asia,South Korea,Dealership,1,104627.0,104627.0
2019-06-19,2019,BMW iX3,Africa,Kenya,Dealership,4,57841.0,14460.25
2019-06-19,2019,BMW 2 Series,South America,Argentina,Wholesale,4,109396.0,27349.0
2019-06-20,2019,BMW 5 Series,North America,Canada,Dealership,5,71121.0,14224.2
2019-06-20,2019,BMW iX,Africa,Egypt,Dealership,2,53462.0,26731.0
2019-06-21,2019,BMW i4,Africa,Nigeria,Wholesale,4,69606.0,17401.5
2019-06-21,2019,BMW X3,Africa,Egypt,Dealership,1,98273.0,98273.0
2019-06-21,2019,BMW M4,Asia,India,Dealership,2,74055.0,37027.5
2019-06-21,2019,BMW 2 Series,Europe,United Kingdom,Dealership,1,42054.0,42054.0
2019-06-21,2019,BMW 6 Series,Europe,Spain,Wholesale,1,59865.0,59865.0
2019-06-21,2019,BMW M4,North America,Mexico,Dealership,4,53382.0,13345.5
2019-06-22,2019,BMW X3,Asia,China,Wholesale,5,43052.0,8610.4
2019-06-22,2019,BMW i3,Africa,Kenya,Wholesale,1,33816.0,33816.0
2019-06-23,2019,BMW 7 Series,North America,Canada,Wholesale,2,93815.0,46907.5
2019-06-24,2019,BMW 3 Series,Asia,Japan,Dealership,4,114482.0,28620.5
2019-06-24,2019,BMW M5,South America,Brazil,Wholesale,4,39530.0,9882.5
2019-06-25,2019,BMW M3,North America,Mexico,Wholesale,1,110641.0,110641.0
2019-06-25,2019,BMW iX,North America,Mexico,Wholesale,1,108731.0,108731.0
2019-06-26,2019,BMW X1,Africa,South Africa,Dealership,5,80109.0,16021.8
2019-06-26,2019,BMW 3 Series,South America,Colombia,Wholesale,1,73452.0,73452.0
2019-06-26,2019,BMW M2,North America,Canada,Wholesale,4,98230.0,24557.5
2019-06-26,2019,BMW 5 Series,South America,Argentina,Dealership,4,69128.0,17282.0
2019-06-26,2019,BMW M8,Africa,Morocco,Wholesale,3,43598.0,14532.67
2019-06-26,2019,BMW 3 Series,North America,Canada,Wholesale,3,115176.0,38392.0
2019-06-27,2019,BMW M3,Africa,South Africa,Wholesale,5,30372.0,6074.4
2019-06-27,2019,BMW Z4,South America,Argentina,Dealership,1,91604.0,91604.0
2019-06-27,2019,BMW 3 Series,Africa,Egypt,Wholesale,3,78266.0,26088.67
2019-06-28,2019,BMW X5,Africa,Morocco,Dealership,4,31642.0,7910.5
2019-06-28,2019,BMW iX,Africa,Nigeria,Wholesale,1,89347.0,89347.0
2019-06-28,2019,BMW 8 Series,North America,Canada,Wholesale,3,74688.0,24896.0
2019-06-28,2019,BMW M8,South America,Chile,Wholesale,5,57141.0,11428.2
2019-06-29,2019,BMW Z4,North America,Canada,Wholesale,4,64139.0,16034.75
2019-06-29,2019,BMW i8,Africa,Egypt,Dealership,3,88694.0,29564.67
2019-06-29,2019,BMW 8 Series,Europe,Spain,Wholesale,5,40002.0,8000.4
2019-06-30,2019,BMW 1 Series,Africa,Nigeria,Dealership,4,55030.0,13757.5
2019-06-30,2019,BMW iX,South America,Peru,Wholesale,3,90635.0,30211.67
2019-06-30,2019,BMW 6 Series,Africa,Kenya,Wholesale,3,47645.0,15881.67
2019-07-01,2019,BMW 6 Series,Africa,Egypt,Wholesale,3,76335.0,25445.0
2019-07-01,2019,BMW X2,Asia,India,Dealership,4,55180.0,13795.0
2019-07-02,2019,BMW M5,Asia,India,Wholesale,2,48226.0,24113.0
2019-07-03,2019,BMW Z4,Asia,South Korea,Dealership,5,82262.0,16452.4
2019-07-03,2019,BMW 7 Series,North America,Mexico,Dealership,3,41369.0,13789.67
2019-07-03,2019,BMW iX,Africa,Kenya,Dealership,4,82685.0,20671.25
2019-07-03,2019,BMW 2 Series,Africa,Nigeria,Wholesale,1,106848.0,106848.0
2019-07-04,2019,BMW 2 Series,Europe,United Kingdom,Wholesale,5,58194.0,11638.8
2019-07-04,2019,BMW 7 Series,Europe,Spain,Wholesale,1,57419.0,57419.0
2019-07-04,2019,BMW iX3,North America,Canada,Wholesale,1,114644.0,114644.0
2019-07-05,2019,BMW 3 Series,Asia,Japan,Wholesale,5,34049.0,6809.8
2019-07-05,2019,BMW 8 Series,Asia,South Korea,Dealership,4,110845.0,27711.25
2019-07-05,2019,BMW i3,North America,United States,Wholesale,4,114833.0,28708.25
2019-07-05,2019,BMW i8,South America,Peru,Dealership,2,99734.0,49867.0
2019-07-05,2019,BMW 8 Series,Europe,United Kingdom,Wholesale,4,81069.0,20267.25
2019-07-06,2019,BMW X7,Africa,Morocco,Wholesale,4,74867.0,18716.75
2019-07-06,2019,BMW X3,Asia,India,Dealership,5,85911.0,17182.2
2019-07-07,2019,BMW 1 Series,North America,Mexico,Wholesale,3,66326.0,22108.67
2019-07-08,2019,BMW X1,Asia,Japan,Dealership,5,35351.0,7070.2
2019-07-09,2019,BMW i3,Europe,Italy,Wholesale,4,60110.0,15027.5
2019-07-10,2019,BMW X7,Europe,Spain,Dealership,4,100342.0,25085.5
2019-07-10,2019,BMW 1 Series,North America,Mexico,Wholesale,2,110352.0,55176.0
2019-07-10,2019,BMW M4,South America,Peru,Wholesale,3,83626.0,27875.33
2019-07-10,2019,BMW M8,Africa,Morocco,Wholesale,3,102170.0,34056.67
2019-07-11,2019,BMW i4,Asia,Thailand,Wholesale,1,47830.0,47830.0
2019-07-11,2019,BMW X1,Europe,Spain,Wholesale,4,31316.0,7829.0
2019-07-11,2019,BMW 8 Series,North America,United States,Wholesale,1,36500.0,36500.0
2019-07-11,2019,BMW 8 Series,North America,Mexico,Wholesale,2,36557.0,18278.5
2019-07-11,2019,BMW X6,Europe,Italy,Wholesale,4,117943.0,29485.75
2019-07-12,2019,BMW 6 Series,Europe,Italy,Dealership,2,75640.0,37820.0
2019-07-12,2019,BMW X2,Europe,Italy,Wholesale,1,82693.0,82693.0
2019-07-13,2019,BMW i8,Africa,Nigeria,Wholesale,3,48610.0,16203.33
2019-07-13,2019,BMW M5,Africa,Kenya,Wholesale,5,47752.0,9550.4
2019-07-13,2019,BMW M3,Europe,Germany,Dealership,4,69994.0,17498.5
2019-07-14,2019,BMW 5 Series,North America,Mexico,Dealership,3,65097.0,21699.0
2019-07-15,2019,BMW 7 Series,South America,Brazil,Dealership,2,52972.0,26486.0
2019-07-15,2019,BMW Z4,Africa,Kenya,Wholesale,5,100775.0,20155.0
2019-07-16,2019,BMW i8,North America,United States,Dealership,3,103524.0,34508.0
2019-07-16,2019,BMW X6,South America,Colombia,Wholesale,3,57546.0,19182.0
2019-07-16,2019,BMW 3 Series,Asia,South Korea,Wholesale,4,41233.0,10308.25
2019-07-17,2019,BMW 6 Series,Europe,United Kingdom,Wholesale,1,37585.0,37585.0
2019-07-17,2019,BMW M5,Asia,India,Dealership,3,75221.0,25073.67
2019-07-18,2019,BMW 1 Series,South America,Colombia,Wholesale,2,38526.0,19263.0
2019-07-18,2019,BMW X2,Europe,Germany,Wholesale,3,86714.0,28904.67
2019-07-18,2019,BMW X6,North America,Canada,Wholesale,4,90240.0,22560.0
2019-07-20,2019,BMW 3 Series,Africa,Kenya,Wholesale,1,98951.0,98951.0
2019-07-21,2019,BMW M4,North America,United States,Dealership,2,94108.0,47054.0
2019-07-21,2019,BMW 5 Series,Asia,Japan,Dealership,2,53553.0,26776.5
2019-07-21,2019,BMW 3 Series,North America,United States,Wholesale,3,50001.0,16667.0
2019-07-21,2019,BMW M4,Asia,Thailand,Wholesale,2,112119.0,56059.5
2019-07-23,2019,BMW 6 Series,Europe,France,Wholesale,3,95322.0,31774.0
2019-07-23,2019,BMW X2,Asia,Japan,Wholesale,1,114688.0,114688.0
2019-07-23,2019,BMW 7 Series,North America,United States,Wholesale,5,108673.0,21734.6
2019-07-24,2019,BMW 5 Series,Europe,Spain,Dealership,4,63623.0,15905.75
2019-07-24,2019,BMW iX,South America,Argentina,Wholesale,2,48064.0,24032.0
2019-07-24,2019,BMW iX3,Europe,Germany,Dealership,1,81299.0,81299.0
2019-07-24,2019,BMW i8,Africa,Nigeria,Dealership,4,74767.0,18691.75
2019-07-25,2019,BMW i3,Europe,United Kingdom,Wholesale,4,52007.0,13001.75
2019-07-25,2019,BMW X7,South America,Brazil,Wholesale,4,58270.0,14567.5
2019-07-25,2019,BMW i4,Africa,Kenya,Wholesale,1,65848.0,65848.0
2019-07-26,2019,BMW 2 Series,South America,Chile,Dealership,2,51643.0,25821.5
2019-07-26,2019,BMW X7,North America,Canada,Wholesale,3,72580.0,24193.33
2019-07-26,2019,BMW X6,North America,United States,Wholesale,3,43065.0,14355.0
2019-07-26,2019,BMW M4,Africa,Morocco,Dealership,3,101980.0,33993.33
2019-07-26,2019,BMW 8 Series,Europe,Italy,Wholesale,3,99404.0,33134.67
2019-07-26,2019,BMW M4,North America,Mexico,Wholesale,1,32700.0,32700.0
2019-07-27,2019,BMW M8,Africa,Nigeria,Dealership,2,100889.0,50444.5
2019-07-27,2019,BMW i4,Europe,Spain,Wholesale,1,77062.0,77062.0
2019-07-28,2019,BMW 4 Series,South America,Argentina,Wholesale,4,52360.0,13090.0
2019-07-28,2019,BMW i4,Asia,Japan,Dealership,2,93008.0,46504.0
2019-07-28,2019,BMW M8,North America,Mexico,Dealership,5,112341.0,22468.2
2019-07-28,2019,BMW iX3,Asia,China,Wholesale,3,108137.0,36045.67
2019-07-29,2019,BMW X1,Europe,United Kingdom,Dealership,4,78384.0,19596.0
2019-07-29,2019,BMW Z4,South America,Colombia,Wholesale,3,105019.0,35006.33
2019-07-30,2019,BMW iX,South America,Chile,Wholesale,3,45921.0,15307.0
2019-07-30,2019,BMW 3 Series,Asia,China,Dealership,5,117542.0,23508.4
2019-07-30,2019,BMW X4,South America,Chile,Dealership,3,98197.0,32732.33
2019-07-31,2019,BMW i8,Africa,Egypt,Wholesale,3,44975.0,14991.67
2019-07-31,2019,BMW iX,North America,Canada,Dealership,4,39605.0,9901.25
2019-08-01,2019,BMW i4,Africa,Kenya,Wholesale,3,64819.0,21606.33
2019-08-01,2019,BMW 3 Series,Africa,Egypt,Wholesale,2,57987.0,28993.5
2019-08-01,2019,BMW X4,Europe,Spain,Wholesale,3,61139.0,20379.67
2019-08-02,2019,BMW X4,South America,Argentina,Wholesale,2,70067.0,35033.5
2019-08-02,2019,BMW X4,Europe,United Kingdom,Wholesale,4,92335.0,23083.75
2019-08-03,2019,BMW M8,Asia,India,Wholesale,4,83000.0,20750.0
2019-08-03,2019,BMW i8,South America,Chile,Wholesale,4,55734.0,13933.5
2019-08-03,2019,BMW X7,North America,Canada,Dealership,2,48206.0,24103.0
2019-08-04,2019,BMW X6,North America,Mexico,Wholesale,4,42134.0,10533.5
2019-08-04,2019,BMW 8 Series,Asia,India,Dealership,3,49207.0,16402.33
2019-08-04,2019,BMW 4 Series,South America,Colombia,Dealership,5,36971.0,7394.2
2019-08-04,2019,BMW i8,South America,Brazil,Dealership,5,81265.0,16253.0
2019-08-05,2019,BMW M4,South America,Peru,Wholesale,5,119610.0,23922.0
2019-08-05,2019,BMW 6 Series,Europe,France,Wholesale,1,94091.0,94091.0
2019-08-05,2019,BMW 8 Series,Africa,Kenya,Wholesale,3,79678.0,26559.33
2019-08-05,2019,BMW M4,Europe,Italy,Dealership,5,75680.0,15136.0
2019-08-05,2019,BMW X2,Africa,Kenya,Wholesale,4,51649.0,12912.25
2019-08-06,2019,BMW i4,Europe,Spain,Wholesale,2,97410.0,48705.0
2019-08-07,2019,BMW M8,Europe,Italy,Wholesale,3,30357.0,10119.0
2019-08-07,2019,BMW iX,Africa,South Africa,Wholesale,2,92678.0,46339.0
2019-08-07,2019,BMW M4,Africa,Nigeria,Dealership,5,44450.0,8890.0
2019-08-08,2019,BMW i8,Europe,United Kingdom,Wholesale,4,90690.0,22672.5
2019-08-08,2019,BMW 7 Series,Africa,Nigeria,Dealership,5,82930.0,16586.0
2019-08-08,2019,BMW iX,South America,Argentina,Dealership,4,117420.0,29355.0
2019-08-09,2019,BMW 1 Series,South America,Argentina,Dealership,2,73739.0,36869.5
2019-08-09,2019,BMW 2 Series,South America,Colombia,Dealership,3,48085.0,16028.33
2019-08-09,2019,BMW 3 Series,Africa,Egypt,Dealership,1,72789.0,72789.0
2019-08-10,2019,BMW M2,North America,United States,Wholesale,4,49144.0,12286.0
2019-08-10,2019,BMW 4 Series,South America,Chile,Dealership,1,89301.0,89301.0
2019-08-11,2019,BMW 5 Series,Africa,Kenya,Wholesale,1,102083.0,102083.0
2019-08-11,2019,BMW X4,North America,Mexico,Dealership,2,115923.0,57961.5
2019-08-11,2019,BMW 7 Series,South America,Colombia,Wholesale,4,38947.0,9736.75
2019-08-11,2019,BMW X3,Asia,South Korea,Dealership,3,48113.0,16037.67
2019-08-12,2019,BMW Z4,Africa,South Africa,Wholesale,3,77709.0,25903.0
2019-08-12,2019,BMW X5,South America,Colombia,Dealership,3,99859.0,33286.33
2019-08-13,2019,BMW M2,Europe,Spain,Wholesale,5,108871.0,21774.2
2019-08-14,2019,BMW iX,Africa,Nigeria,Wholesale,1,53071.0,53071.0
2019-08-14,2019,BMW M2,North America,Canada,Dealership,3,82633.0,27544.33
2019-08-14,2019,BMW iX3,Africa,Nigeria,Wholesale,3,57633.0,19211.0
2019-08-14,2019,BMW iX3,South America,Colombia,Wholesale,5,38301.0,7660.2
2019-08-14,2019,BMW M8,North America,Mexico,Dealership,4,101493.0,25373.25
2019-08-15,2019,BMW M3,North America,Canada,Wholesale,3,49329.0,16443.0
2019-08-15,2019,BMW 8 Series,Europe,Germany,Wholesale,4,39832.0,9958.0
2019-08-16,2019,BMW X1,Africa,Morocco,Dealership,2,96500.0,48250.0
2019-08-16,2019,BMW X7,Asia,India,Dealership,3,117663.0,39221.0
2019-08-17,2019,BMW M2,North America,United States,Dealership,1,104215.0,104215.0
2019-08-18,2019,BMW X7,North America,Canada,Wholesale,4,79800.0,19950.0
2019-08-18,2019,BMW 3 Series,Africa,Nigeria,Wholesale,4,46067.0,11516.75
2019-08-19,2019,BMW X6,North America,Canada,Wholesale,1,56328.0,56328.0
2019-08-19,2019,BMW i8,Asia,India,Dealership,4,91463.0,22865.75
2019-08-19,2019,BMW M8,Europe,Germany,Wholesale,3,62267.0,20755.67
2019-08-20,2019,BMW Z4,Europe,United Kingdom,Wholesale,4,54592.0,13648.0
2019-08-20,2019,BMW 3 Series,Europe,Germany,Dealership,3,79662.0,26554.0
2019-08-20,2019,BMW Z4,Europe,France,Dealership,4,40556.0,10139.0
2019-08-21,2019,BMW M2,Africa,Kenya,Dealership,3,90523.0,30174.33
2019-08-21,2019,BMW i4,South America,Chile,Wholesale,3,81929.0,27309.67
2019-08-21,2019,BMW 3 Series,Europe,Spain,Dealership,1,81134.0,81134.0
2019-08-22,2019,BMW 3 Series,Africa,Kenya,Wholesale,1,31420.0,31420.0
2019-08-22,2019,BMW X4,Africa,South Africa,Wholesale,5,76129.0,15225.8
2019-08-22,2019,BMW 2 Series,Africa,Morocco,Dealership,1,117081.0,117081.0
2019-08-22,2019,BMW i3,South America,Chile,Dealership,3,69266.0,23088.67
2019-08-22,2019,BMW 4 Series,South America,Chile,Wholesale,3,47341.0,15780.33
2019-08-23,2019,BMW i4,Africa,Morocco,Wholesale,4,58854.0,14713.5
2019-08-24,2019,BMW X2,South America,Argentina,Wholesale,4,35156.0,8789.0
2019-08-24,2019,BMW X1,Africa,Kenya,Wholesale,5,109952.0,21990.4
2019-08-25,2019,BMW 5 Series,North America,Canada,Dealership,3,93829.0,31276.33
2019-08-26,2019,BMW M4,Asia,Japan,Wholesale,5,35429.0,7085.8
2019-08-26,2019,BMW X7,Europe,France,Dealership,3,48837.0,16279.0
2019-08-26,2019,BMW M3,Asia,Japan,Wholesale,1,41503.0,41503.0
2019-08-26,2019,BMW 3 Series,South America,Brazil,Wholesale,4,70730.0,17682.5
2019-08-27,2019,BMW i4,Europe,Germany,Dealership,1,97983.0,97983.0
2019-08-27,2019,BMW Z4,Africa,Egypt,Dealership,2,118705.0,59352.5
2019-08-27,2019,BMW X3,Africa,Nigeria,Wholesale,1,115915.0,115915.0
2019-08-27,2019,BMW 3 Series,Europe,France,Wholesale,3,97719.0,32573.0
2019-08-27,2019,BMW M3,South America,Peru,Wholesale,2,33654.0,16827.0
2019-08-27,2019,BMW X2,North America,Canada,Wholesale,5,105768.0,21153.6
2019-08-28,2019,BMW M4,South America,Brazil,Wholesale,1,99105.0,99105.0
2019-08-29,2019,BMW i3,North America,Mexico,Wholesale,3,106812.0,35604.0
2019-08-29,2019,BMW X4,Asia,Japan,Dealership,1,118602.0,118602.0
2019-08-29,2019,BMW M3,South America,Peru,Wholesale,5,64563.0,12912.6
2019-08-30,2019,BMW M3,Europe,United Kingdom,Dealership,4,72732.0,18183.0
2019-08-30,2019,BMW M4,North America,United States,Dealership,4,56801.0,14200.25
2019-08-30,2019,BMW i8,South America,Argentina,Dealership,1,117008.0,117008.0
2019-08-30,2019,BMW X4,South America,Argentina,Dealership,1,52614.0,52614.0
2019-08-30,2019,BMW M8,Africa,South Africa,Wholesale,2,109423.0,54711.5
2019-08-31,2019,BMW i8,Europe,United Kingdom,Wholesale,5,104174.0,20834.8
2019-09-01,2019,BMW 4 Series,Europe,Italy,Wholesale,4,58572.0,14643.0
2019-09-01,2019,BMW M5,North America,Canada,Wholesale,1,82463.0,82463.0
2019-09-01,2019,BMW iX,North America,Canada,Wholesale,1,112054.0,112054.0
2019-09-01,2019,BMW 5 Series,Europe,United Kingdom,Wholesale,2,93545.0,46772.5
2019-09-02,2019,BMW 8 Series,Asia,Thailand,Dealership,2,48599.0,24299.5
2019-09-02,2019,BMW i8,South America,Chile,Wholesale,1,69889.0,69889.0
2019-09-02,2019,BMW 4 Series,North America,United States,Dealership,3,95729.0,31909.67
2019-09-02,2019,BMW X5,Africa,Morocco,Wholesale,4,32400.0,8100.0
2019-09-02,2019,BMW 2 Series,Europe,Spain,Wholesale,4,42209.0,10552.25
2019-09-03,2019,BMW M3,South America,Chile,Wholesale,4,42777.0,10694.25
2019-09-03,2019,BMW 5 Series,Europe,France,Dealership,2,60283.0,30141.5
2019-09-03,2019,BMW i3,South America,Peru,Wholesale,4,114985.0,28746.25
2019-09-03,2019,BMW X5,Africa,Egypt,Dealership,5,99810.0,19962.0
2019-09-04,2019,BMW iX3,South America,Colombia,Wholesale,1,67639.0,67639.0
2019-09-04,2019,BMW X3,Europe,Spain,Wholesale,3,86628.0,28876.0
2019-09-04,2019,BMW i3,Asia,China,Dealership,1,33534.0,33534.0
2019-09-04,2019,BMW M3,Europe,Spain,Wholesale,1,56207.0,56207.0
2019-09-05,2019,BMW X5,Asia,Thailand,Wholesale,3,54269.0,18089.67
2019-09-06,2019,BMW 1 Series,Europe,Italy,Wholesale,1,62402.0,62402.0
2019-09-06,2019,BMW M5,North America,United States,Wholesale,4,78917.0,19729.25
2019-09-06,2019,BMW 5 Series,North America,Canada,Dealership,4,52129.0,13032.25
2019-09-06,2019,BMW i3,North America,Canada,Dealership,5,108649.0,21729.8
2019-09-06,2019,BMW i3,Europe,Italy,Wholesale,4,98743.0,24685.75
2019-09-07,2019,BMW M3,South America,Brazil,Wholesale,2,42202.0,21101.0
2019-09-07,2019,BMW X1,Africa,Kenya,Wholesale,4,60237.0,15059.25
2019-09-07,2019,BMW Z4,Europe,Italy,Wholesale,3,110506.0,36835.33
2019-09-07,2019,BMW X6,North America,Mexico,Wholesale,5,71941.0,14388.2
2019-09-07,2019,BMW X6,Africa,South Africa,Wholesale,2,84261.0,42130.5
2019-09-07,2019,BMW 2 Series,Asia,Japan,Dealership,2,62818.0,31409.0
2019-09-08,2019,BMW Z4,Europe,Italy,Wholesale,1,46942.0,46942.0
2019-09-08,2019,BMW iX3,South America,Chile,Dealership,3,95738.0,31912.67
2019-09-08,2019,BMW M5,North America,United States,Dealership,4,105145.0,26286.25
2019-09-09,2019,BMW X5,North America,Canada,Dealership,4,103694.0,25923.5
2019-09-10,2019,BMW Z4,North America,Canada,Wholesale,4,71049.0,17762.25
2019-09-10,2019,BMW M8,North America,Mexico,Wholesale,2,112283.0,56141.5
2019-09-10,2019,BMW iX3,Africa,Kenya,Wholesale,1,115330.0,115330.0
2019-09-11,2019,BMW iX3,Europe,Spain,Dealership,4,76007.0,19001.75
2019-09-11,2019,BMW X1,South America,Peru,Wholesale,4,33527.0,8381.75
2019-09-11,2019,BMW i8,Asia,Thailand,Dealership,2,54271.0,27135.5
2019-09-11,2019,BMW M2,Asia,Japan,Dealership,3,112494.0,37498.0
2019-09-12,2019,BMW 1 Series,Europe,Spain,Dealership,3,99363.0,33121.0
2019-09-13,2019,BMW 6 Series,Europe,Germany,Dealership,2,102353.0,51176.5
2019-09-14,2019,BMW M3,Africa,Kenya,Wholesale,5,110729.0,22145.8
2019-09-14,2019,BMW X3,Africa,Nigeria,Dealership,4,73162.0,18290.5
2019-09-14,2019,BMW iX3,Europe,France,Wholesale,4,114784.0,28696.0
2019-09-14,2019,BMW X5,Asia,Thailand,Wholesale,5,112013.0,22402.6
2019-09-14,2019,BMW 3 Series,South America,Brazil,Dealership,2,76729.0,38364.5
2019-09-14,2019,BMW i3,South America,Chile,Dealership,5,65276.0,13055.2
2019-09-15,2019,BMW M4,Africa,Egypt,Wholesale,4,97635.0,24408.75
2019-09-15,2019,BMW 6 Series,Europe,France,Wholesale,3,96652.0,32217.33
2019-09-16,2019,BMW Z4,Asia,China,Wholesale,3,54833.0,18277.67
2019-09-16,2019,BMW i3,Africa,Kenya,Wholesale,1,48584.0,48584.0
2019-09-16,2019,BMW iX,South America,Argentina,Wholesale,5,97806.0,19561.2
2019-09-17,2019,BMW X3,Africa,Egypt,Wholesale,1,112306.0,112306.0
2019-09-17,2019,BMW 8 Series,North America,United States,Dealership,4,106687.0,26671.75
2019-09-17,2019,BMW X1,Europe,Spain,Wholesale,3,34054.0,11351.33
2019-09-17,2019,BMW M3,Europe,United Kingdom,Wholesale,1,53765.0,53765.0
2019-09-17,2019,BMW i4,Europe,France,Wholesale,3,47882.0,15960.67
2019-09-17,2019,BMW 7 Series,South America,Colombia,Wholesale,2,80321.0,40160.5
2019-09-18,2019,BMW Z4,South America,Colombia,Wholesale,1,50878.0,50878.0
2019-09-19,2019,BMW M4,Europe,Italy,Wholesale,3,107807.0,35935.67
2019-09-19,2019,BMW 3 Series,Asia,China,Dealership,4,30234.0,7558.5
2019-09-19,2019,BMW X6,Asia,China,Dealership,4,72559.0,18139.75
2019-09-20,2019,BMW 6 Series,South America,Peru,Dealership,1,33894.0,33894.0
2019-09-20,2019,BMW X6,Asia,Thailand,Dealership,1,80469.0,80469.0
2019-09-21,2019,BMW Z4,South America,Chile,Dealership,3,62162.0,20720.67
2019-09-21,2019,BMW M8,South America,Argentina,Wholesale,4,93556.0,23389.0
2019-09-21,2019,BMW 1 Series,Asia,China,Dealership,5,97581.0,19516.2
2019-09-22,2019,BMW X2,Asia,South Korea,Wholesale,1,78068.0,78068.0
2019-09-22,2019,BMW M4,North America,United States,Dealership,5,72634.0,14526.8
2019-09-22,2019,BMW X6,South America,Argentina,Wholesale,5,117458.0,23491.6
2019-09-23,2019,BMW 4 Series,North America,Mexico,Dealership,4,80262.0,20065.5
2019-09-24,2019,BMW 2 Series,Asia,Thailand,Wholesale,5,84551.0,16910.2
2019-09-24,2019,BMW X6,Europe,Germany,Wholesale,3,97902.0,32634.0
2019-09-25,2019,BMW M5,Europe,Germany,Wholesale,1,94442.0,94442.0
2019-09-25,2019,BMW 3 Series,Europe,United Kingdom,Wholesale,3,56261.0,18753.67
2019-09-26,2019,BMW X4,South America,Colombia,Wholesale,4,93000.0,23250.0
2019-09-26,2019,BMW Z4,North America,United States,Dealership,2,78629.0,39314.5
2019-09-26,2019,BMW X5,Africa,Nigeria,Wholesale,4,74560.0,18640.0
2019-09-26,2019,BMW Z4,South America,Colombia,Dealership,2,81696.0,40848.0
2019-09-27,2019,BMW M3,Africa,Nigeria,Wholesale,1,72425.0,72425.0
2019-09-27,2019,BMW 8 Series,North America,United States,Wholesale,3,67962.0,22654.0
2019-09-28,2019,BMW iX3,Europe,France,Dealership,1,96065.0,96065.0
2019-09-28,2019,BMW X3,Africa,Nigeria,Wholesale,4,87655.0,21913.75
2019-09-29,2019,BMW X3,Europe,United Kingdom,Wholesale,2,45685.0,22842.5
2019-09-30,2019,BMW i8,Asia,Thailand,Dealership,2,51294.0,25647.0
2019-09-30,2019,BMW X4,North America,Canada,Wholesale,4,79810.0,19952.5
2019-09-30,2019,BMW 1 Series,North America,Mexico,Wholesale,4,35723.0,8930.75
2019-09-30,2019,BMW 5 Series,Africa,Egypt,Dealership,1,59784.0,59784.0
2019-10-01,2019,BMW 8 Series,Europe,Germany,Wholesale,5,106427.0,21285.4
2019-10-01,2019,BMW Z4,Europe,Spain,Dealership,2,93477.0,46738.5
2019-10-02,2019,BMW Z4,Asia,Japan,Wholesale,3,54104.0,18034.67
2019-10-02,2019,BMW i4,Asia,India,Dealership,5,105694.0,21138.8
2019-10-02,2019,BMW 8 Series,North America,United States,Wholesale,4,66294.0,16573.5
2019-10-02,2019,BMW X2,Africa,Kenya,Wholesale,1,92612.0,92612.0
2019-10-03,2019,BMW 3 Series,Africa,South Africa,Dealership,4,67964.0,16991.0
2019-10-03,2019,BMW M2,North America,United States,Wholesale,5,113391.0,22678.2
2019-10-03,2019,BMW 7 Series,Asia,India,Wholesale,3,41565.0,13855.0
2019-10-04,2019,BMW 1 Series,South America,Brazil,Wholesale,3,44481.0,14827.0
2019-10-04,2019,BMW iX,North America,Mexico,Wholesale,1,104843.0,104843.0
2019-10-05,2019,BMW X4,North America,Mexico,Wholesale,4,85604.0,21401.0
2019-10-05,2019,BMW 8 Series,Asia,South Korea,Wholesale,2,42657.0,21328.5
2019-10-05,2019,BMW iX3,Asia,Japan,Wholesale,5,68493.0,13698.6
2019-10-05,2019,BMW M4,Africa,Nigeria,Dealership,3,79013.0,26337.67
2019-10-06,2019,BMW M2,North America,Canada,Wholesale,2,63993.0,31996.5
2019-10-06,2019,BMW i3,South America,Brazil,Wholesale,3,101091.0,33697.0
2019-10-06,2019,BMW iX3,North America,Mexico,Dealership,4,98398.0,24599.5
2019-10-06,2019,BMW M8,Africa,Nigeria,Wholesale,4,114172.0,28543.0
2019-10-09,2019,BMW X1,Africa,South Africa,Wholesale,4,57384.0,14346.0
2019-10-09,2019,BMW 8 Series,North America,Mexico,Wholesale,1,49885.0,49885.0
2019-10-10,2019,BMW M4,Europe,France,Dealership,5,39934.0,7986.8
2019-10-10,2019,BMW 7 Series,North America,United States,Dealership,4,48405.0,12101.25
2019-10-10,2019,BMW 4 Series,South America,Colombia,Dealership,4,81205.0,20301.25
2019-10-10,2019,BMW X1,Asia,Japan,Dealership,5,103533.0,20706.6
2019-10-10,2019,BMW iX,Africa,Egypt,Wholesale,2,40555.0,20277.5
2019-10-10,2019,BMW X1,Asia,South Korea,Wholesale,4,111666.0,27916.5
2019-10-10,2019,BMW X7,South America,Colombia,Wholesale,4,71644.0,17911.0
2019-10-10,2019,BMW 3 Series,Asia,China,Wholesale,5,100124.0,20024.8
2019-10-11,2019,BMW 8 Series,Asia,India,Wholesale,5,119761.0,23952.2
2019-10-12,2019,BMW 1 Series,Africa,South Africa,Wholesale,5,53229.0,10645.8
2019-10-12,2019,BMW M5,Europe,Spain,Dealership,3,77350.0,25783.33
2019-10-12,2019,BMW X5,Africa,Morocco,Dealership,2,106043.0,53021.5
2019-10-12,2019,BMW 4 Series,Africa,South Africa,Wholesale,3,36508.0,12169.33
2019-10-13,2019,BMW M5,Africa,Nigeria,Wholesale,3,89538.0,29846.0
2019-10-13,2019,BMW iX,Africa,Kenya,Dealership,5,46102.0,9220.4
2019-10-14,2019,BMW 6 Series,Asia,China,Wholesale,1,71573.0,71573.0
2019-10-14,2019,BMW 8 Series,North America,United States,Dealership,1,107400.0,107400.0
2019-10-15,2019,BMW X4,Africa,Nigeria,Wholesale,3,117526.0,39175.33
2019-10-15,2019,BMW Z4,Africa,Egypt,Wholesale,5,73461.0,14692.2
2019-10-15,2019,BMW X2,Asia,Japan,Dealership,2,59400.0,29700.0
2019-10-15,2019,BMW M4,Europe,Spain,Wholesale,2,41049.0,20524.5
2019-10-15,2019,BMW M3,Asia,South Korea,Wholesale,4,34866.0,8716.5
2019-10-16,2019,BMW i4,South America,Argentina,Wholesale,5,86200.0,17240.0
2019-10-17,2019,BMW X5,North America,Mexico,Wholesale,3,35334.0,11778.0
2019-10-17,2019,BMW iX3,North America,Mexico,Dealership,2,57492.0,28746.0
2019-10-17,2019,BMW Z4,Europe,Spain,Dealership,1,31924.0,31924.0
2019-10-17,2019,BMW M8,Africa,South Africa,Dealership,2,94079.0,47039.5
2019-10-17,2019,BMW iX3,North America,Canada,Dealership,5,75474.0,15094.8
2019-10-18,2019,BMW 3 Series,Asia,Thailand,Dealership,5,65187.0,13037.4
2019-10-19,2019,BMW iX,Africa,Kenya,Wholesale,4,98275.0,24568.75
2019-10-19,2019,BMW iX3,Africa,South Africa,Wholesale,1,108996.0,108996.0
2019-10-19,2019,BMW M2,Asia,India,Dealership,5,65744.0,13148.8
2019-10-19,2019,BMW X4,North America,United States,Dealership,1,56859.0,56859.0
2019-10-20,2019,BMW M2,North America,United States,Wholesale,1,100783.0,100783.0
2019-10-20,2019,BMW X1,North America,Canada,Wholesale,2,106084.0,53042.0
2019-10-20,2019,BMW 6 Series,Europe,United Kingdom,Wholesale,5,41218.0,8243.6
2019-10-20,2019,BMW i3,Asia,South Korea,Wholesale,1,102370.0,102370.0
2019-10-21,2019,BMW 6 Series,South America,Colombia,Wholesale,4,31265.0,7816.25
2019-10-21,2019,BMW 8 Series,Asia,Japan,Wholesale,5,46150.0,9230.0
2019-10-21,2019,BMW M4,Asia,South Korea,Wholesale,5,73334.0,14666.8
2019-10-21,2019,BMW 3 Series,Africa,South Africa,Dealership,2,83550.0,41775.0
2019-10-21,2019,BMW 7 Series,Europe,Germany,Dealership,3,106280.0,35426.67
2019-10-22,2019,BMW 6 Series,South America,Argentina,Dealership,3,79040.0,26346.67
2019-10-22,2019,BMW iX3,North America,Canada,Wholesale,4,56885.0,14221.25
2019-10-23,2019,BMW i4,North America,Canada,Wholesale,2,116364.0,58182.0
2019-10-24,2019,BMW M3,North America,Canada,Wholesale,4,85421.0,21355.25
2019-10-24,2019,BMW 7 Series,Europe,United Kingdom,Wholesale,2,41356.0,20678.0
2019-10-25,2019,BMW M3,South America,Colombia,Wholesale,1,90405.0,90405.0
2019-10-25,2019,BMW X7,Africa,Egypt,Dealership,4,56866.0,14216.5
2019-10-26,2019,BMW iX3,Asia,China,Dealership,2,42128.0,21064.0
2019-10-26,2019,BMW 5 Series,Europe,Italy,Dealership,2,41862.0,20931.0
2019-10-27,2019,BMW X7,Europe,France,Dealership,1,102940.0,102940.0
2019-10-27,2019,BMW X1,Europe,France,Wholesale,1,45428.0,45428.0
2019-10-28,2019,BMW X2,Europe,United Kingdom,Wholesale,3,66516.0,22172.0
2019-10-28,2019,BMW 2 Series,South America,Argentina,Wholesale,1,93436.0,93436.0
2019-10-28,2019,BMW M3,Africa,Nigeria,Wholesale,4,32353.0,8088.25
2019-10-29,2019,BMW iX3,South America,Chile,Wholesale,2,59968.0,29984.0
2019-10-29,2019,BMW 5 Series,Africa,Kenya,Wholesale,1,100270.0,100270.0
2019-10-29,2019,BMW 4 Series,Africa,South Africa,Dealership,1,49734.0,49734.0
2019-10-30,2019,BMW 8 Series,North America,Mexico,Wholesale,2,64486.0,32243.0
2019-10-30,2019,BMW 1 Series,Asia,South Korea,Wholesale,1,79987.0,79987.0
2019-10-31,2019,BMW X1,North America,Canada,Wholesale,3,112176.0,37392.0
2019-10-31,2019,BMW iX3,Europe,Germany,Wholesale,2,102868.0,51434.0
2019-10-31,2019,BMW M4,Asia,Japan,Wholesale,4,97505.0,24376.25
2019-10-31,2019,BMW i8,Africa,Nigeria,Wholesale,4,45133.0,11283.25
2019-11-01,2019,BMW X4,South America,Colombia,Dealership,1,51882.0,51882.0
2019-11-01,2019,BMW X5,North America,United States,Wholesale,1,118301.0,118301.0
2019-11-01,2019,BMW iX3,Europe,Italy,Dealership,3,62696.0,20898.67
2019-11-01,2019,BMW 6 Series,Africa,South Africa,Wholesale,1,112537.0,112537.0
2019-11-02,2019,BMW 3 Series,Europe,France,Wholesale,5,96506.0,19301.2
2019-11-02,2019,BMW M2,North America,Canada,Wholesale,5,41774.0,8354.8
2019-11-03,2019,BMW 6 Series,North America,Mexico,Dealership,4,45120.0,11280.0
2019-11-03,2019,BMW 1 Series,South America,Argentina,Wholesale,1,118855.0,118855.0
2019-11-03,2019,BMW X4,Africa,Egypt,Wholesale,1,77976.0,77976.0
2019-11-03,2019,BMW 7 Series,North America,United States,Wholesale,5,44242.0,8848.4
2019-11-04,2019,BMW M5,Asia,Japan,Dealership,5,108780.0,21756.0
2019-11-04,2019,BMW 7 Series,Europe,Spain,Wholesale,3,108588.0,36196.0
2019-11-04,2019,BMW M4,Europe,France,Dealership,5,91354.0,18270.8
2019-11-04,2019,BMW i8,Asia,South Korea,Wholesale,4,92248.0,23062.0
2019-11-04,2019,BMW iX3,South America,Peru,Wholesale,5,96137.0,19227.4
2019-11-04,2019,BMW i8,Africa,Kenya,Wholesale,3,77052.0,25684.0
2019-11-04,2019,BMW X3,Asia,South Korea,Dealership,5,87194.0,17438.8
2019-11-04,2019,BMW X6,North America,United States,Dealership,4,68458.0,17114.5
2019-11-04,2019,BMW M3,North America,United States,Dealership,4,50264.0,12566.0
2019-11-05,2019,BMW X4,Asia,India,Wholesale,1,43369.0,43369.0
2019-11-05,2019,BMW 3 Series,Africa,Morocco,Dealership,2,115558.0,57779.0
2019-11-06,2019,BMW X2,Europe,Spain,Wholesale,3,93497.0,31165.67
2019-11-07,2019,BMW M4,North America,Mexico,Dealership,4,84649.0,21162.25
2019-11-07,2019,BMW 4 Series,Africa,Egypt,Dealership,5,41569.0,8313.8
2019-11-09,2019,BMW M5,North America,Canada,Dealership,4,70584.0,17646.0
2019-11-09,2019,BMW M3,Asia,Thailand,Dealership,2,86889.0,43444.5
2019-11-11,2019,BMW X3,Asia,South Korea,Wholesale,3,33668.0,11222.67
2019-11-11,2019,BMW 3 Series,Asia,Japan,Dealership,1,52159.0,52159.0
2019-11-11,2019,BMW X4,Europe,France,Wholesale,3,82919.0,27639.67
2019-11-12,2019,BMW M5,Africa,South Africa,Wholesale,4,94353.0,23588.25
2019-11-12,2019,BMW X2,North America,United States,Dealership,4,53937.0,13484.25
2019-11-13,2019,BMW 6 Series,North America,United States,Wholesale,4,42094.0,10523.5
2019-11-13,2019,BMW 1 Series,Africa,Egypt,Wholesale,1,42850.0,42850.0
2019-11-13,2019,BMW i4,Europe,Spain,Wholesale,1,39514.0,39514.0
2019-11-14,2019,BMW i4,Africa,South Africa,Wholesale,5,50311.0,10062.2
2019-11-14,2019,BMW 5 Series,Africa,Morocco,Dealership,5,59136.0,11827.2
2019-11-14,2019,BMW M3,South America,Colombia,Dealership,1,115263.0,115263.0
2019-11-14,2019,BMW 5 Series,Asia,India,Dealership,5,90734.0,18146.8
2019-11-15,2019,BMW Z4,Europe,Italy,Wholesale,1,48565.0,48565.0
2019-11-15,2019,BMW 4 Series,South America,Argentina,Dealership,3,106493.0,35497.67
2019-11-15,2019,BMW 2 Series,North America,Mexico,Dealership,3,88900.0,29633.33
2019-11-16,2019,BMW X4,Africa,Nigeria,Wholesale,1,55223.0,55223.0
2019-11-16,2019,BMW 2 Series,Africa,Egypt,Dealership,3,57786.0,19262.0
2019-11-17,2019,BMW i4,Africa,Morocco,Dealership,1,55390.0,55390.0
2019-11-17,2019,BMW Z4,Europe,United Kingdom,Wholesale,5,60083.0,12016.6
2019-11-20,2019,BMW 6 Series,Africa,Morocco,Wholesale,5,103673.0,20734.6
2019-11-20,2019,BMW X4,North America,Canada,Wholesale,5,108890.0,21778.0
2019-11-20,2019,BMW X5,Asia,South Korea,Dealership,2,90464.0,45232.0
2019-11-20,2019,BMW iX3,Africa,South Africa,Wholesale,1,43805.0,43805.0
2019-11-21,2019,BMW 3 Series,Africa,Nigeria,Wholesale,2,53612.0,26806.0
2019-11-21,2019,BMW 8 Series,South America,Brazil,Wholesale,2,74088.0,37044.0
2019-11-21,2019,BMW M5,South America,Peru,Dealership,3,119471.0,39823.67
2019-11-21,2019,BMW 1 Series,Africa,Nigeria,Wholesale,3,49749.0,16583.0
2019-11-22,2019,BMW 4 Series,Africa,Nigeria,Dealership,3,113184.0,37728.0
2019-11-23,2019,BMW iX,North America,Canada,Dealership,1,95516.0,95516.0
2019-11-24,2019,BMW X5,Africa,Egypt,Wholesale,3,109922.0,36640.67
2019-11-25,2019,BMW 2 Series,South America,Argentina,Dealership,3,48128.0,16042.67
2019-11-25,2019,BMW M4,Africa,South Africa,Wholesale,2,102337.0,51168.5
2019-11-25,2019,BMW X7,Europe,United Kingdom,Wholesale,2,93649.0,46824.5
2019-11-25,2019,BMW X7,Asia,India,Dealership,5,73232.0,14646.4
2019-11-26,2019,BMW i3,Europe,Spain,Wholesale,2,73432.0,36716.0
2019-11-26,2019,BMW M5,Asia,South Korea,Wholesale,3,104667.0,34889.0
2019-11-26,2019,BMW i3,South America,Chile,Wholesale,5,61280.0,12256.0
2019-11-26,2019,BMW M3,Africa,Kenya,Dealership,3,36406.0,12135.33
2019-11-26,2019,BMW X5,Asia,China,Wholesale,1,117942.0,117942.0
2019-11-27,2019,BMW i4,South America,Colombia,Wholesale,1,109837.0,109837.0
2019-11-27,2019,BMW 6 Series,North America,Canada,Dealership,4,65690.0,16422.5
2019-11-27,2019,BMW X6,North America,United States,Dealership,5,118373.0,23674.6
2019-11-27,2019,BMW M3,Asia,South Korea,Dealership,2,31083.0,15541.5
2019-11-27,2019,BMW 2 Series,North America,United States,Wholesale,1,46640.0,46640.0
2019-11-28,2019,BMW i8,Africa,Egypt,Wholesale,1,58788.0,58788.0
2019-11-28,2019,BMW M2,Africa,Nigeria,Wholesale,1,48409.0,48409.0
2019-11-28,2019,BMW 4 Series,Africa,Morocco,Dealership,1,99903.0,99903.0
2019-11-28,2019,BMW X4,Europe,Germany,Wholesale,2,46099.0,23049.5
2019-11-29,2019,BMW 5 Series,Asia,China,Wholesale,5,112351.0,22470.2
2019-11-29,2019,BMW 1 Series,North America,United States,Dealership,2,44959.0,22479.5
2019-11-29,2019,BMW 8 Series,Asia,Thailand,Wholesale,5,56968.0,11393.6
2019-11-29,2019,BMW 4 Series,Asia,Japan,Wholesale,1,117738.0,117738.0
2019-11-30,2019,BMW 3 Series,Europe,Germany,Wholesale,5,102031.0,20406.2
2019-11-30,2019,BMW Z4,Asia,Thailand,Wholesale,4,56082.0,14020.5
2019-11-30,2019,BMW X4,Africa,Nigeria,Wholesale,3,56328.0,18776.0
2019-12-01,2019,BMW X5,Asia,India,Dealership,5,115151.0,23030.2
2019-12-01,2019,BMW 5 Series,South America,Peru,Wholesale,1,81315.0,81315.0
2019-12-01,2019,BMW X4,North America,United States,Wholesale,2,38958.0,19479.0
2019-12-02,2019,BMW Z4,South America,Colombia,Dealership,4,69215.0,17303.75
2019-12-05,2019,BMW X5,North America,Mexico,Wholesale,5,79289.0,15857.8
2019-12-05,2019,BMW 8 Series,South America,Peru,Wholesale,3,102968.0,34322.67
2019-12-06,2019,BMW iX3,Asia,India,Wholesale,1,88084.0,88084.0
2019-12-06,2019,BMW iX,Asia,Thailand,Dealership,3,32407.0,10802.33
2019-12-06,2019,BMW X6,Africa,Nigeria,Wholesale,5,100030.0,20006.0
2019-12-07,2019,BMW X5,Africa,Nigeria,Wholesale,3,50193.0,16731.0
2019-12-08,2019,BMW 2 Series,Europe,France,Wholesale,2,102852.0,51426.0
2019-12-08,2019,BMW 4 Series,South America,Peru,Wholesale,4,57027.0,14256.75
2019-12-09,2019,BMW 6 Series,Africa,Nigeria,Dealership,2,112865.0,56432.5
2019-12-10,2019,BMW 3 Series,Africa,Nigeria,Wholesale,4,112684.0,28171.0
2019-12-10,2019,BMW M5,Europe,Italy,Wholesale,2,33894.0,16947.0
2019-12-10,2019,BMW 4 Series,Asia,Thailand,Dealership,4,33413.0,8353.25
2019-12-10,2019,BMW i8,Africa,Egypt,Wholesale,1,74391.0,74391.0
2019-12-12,2019,BMW 4 Series,South America,Argentina,Dealership,4,60982.0,15245.5
2019-12-13,2019,BMW 8 Series,Europe,United Kingdom,Wholesale,2,81560.0,40780.0
2019-12-13,2019,BMW i4,Asia,India,Wholesale,3,72397.0,24132.33
2019-12-14,2019,BMW M3,Europe,Italy,Wholesale,3,98676.0,32892.0
2019-12-14,2019,BMW X2,North America,United States,Wholesale,4,43054.0,10763.5
2019-12-14,2019,BMW i3,Europe,Germany,Wholesale,4,104385.0,26096.25
2019-12-14,2019,BMW i3,Africa,Egypt,Wholesale,5,102485.0,20497.0
2019-12-15,2019,BMW 6 Series,Africa,Nigeria,Wholesale,1,97852.0,97852.0
2019-12-15,2019,BMW 1 Series,Africa,Kenya,Dealership,2,92420.0,46210.0
2019-12-16,2019,BMW 1 Series,Asia,Thailand,Dealership,1,67206.0,67206.0
2019-12-16,2019,BMW 8 Series,Asia,Thailand,Wholesale,4,81224.0,20306.0
2019-12-16,2019,BMW X2,South America,Chile,Dealership,4,56188.0,14047.0
2019-12-17,2019,BMW X5,Africa,Kenya,Wholesale,4,84232.0,21058.0
2019-12-17,2019,BMW X6,South America,Brazil,Wholesale,2,113737.0,56868.5
2019-12-17,2019,BMW iX,Europe,United Kingdom,Wholesale,1,113162.0,113162.0
2019-12-18,2019,BMW Z4,North America,United States,Wholesale,4,82971.0,20742.75
2019-12-18,2019,BMW iX,South America,Colombia,Dealership,1,70875.0,70875.0
2019-12-19,2019,BMW M4,Asia,Thailand,Wholesale,5,96945.0,19389.0
2019-12-19,2019,BMW 1 Series,South America,Argentina,Wholesale,3,78864.0,26288.0
2019-12-19,2019,BMW 8 Series,Africa,South Africa,Wholesale,4,35951.0,8987.75
2019-12-20,2019,BMW 7 Series,Africa,Nigeria,Dealership,2,65794.0,32897.0
2019-12-21,2019,BMW iX,Europe,Italy,Dealership,2,58401.0,29200.5
2019-12-21,2019,BMW M8,South America,Argentina,Dealership,1,31898.0,31898.0
2019-12-21,2019,BMW X5,North America,Canada,Wholesale,1,34206.0,34206.0
2019-12-21,2019,BMW i8,North America,United States,Wholesale,5,57664.0,11532.8
2019-12-22,2019,BMW iX,Asia,India,Wholesale,5,57774.0,11554.8
2019-12-22,2019,BMW M8,Europe,Italy,Wholesale,2,88486.0,44243.0
2019-12-23,2019,BMW 4 Series,Europe,Germany,Wholesale,4,111331.0,27832.75
2019-12-23,2019,BMW iX,North America,United States,Wholesale,5,114766.0,22953.2
2019-12-23,2019,BMW i4,South America,Peru,Wholesale,3,107391.0,35797.0
2019-12-24,2019,BMW M3,North America,Canada,Dealership,3,63583.0,21194.33
2019-12-24,2019,BMW i8,South America,Brazil,Dealership,2,64546.0,32273.0
2019-12-25,2019,BMW M2,Africa,Kenya,Dealership,3,107354.0,35784.67
2019-12-26,2019,BMW M3,South America,Chile,Dealership,2,74390.0,37195.0
2019-12-26,2019,BMW M5,South America,Colombia,Dealership,4,69164.0,17291.0
2019-12-26,2019,BMW i3,Africa,South Africa,Dealership,4,41344.0,10336.0
2019-12-26,2019,BMW 8 Series,Europe,Germany,Dealership,2,102796.0,51398.0
2019-12-27,2019,BMW X6,Europe,Spain,Dealership,4,39946.0,9986.5
2019-12-27,2019,BMW 2 Series,North America,United States,Dealership,3,36609.0,12203.0
2019-12-27,2019,BMW M5,Africa,Morocco,Dealership,4,110214.0,27553.5
2019-12-27,2019,BMW 4 Series,Europe,Germany,Wholesale,3,56012.0,18670.67
2019-12-28,2019,BMW M3,Asia,South Korea,Wholesale,3,39185.0,13061.67
2019-12-29,2019,BMW X1,South America,Colombia,Wholesale,1,96453.0,96453.0
2019-12-29,2019,BMW 2 Series,Asia,South Korea,Wholesale,4,83214.0,20803.5
2019-12-29,2019,BMW X4,Africa,Egypt,Wholesale,4,54698.0,13674.5
2019-12-30,2019,BMW X4,South America,Chile,Wholesale,2,80209.0,40104.5
2019-12-30,2019,BMW M4,Europe,Germany,Wholesale,2,54870.0,27435.0
2019-12-31,2019,BMW 2 Series,Africa,Nigeria,Wholesale,5,37826.0,7565.2
2020-01-01,2020,BMW X3,North America,Mexico,Wholesale,1,114825.0,114825.0
2020-01-01,2020,BMW M2,Asia,India,Dealership,3,59408.0,19802.67
2020-01-01,2020,BMW 7 Series,South America,Brazil,Wholesale,3,105596.0,35198.67
2020-01-02,2020,BMW 6 Series,Europe,Germany,Dealership,4,53333.0,13333.25
2020-01-02,2020,BMW X5,Africa,Nigeria,Wholesale,5,60589.0,12117.8
2020-01-02,2020,BMW 8 Series,South America,Colombia,Dealership,3,87888.0,29296.0
2020-01-02,2020,BMW 4 Series,South America,Chile,Wholesale,5,45316.0,9063.2
2020-01-03,2020,BMW Z4,Africa,Egypt,Dealership,1,60173.0,60173.0
2020-01-03,2020,BMW X6,Europe,Italy,Dealership,3,117770.0,39256.67
2020-01-03,2020,BMW X6,South America,Colombia,Wholesale,4,69687.0,17421.75
2020-01-03,2020,BMW 5 Series,Asia,South Korea,Wholesale,4,113576.0,28394.0
2020-01-03,2020,BMW M2,Europe,Spain,Wholesale,3,86912.0,28970.67
2020-01-04,2020,BMW i8,Europe,Italy,Dealership,4,42326.0,10581.5
2020-01-04,2020,BMW X7,North America,Canada,Wholesale,2,65930.0,32965.0
2020-01-04,2020,BMW 4 Series,South America,Argentina,Wholesale,1,41932.0,41932.0
2020-01-04,2020,BMW M2,North America,United States,Wholesale,3,64626.0,21542.0
2020-01-05,2020,BMW M3,North America,Canada,Dealership,1,42857.0,42857.0
2020-01-06,2020,BMW 3 Series,Europe,Italy,Wholesale,4,94963.0,23740.75
2020-01-06,2020,BMW X1,South America,Chile,Dealership,4,77408.0,19352.0
2020-01-06,2020,BMW 2 Series,North America,United States,Dealership,2,48204.0,24102.0
2020-01-07,2020,BMW X4,Europe,France,Dealership,1,82657.0,82657.0
2020-01-07,2020,BMW 1 Series,North America,Mexico,Wholesale,3,88568.0,29522.67
2020-01-07,2020,BMW i3,Europe,France,Wholesale,4,32904.0,8226.0
2020-01-07,2020,BMW 5 Series,North America,United States,Wholesale,2,119059.0,59529.5
2020-01-08,2020,BMW i8,Europe,United Kingdom,Dealership,3,53570.0,17856.67
2020-01-08,2020,BMW X7,Europe,Germany,Wholesale,1,76745.0,76745.0
2020-01-08,2020,BMW X2,South America,Brazil,Wholesale,4,80344.0,20086.0
2020-01-09,2020,BMW X7,North America,Canada,Wholesale,3,34814.0,11604.67
2020-01-10,2020,BMW M3,Africa,Kenya,Dealership,4,101504.0,25376.0
2020-01-10,2020,BMW 2 Series,South America,Chile,Wholesale,5,91262.0,18252.4
2020-01-10,2020,BMW iX,North America,United States,Wholesale,5,88103.0,17620.6
2020-01-11,2020,BMW 8 Series,North America,Mexico,Dealership,3,56710.0,18903.33
2020-01-11,2020,BMW 7 Series,Africa,South Africa,Wholesale,1,114258.0,114258.0
2020-01-11,2020,BMW i3,North America,Mexico,Wholesale,1,88420.0,88420.0
2020-01-11,2020,BMW X2,South America,Colombia,Wholesale,1,93073.0,93073.0
2020-01-12,2020,BMW 8 Series,Africa,Nigeria,Dealership,4,42651.0,10662.75
2020-01-13,2020,BMW X1,Europe,Spain,Wholesale,5,96064.0,19212.8
2020-01-13,2020,BMW X6,North America,Mexico,Dealership,4,68057.0,17014.25
2020-01-13,2020,BMW M3,Africa,Egypt,Wholesale,2,77278.0,38639.0
2020-01-14,2020,BMW M4,Africa,Morocco,Dealership,3,81747.0,27249.0
2020-01-14,2020,BMW M3,Europe,United Kingdom,Wholesale,1,89976.0,89976.0
2020-01-14,2020,BMW 1 Series,Asia,South Korea,Dealership,2,88396.0,44198.0
2020-01-14,2020,BMW X6,South America,Chile,Wholesale,2,54520.0,27260.0
2020-01-15,2020,BMW 3 Series,Africa,Morocco,Wholesale,3,114270.0,38090.0
2020-01-15,2020,BMW iX,Europe,Spain,Dealership,5,31785.0,6357.0
2020-01-16,2020,BMW M2,Asia,Japan,Wholesale,5,35217.0,7043.4
2020-01-16,2020,BMW i3,Africa,Egypt,Wholesale,2,42663.0,21331.5
2020-01-17,2020,BMW iX3,Asia,South Korea,Wholesale,2,118560.0,59280.0
2020-01-17,2020,BMW i8,Europe,France,Dealership,2,79939.0,39969.5
2020-01-17,2020,BMW i3,South America,Peru,Dealership,2,49689.0,24844.5
2020-01-17,2020,BMW X3,Asia,Japan,Dealership,5,90510.0,18102.0
2020-01-18,2020,BMW i8,South America,Brazil,Wholesale,4,100942.0,25235.5
2020-01-18,2020,BMW iX3,Asia,India,Wholesale,5,71119.0,14223.8
2020-01-19,2020,BMW M4,North America,Mexico,Dealership,5,46722.0,9344.4
2020-01-20,2020,BMW Z4,South America,Brazil,Wholesale,2,57572.0,28786.0
2020-01-22,2020,BMW M4,North America,Canada,Dealership,1,115977.0,115977.0
2020-01-22,2020,BMW 2 Series,Asia,India,Wholesale,4,99907.0,24976.75
2020-01-22,2020,BMW i4,North America,Mexico,Wholesale,1,36709.0,36709.0
2020-01-22,2020,BMW 3 Series,South America,Argentina,Wholesale,2,72523.0,36261.5
2020-01-22,2020,BMW M2,Europe,United Kingdom,Dealership,5,68662.0,13732.4
2020-01-23,2020,BMW M3,Asia,South Korea,Wholesale,1,34236.0,34236.0
2020-01-23,2020,BMW iX,Africa,Egypt,Wholesale,1,73093.0,73093.0
2020-01-23,2020,BMW i3,Europe,Spain,Wholesale,3,38048.0,12682.67
2020-01-24,2020,BMW 5 Series,North America,Canada,Wholesale,5,118060.0,23612.0
2020-01-24,2020,BMW 5 Series,South America,Argentina,Dealership,2,87300.0,43650.0
2020-01-24,2020,BMW M8,Africa,South Africa,Dealership,1,40605.0,40605.0
2020-01-25,2020,BMW X4,Africa,South Africa,Wholesale,2,88398.0,44199.0
2020-01-25,2020,BMW i8,Africa,Nigeria,Wholesale,4,107432.0,26858.0
2020-01-26,2020,BMW 7 Series,South America,Chile,Wholesale,3,53471.0,17823.67
2020-01-26,2020,BMW 8 Series,Asia,South Korea,Wholesale,5,118706.0,23741.2
2020-01-26,2020,BMW X7,South America,Argentina,Dealership,5,94994.0,18998.8
2020-01-27,2020,BMW X4,North America,Canada,Dealership,2,31783.0,15891.5
2020-01-27,2020,BMW M2,North America,Canada,Wholesale,3,114383.0,38127.67
2020-01-27,2020,BMW X3,South America,Brazil,Wholesale,5,119230.0,23846.0
2020-01-27,2020,BMW M2,Asia,South Korea,Wholesale,1,93565.0,93565.0
2020-01-27,2020,BMW iX,Europe,Italy,Wholesale,5,71284.0,14256.8
2020-01-27,2020,BMW i4,North America,United States,Wholesale,1,93475.0,93475.0
2020-01-28,2020,BMW M2,Asia,Thailand,Dealership,2,62784.0,31392.0
2020-01-28,2020,BMW 7 Series,South America,Brazil,Dealership,4,100270.0,25067.5
2020-01-28,2020,BMW X1,Africa,Nigeria,Wholesale,5,77182.0,15436.4
2020-01-28,2020,BMW 6 Series,Africa,Morocco,Wholesale,1,43594.0,43594.0
2020-01-29,2020,BMW 3 Series,Africa,Kenya,Wholesale,4,66087.0,16521.75
2020-01-29,2020,BMW iX3,Europe,United Kingdom,Wholesale,1,68588.0,68588.0
2020-01-29,2020,BMW 5 Series,North America,Canada,Wholesale,2,52791.0,26395.5
2020-01-29,2020,BMW M4,Asia,South Korea,Wholesale,3,116615.0,38871.67
2020-01-30,2020,BMW 4 Series,South America,Peru,Dealership,5,70327.0,14065.4
2020-01-30,2020,BMW 4 Series,Asia,Thailand,Wholesale,1,38933.0,38933.0
2020-01-30,2020,BMW iX3,Africa,Egypt,Wholesale,5,84576.0,16915.2
2020-01-31,2020,BMW X4,Europe,Spain,Wholesale,3,103654.0,34551.33
2020-01-31,2020,BMW X1,South America,Brazil,Dealership,4,66843.0,16710.75
2020-02-01,2020,BMW X2,Africa,Morocco,Wholesale,1,79060.0,79060.0
2020-02-01,2020,BMW 6 Series,South America,Colombia,Dealership,5,104915.0,20983.0
2020-02-01,2020,BMW Z4,Africa,Morocco,Dealership,2,47673.0,23836.5
2020-02-02,2020,BMW X2,Asia,Japan,Wholesale,4,113481.0,28370.25
2020-02-02,2020,BMW M8,South America,Argentina,Dealership,4,41573.0,10393.25
2020-02-02,2020,BMW M8,Europe,Spain,Dealership,3,32822.0,10940.67
2020-02-03,2020,BMW X4,North America,Canada,Wholesale,2,66479.0,33239.5
2020-02-03,2020,BMW i4,North America,Canada,Dealership,4,31573.0,7893.25
2020-02-03,2020,BMW iX3,Africa,South Africa,Wholesale,2,37590.0,18795.0
2020-02-03,2020,BMW 5 Series,South America,Chile,Wholesale,5,35589.0,7117.8
2020-02-03,2020,BMW M3,South America,Peru,Dealership,1,88241.0,88241.0
2020-02-03,2020,BMW 6 Series,North America,Canada,Dealership,3,49309.0,16436.33
2020-02-03,2020,BMW 8 Series,Asia,India,Wholesale,2,65377.0,32688.5
2020-02-03,2020,BMW 5 Series,Africa,Kenya,Dealership,2,36886.0,18443.0
2020-02-03,2020,BMW 7 Series,Africa,Nigeria,Wholesale,2,106579.0,53289.5
2020-02-04,2020,BMW X3,Africa,Morocco,Dealership,4,42756.0,10689.0
2020-02-04,2020,BMW 4 Series,Africa,Nigeria,Dealership,5,114256.0,22851.2
2020-02-04,2020,BMW X6,North America,United States,Wholesale,2,46565.0,23282.5
2020-02-05,2020,BMW X5,Africa,Morocco,Wholesale,4,34223.0,8555.75
2020-02-05,2020,BMW 2 Series,Africa,Nigeria,Dealership,1,42105.0,42105.0
2020-02-05,2020,BMW i8,Asia,Japan,Wholesale,5,99152.0,19830.4
2020-02-06,2020,BMW M3,Asia,India,Dealership,3,91323.0,30441.0
2020-02-06,2020,BMW X7,Africa,Egypt,Wholesale,4,105927.0,26481.75
2020-02-06,2020,BMW i8,North America,United States,Wholesale,3,118421.0,39473.67
2020-02-07,2020,BMW X7,South America,Argentina,Dealership,3,117108.0,39036.0
2020-02-07,2020,BMW 3 Series,North America,United States,Wholesale,4,39926.0,9981.5
2020-02-07,2020,BMW 8 Series,South America,Colombia,Wholesale,3,84840.0,28280.0
2020-02-08,2020,BMW X2,South America,Colombia,Wholesale,3,102604.0,34201.33
2020-02-08,2020,BMW X6,Africa,Nigeria,Dealership,3,50523.0,16841.0
2020-02-08,2020,BMW X3,Asia,Thailand,Wholesale,1,80064.0,80064.0
2020-02-08,2020,BMW X5,Asia,South Korea,Wholesale,5,69280.0,13856.0
2020-02-08,2020,BMW M8,Asia,South Korea,Dealership,2,64055.0,32027.5
2020-02-09,2020,BMW X1,Africa,Egypt,Dealership,4,58386.0,14596.5
2020-02-09,2020,BMW 1 Series,Asia,China,Dealership,5,118436.0,23687.2
2020-02-09,2020,BMW 2 Series,Europe,United Kingdom,Wholesale,2,56250.0,28125.0
2020-02-09,2020,BMW 3 Series,Europe,France,Wholesale,3,35605.0,11868.33
2020-02-09,2020,BMW X1,Asia,Thailand,Wholesale,5,115991.0,23198.2
2020-02-10,2020,BMW M3,Asia,India,Wholesale,2,98858.0,49429.0
2020-02-11,2020,BMW M8,South America,Brazil,Wholesale,4,79683.0,19920.75
2020-02-12,2020,BMW 7 Series,Europe,Italy,Dealership,3,108807.0,36269.0
2020-02-12,2020,BMW M4,North America,United States,Wholesale,4,76072.0,19018.0
2020-02-14,2020,BMW M5,Europe,United Kingdom,Wholesale,4,119096.0,29774.0
2020-02-14,2020,BMW 4 Series,Europe,Spain,Wholesale,3,38577.0,12859.0
2020-02-15,2020,BMW M8,Europe,Germany,Wholesale,5,105630.0,21126.0
2020-02-15,2020,BMW 8 Series,Africa,Egypt,Dealership,5,38048.0,7609.6
2020-02-16,2020,BMW X1,North America,United States,Dealership,4,33877.0,8469.25
2020-02-16,2020,BMW 7 Series,South America,Chile,Wholesale,2,32587.0,16293.5
2020-02-16,2020,BMW i8,Asia,South Korea,Wholesale,4,100220.0,25055.0
2020-02-16,2020,BMW 3 Series,North America,Mexico,Dealership,4,93872.0,23468.0
2020-02-16,2020,BMW M8,South America,Brazil,Wholesale,4,112246.0,28061.5
2020-02-16,2020,BMW M3,Europe,United Kingdom,Dealership,1,46211.0,46211.0
2020-02-18,2020,BMW X5,North America,United States,Dealership,2,51162.0,25581.0
2020-02-19,2020,BMW X7,Africa,South Africa,Wholesale,3,66636.0,22212.0
2020-02-19,2020,BMW M5,North America,Canada,Dealership,5,80157.0,16031.4
2020-02-19,2020,BMW X7,Asia,South Korea,Dealership,3,94990.0,31663.33
2020-02-20,2020,BMW Z4,North America,Mexico,Wholesale,2,91895.0,45947.5
2020-02-20,2020,BMW Z4,South America,Peru,Dealership,1,30327.0,30327.0
2020-02-20,2020,BMW X4,South America,Brazil,Wholesale,2,47673.0,23836.5
2020-02-22,2020,BMW 8 Series,North America,Canada,Wholesale,1,45212.0,45212.0
2020-02-23,2020,BMW X3,Asia,Thailand,Dealership,4,78484.0,19621.0
2020-02-23,2020,BMW 8 Series,Africa,Egypt,Wholesale,2,96556.0,48278.0
2020-02-23,2020,BMW i8,Asia,Thailand,Wholesale,5,81318.0,16263.6
2020-02-24,2020,BMW Z4,North America,United States,Wholesale,1,36294.0,36294.0
2020-02-24,2020,BMW Z4,Europe,Germany,Wholesale,1,94823.0,94823.0
2020-02-24,2020,BMW 2 Series,Europe,United Kingdom,Wholesale,3,106015.0,35338.33
2020-02-24,2020,BMW Z4,Africa,South Africa,Dealership,1,82022.0,82022.0
2020-02-24,2020,BMW X2,North America,United States,Wholesale,3,36575.0,12191.67
2020-02-25,2020,BMW 6 Series,Europe,Italy,Wholesale,1,115380.0,115380.0
2020-02-25,2020,BMW 1 Series,North America,Mexico,Wholesale,3,33005.0,11001.67
2020-02-26,2020,BMW M5,Asia,Japan,Dealership,1,80622.0,80622.0
2020-02-27,2020,BMW M3,North America,Mexico,Wholesale,5,49564.0,9912.8
2020-02-27,2020,BMW i4,North America,United States,Wholesale,4,106086.0,26521.5
2020-02-27,2020,BMW M4,Europe,France,Dealership,2,67210.0,33605.0
2020-02-27,2020,BMW X5,Asia,Thailand,Wholesale,4,102649.0,25662.25
2020-02-27,2020,BMW 2 Series,Asia,China,Dealership,5,34655.0,6931.0
2020-02-27,2020,BMW iX3,Europe,United Kingdom,Dealership,3,33372.0,11124.0
2020-02-27,2020,BMW X2,North America,United States,Wholesale,4,81179.0,20294.75
2020-02-27,2020,BMW X3,Africa,Egypt,Dealership,2,67976.0,33988.0
2020-02-28,2020,BMW i8,North America,United States,Wholesale,2,65120.0,32560.0
2020-02-28,2020,BMW Z4,Africa,Egypt,Wholesale,2,66241.0,33120.5
2020-02-28,2020,BMW X2,Asia,Thailand,Dealership,3,69840.0,23280.0
2020-03-01,2020,BMW Z4,North America,Mexico,Dealership,4,64426.0,16106.5
2020-03-01,2020,BMW 6 Series,South America,Colombia,Wholesale,5,109066.0,21813.2
2020-03-01,2020,BMW X7,South America,Peru,Wholesale,4,71994.0,17998.5
2020-03-01,2020,BMW Z4,Africa,Nigeria,Wholesale,2,99890.0,49945.0
2020-03-01,2020,BMW X3,South America,Colombia,Wholesale,4,58964.0,14741.0
2020-03-01,2020,BMW X6,Europe,Germany,Wholesale,1,104089.0,104089.0
2020-03-02,2020,BMW M8,North America,United States,Wholesale,2,48447.0,24223.5
2020-03-02,2020,BMW 1 Series,North America,Mexico,Wholesale,5,81332.0,16266.4
2020-03-02,2020,BMW X3,Africa,Nigeria,Wholesale,3,63622.0,21207.33
2020-03-02,2020,BMW X5,South America,Colombia,Wholesale,5,71104.0,14220.8
2020-03-03,2020,BMW M5,South America,Peru,Dealership,4,109048.0,27262.0
2020-03-03,2020,BMW X1,North America,Mexico,Wholesale,2,85387.0,42693.5
2020-03-03,2020,BMW M3,Asia,Thailand,Dealership,5,55939.0,11187.8
2020-03-04,2020,BMW iX3,Asia,Japan,Dealership,3,51788.0,17262.67
2020-03-05,2020,BMW M3,Europe,France,Wholesale,1,108488.0,108488.0
2020-03-06,2020,BMW 6 Series,Europe,France,Wholesale,1,47206.0,47206.0
2020-03-06,2020,BMW iX,Africa,Morocco,Wholesale,3,118022.0,39340.67
2020-03-07,2020,BMW i3,Africa,South Africa,Wholesale,4,65391.0,16347.75
2020-03-07,2020,BMW 2 Series,North America,United States,Wholesale,1,76123.0,76123.0
2020-03-07,2020,BMW M8,Europe,United Kingdom,Wholesale,3,56654.0,18884.67
2020-03-09,2020,BMW iX3,Africa,Egypt,Wholesale,3,103292.0,34430.67
2020-03-09,2020,BMW 7 Series,Asia,China,Dealership,1,119086.0,119086.0
2020-03-09,2020,BMW 8 Series,North America,Mexico,Wholesale,4,54486.0,13621.5
2020-03-09,2020,BMW 5 Series,Asia,India,Wholesale,3,82545.0,27515.0
2020-03-10,2020,BMW M4,South America,Colombia,Dealership,3,81516.0,27172.0
2020-03-10,2020,BMW 2 Series,Asia,Japan,Wholesale,4,89424.0,22356.0
2020-03-12,2020,BMW 8 Series,Asia,China,Dealership,2,34015.0,17007.5
2020-03-13,2020,BMW X7,Africa,Egypt,Dealership,2,65502.0,32751.0
2020-03-13,2020,BMW X4,Asia,Japan,Wholesale,4,64758.0,16189.5
2020-03-13,2020,BMW 6 Series,South America,Brazil,Dealership,1,48059.0,48059.0
2020-03-14,2020,BMW X7,Africa,Nigeria,Wholesale,4,108755.0,27188.75
2020-03-14,2020,BMW 8 Series,Asia,China,Wholesale,5,90217.0,18043.4
2020-03-15,2020,BMW i8,South America,Brazil,Dealership,5,39212.0,7842.4
2020-03-15,2020,BMW 6 Series,Africa,Morocco,Dealership,4,66380.0,16595.0
2020-03-15,2020,BMW X1,Europe,Italy,Wholesale,5,119439.0,23887.8
2020-03-16,2020,BMW 3 Series,South America,Colombia,Dealership,3,86035.0,28678.33
2020-03-16,2020,BMW M2,North America,Mexico,Wholesale,3,54204.0,18068.0
2020-03-16,2020,BMW M5,Europe,United Kingdom,Wholesale,2,45770.0,22885.0
2020-03-16,2020,BMW 2 Series,Africa,Kenya,Dealership,4,110221.0,27555.25
2020-03-17,2020,BMW M2,Europe,Spain,Wholesale,1,106610.0,106610.0
2020-03-18,2020,BMW X4,North America,United States,Wholesale,1,43543.0,43543.0
2020-03-18,2020,BMW 1 Series,South America,Colombia,Wholesale,5,78754.0,15750.8
2020-03-18,2020,BMW M2,South America,Colombia,Dealership,5,72536.0,14507.2
2020-03-19,2020,BMW M3,North America,Mexico,Dealership,3,89502.0,29834.0
2020-03-19,2020,BMW M4,Asia,South Korea,Dealership,1,39415.0,39415.0
2020-03-19,2020,BMW M2,North America,Canada,Wholesale,4,78436.0,19609.0
2020-03-19,2020,BMW X1,Europe,France,Wholesale,2,57563.0,28781.5
2020-03-19,2020,BMW iX,Asia,Thailand,Wholesale,5,51663.0,10332.6
2020-03-21,2020,BMW iX3,Asia,South Korea,Wholesale,5,57011.0,11402.2
2020-03-21,2020,BMW M4,Asia,South Korea,Wholesale,3,100486.0,33495.33
2020-03-21,2020,BMW iX,North America,Canada,Dealership,1,118421.0,118421.0
2020-03-21,2020,BMW M3,Europe,Italy,Wholesale,3,97933.0,32644.33
2020-03-21,2020,BMW 6 Series,Africa,Egypt,Wholesale,5,64024.0,12804.8
2020-03-21,2020,BMW X3,Africa,Kenya,Wholesale,3,89850.0,29950.0
2020-03-22,2020,BMW i3,Europe,United Kingdom,Dealership,3,88956.0,29652.0
2020-03-22,2020,BMW M3,Europe,Italy,Wholesale,5,67133.0,13426.6
2020-03-22,2020,BMW X2,North America,United States,Dealership,2,51310.0,25655.0
2020-03-22,2020,BMW M2,North America,Canada,Wholesale,4,55230.0,13807.5
2020-03-23,2020,BMW 4 Series,South America,Brazil,Wholesale,1,48043.0,48043.0
2020-03-23,2020,BMW 1 Series,Africa,Morocco,Dealership,5,81009.0,16201.8
2020-03-24,2020,BMW 6 Series,Africa,Nigeria,Wholesale,5,79630.0,15926.0
2020-03-25,2020,BMW 2 Series,Europe,Spain,Wholesale,2,70615.0,35307.5
2020-03-25,2020,BMW i8,Europe,Spain,Wholesale,1,43319.0,43319.0
2020-03-25,2020,BMW X7,North America,Mexico,Wholesale,5,36393.0,7278.6
2020-03-25,2020,BMW 5 Series,Asia,Japan,Wholesale,2,107381.0,53690.5
2020-03-25,2020,BMW i8,South America,Argentina,Wholesale,4,66131.0,16532.75
2020-03-25,2020,BMW i3,Asia,Japan,Wholesale,3,69384.0,23128.0
2020-03-26,2020,BMW X6,Africa,Morocco,Wholesale,4,53268.0,13317.0
2020-03-26,2020,BMW iX,North America,Canada,Wholesale,4,39642.0,9910.5
2020-03-27,2020,BMW i3,Africa,Kenya,Dealership,4,40796.0,10199.0
2020-03-27,2020,BMW M2,North America,Canada,Dealership,4,33658.0,8414.5
2020-03-28,2020,BMW 3 Series,Asia,South Korea,Wholesale,3,82289.0,27429.67
2020-03-28,2020,BMW X1,Europe,Spain,Wholesale,1,53060.0,53060.0
2020-03-28,2020,BMW iX,Europe,Italy,Wholesale,1,91800.0,91800.0
2020-03-28,2020,BMW 2 Series,Africa,Egypt,Dealership,2,52622.0,26311.0
2020-03-28,2020,BMW 6 Series,Asia,Thailand,Wholesale,2,43589.0,21794.5
2020-03-29,2020,BMW X4,Asia,Thailand,Wholesale,5,73255.0,14651.0
2020-03-30,2020,BMW X3,North America,United States,Wholesale,3,88024.0,29341.33
2020-03-30,2020,BMW M3,North America,Canada,Dealership,4,44833.0,11208.25
2020-03-30,2020,BMW 5 Series,North America,Mexico,Wholesale,4,87541.0,21885.25
2020-03-30,2020,BMW X7,South America,Colombia,Wholesale,4,94105.0,23526.25
2020-03-30,2020,BMW X3,Africa,Morocco,Dealership,3,51910.0,17303.33
2020-03-31,2020,BMW X7,Asia,India,Wholesale,5,109066.0,21813.2
2020-03-31,2020,BMW M2,Africa,South Africa,Wholesale,2,111664.0,55832.0
2020-04-01,2020,BMW 5 Series,Europe,Germany,Wholesale,5,38900.0,7780.0
2020-04-01,2020,BMW i3,Asia,India,Dealership,4,107042.0,26760.5
2020-04-01,2020,BMW 5 Series,South America,Colombia,Dealership,2,77324.0,38662.0
2020-04-01,2020,BMW X1,North America,United States,Wholesale,5,77659.0,15531.8
2020-04-02,2020,BMW M4,Asia,Japan,Dealership,5,93670.0,18734.0
2020-04-02,2020,BMW Z4,South America,Peru,Wholesale,2,95681.0,47840.5
2020-04-02,2020,BMW M4,North America,United States,Wholesale,1,54641.0,54641.0
2020-04-03,2020,BMW X7,Africa,Morocco,Wholesale,2,66833.0,33416.5
2020-04-03,2020,BMW X7,South America,Colombia,Dealership,2,69579.0,34789.5
2020-04-04,2020,BMW i4,Africa,Morocco,Wholesale,3,60311.0,20103.67
2020-04-04,2020,BMW X4,Europe,France,Wholesale,2,109486.0,54743.0
2020-04-05,2020,BMW 4 Series,Asia,India,Wholesale,5,108730.0,21746.0
2020-04-06,2020,BMW M8,South America,Colombia,Dealership,4,73997.0,18499.25
2020-04-07,2020,BMW X2,Asia,South Korea,Dealership,2,52612.0,26306.0
2020-04-07,2020,BMW iX3,Asia,South Korea,Wholesale,1,56564.0,56564.0
2020-04-08,2020,BMW X2,North America,Mexico,Dealership,5,119767.0,23953.4
2020-04-08,2020,BMW X6,South America,Chile,Dealership,4,44819.0,11204.75
2020-04-09,2020,BMW 4 Series,Asia,Thailand,Wholesale,4,47127.0,11781.75
2020-04-09,2020,BMW 1 Series,Africa,South Africa,Wholesale,5,61308.0,12261.6
2020-04-09,2020,BMW X1,Asia,China,Dealership,4,100114.0,25028.5
2020-04-10,2020,BMW 6 Series,Europe,France,Wholesale,2,75856.0,37928.0
2020-04-10,2020,BMW M4,South America,Peru,Wholesale,2,82483.0,41241.5
2020-04-10,2020,BMW X2,North America,Canada,Dealership,4,74651.0,18662.75
2020-04-10,2020,BMW X7,North America,Mexico,Wholesale,2,30247.0,15123.5
2020-04-10,2020,BMW 7 Series,Europe,United Kingdom,Wholesale,1,73346.0,73346.0
2020-04-10,2020,BMW M5,North America,Canada,Wholesale,5,114597.0,22919.4
2020-04-11,2020,BMW 7 Series,South America,Brazil,Dealership,5,58134.0,11626.8
2020-04-12,2020,BMW 4 Series,North America,United States,Wholesale,2,41718.0,20859.0
2020-04-12,2020,BMW Z4,South America,Brazil,Wholesale,3,40327.0,13442.33
2020-04-13,2020,BMW i3,Asia,Thailand,Dealership,1,101473.0,101473.0
2020-04-14,2020,BMW X7,South America,Colombia,Wholesale,4,74550.0,18637.5
2020-04-14,2020,BMW 8 Series,North America,United States,Wholesale,5,76647.0,15329.4
2020-04-15,2020,BMW 7 Series,South America,Chile,Wholesale,4,98326.0,24581.5
2020-04-15,2020,BMW i3,Europe,Italy,Wholesale,5,37045.0,7409.0
2020-04-16,2020,BMW 8 Series,Africa,South Africa,Wholesale,2,68718.0,34359.0
2020-04-17,2020,BMW 2 Series,Asia,Thailand,Wholesale,4,34843.0,8710.75
2020-04-17,2020,BMW i4,North America,United States,Dealership,5,83164.0,16632.8
2020-04-18,2020,BMW X4,Asia,Japan,Wholesale,3,96937.0,32312.33
2020-04-18,2020,BMW 5 Series,Africa,South Africa,Wholesale,2,37297.0,18648.5
2020-04-19,2020,BMW M8,Europe,France,Wholesale,4,46860.0,11715.0
2020-04-19,2020,BMW X7,Asia,South Korea,Wholesale,5,71274.0,14254.8
2020-04-19,2020,BMW Z4,South America,Chile,Wholesale,5,54318.0,10863.6
2020-04-19,2020,BMW X4,South America,Argentina,Wholesale,5,59301.0,11860.2
2020-04-20,2020,BMW X5,Asia,Thailand,Dealership,2,116673.0,58336.5
2020-04-20,2020,BMW M5,Africa,Nigeria,Dealership,4,99503.0,24875.75
2020-04-20,2020,BMW M5,South America,Chile,Wholesale,3,46791.0,15597.0
2020-04-20,2020,BMW iX3,North America,United States,Wholesale,2,48456.0,24228.0
2020-04-21,2020,BMW X1,Europe,Spain,Wholesale,5,52247.0,10449.4
2020-04-21,2020,BMW 5 Series,Asia,China,Wholesale,3,82384.0,27461.33
2020-04-22,2020,BMW 1 Series,North America,Canada,Dealership,3,33423.0,11141.0
2020-04-22,2020,BMW 7 Series,North America,Mexico,Wholesale,5,103541.0,20708.2
2020-04-22,2020,BMW iX3,South America,Peru,Dealership,2,80581.0,40290.5
2020-04-23,2020,BMW M2,Europe,United Kingdom,Wholesale,2,97868.0,48934.0
2020-04-24,2020,BMW M3,Europe,Italy,Dealership,3,82838.0,27612.67
2020-04-24,2020,BMW X5,South America,Chile,Wholesale,1,41311.0,41311.0
2020-04-25,2020,BMW iX,Africa,Egypt,Dealership,3,74293.0,24764.33
2020-04-26,2020,BMW 3 Series,North America,Canada,Wholesale,3,101102.0,33700.67
2020-04-26,2020,BMW X4,Europe,France,Wholesale,4,76705.0,19176.25
2020-04-26,2020,BMW X5,North America,Canada,Dealership,3,69827.0,23275.67
2020-04-27,2020,BMW X4,Europe,France,Wholesale,4,114114.0,28528.5
2020-04-27,2020,BMW X2,Europe,France,Dealership,2,97393.0,48696.5
2020-04-27,2020,BMW M8,South America,Argentina,Dealership,4,46006.0,11501.5
2020-04-27,2020,BMW 2 Series,North America,Canada,Dealership,1,61708.0,61708.0
2020-04-27,2020,BMW 3 Series,South America,Colombia,Wholesale,3,33328.0,11109.33
2020-04-28,2020,BMW iX3,Asia,India,Wholesale,3,119749.0,39916.33
2020-04-28,2020,BMW X1,Europe,Italy,Wholesale,4,53434.0,13358.5
2020-04-28,2020,BMW M3,South America,Colombia,Wholesale,4,90359.0,22589.75
2020-04-28,2020,BMW iX3,North America,Canada,Wholesale,3,46608.0,15536.0
2020-04-28,2020,BMW X6,North America,United States,Wholesale,1,76233.0,76233.0
2020-04-30,2020,BMW 8 Series,Asia,South Korea,Wholesale,2,46328.0,23164.0
2020-04-30,2020,BMW 6 Series,Europe,Germany,Dealership,3,30715.0,10238.33
2020-05-01,2020,BMW M8,South America,Chile,Wholesale,5,94802.0,18960.4
2020-05-02,2020,BMW X4,Europe,Germany,Dealership,1,79214.0,79214.0
2020-05-02,2020,BMW 5 Series,South America,Argentina,Wholesale,3,76978.0,25659.33
2020-05-02,2020,BMW M3,South America,Brazil,Wholesale,1,38203.0,38203.0
2020-05-03,2020,BMW i4,North America,United States,Wholesale,5,78311.0,15662.2
2020-05-04,2020,BMW 8 Series,North America,United States,Wholesale,4,98956.0,24739.0
2020-05-04,2020,BMW M5,North America,United States,Wholesale,4,89867.0,22466.75
2020-05-05,2020,BMW 8 Series,Europe,Spain,Dealership,4,45290.0,11322.5
2020-05-05,2020,BMW 1 Series,Africa,Morocco,Wholesale,1,74959.0,74959.0
2020-05-05,2020,BMW X5,Asia,China,Wholesale,5,58436.0,11687.2
2020-05-06,2020,BMW X5,Africa,Egypt,Wholesale,5,83001.0,16600.2
2020-05-06,2020,BMW 7 Series,Europe,Spain,Wholesale,5,109258.0,21851.6
2020-05-06,2020,BMW Z4,South America,Brazil,Wholesale,4,47085.0,11771.25
2020-05-07,2020,BMW 4 Series,North America,United States,Wholesale,5,118052.0,23610.4
2020-05-07,2020,BMW X1,South America,Colombia,Wholesale,2,32042.0,16021.0
2020-05-07,2020,BMW Z4,Africa,Morocco,Dealership,1,103563.0,103563.0
2020-05-07,2020,BMW 1 Series,Asia,China,Wholesale,5,34554.0,6910.8
2020-05-08,2020,BMW 3 Series,North America,United States,Wholesale,1,91305.0,91305.0
2020-05-08,2020,BMW M4,South America,Colombia,Dealership,2,91797.0,45898.5
2020-05-08,2020,BMW M8,South America,Brazil,Wholesale,1,109870.0,109870.0
2020-05-09,2020,BMW M2,South America,Chile,Dealership,2,75411.0,37705.5
2020-05-09,2020,BMW 6 Series,Africa,Egypt,Dealership,3,48223.0,16074.33
2020-05-10,2020,BMW 1 Series,Africa,Nigeria,Wholesale,2,78846.0,39423.0
2020-05-10,2020,BMW X1,Africa,Kenya,Dealership,4,103206.0,25801.5
2020-05-10,2020,BMW M2,North America,United States,Wholesale,5,64261.0,12852.2
2020-05-11,2020,BMW 2 Series,North America,United States,Wholesale,2,77672.0,38836.0
2020-05-12,2020,BMW M3,Asia,India,Wholesale,1,44628.0,44628.0
2020-05-12,2020,BMW X3,South America,Colombia,Wholesale,1,104363.0,104363.0
2020-05-12,2020,BMW M2,Europe,Spain,Dealership,3,86994.0,28998.0
2020-05-12,2020,BMW 3 Series,Africa,South Africa,Dealership,1,110774.0,110774.0
2020-05-13,2020,BMW X6,Europe,Spain,Wholesale,5,116700.0,23340.0
2020-05-13,2020,BMW i3,Europe,Italy,Wholesale,3,71787.0,23929.0
2020-05-13,2020,BMW 8 Series,Africa,Nigeria,Wholesale,4,66232.0,16558.0
2020-05-14,2020,BMW X1,Europe,Spain,Dealership,2,93073.0,46536.5
2020-05-15,2020,BMW iX3,Africa,Egypt,Wholesale,5,90598.0,18119.6
2020-05-15,2020,BMW M3,South America,Chile,Wholesale,4,43416.0,10854.0
2020-05-16,2020,BMW 8 Series,North America,Mexico,Wholesale,3,111456.0,37152.0
2020-05-16,2020,BMW i3,Asia,Japan,Dealership,5,43269.0,8653.8
2020-05-17,2020,BMW X4,Africa,South Africa,Wholesale,2,106340.0,53170.0
2020-05-17,2020,BMW X5,Asia,Japan,Dealership,1,57571.0,57571.0
2020-05-17,2020,BMW X3,Africa,Egypt,Dealership,2,32018.0,16009.0
2020-05-18,2020,BMW X1,Asia,India,Wholesale,4,36486.0,9121.5
2020-05-18,2020,BMW 7 Series,Asia,China,Wholesale,4,42860.0,10715.0
2020-05-18,2020,BMW Z4,Asia,China,Wholesale,3,83408.0,27802.67
2020-05-18,2020,BMW M3,Africa,Egypt,Wholesale,4,116677.0,29169.25
2020-05-18,2020,BMW 5 Series,Africa,Nigeria,Wholesale,5,111951.0,22390.2
2020-05-20,2020,BMW X2,South America,Colombia,Wholesale,3,88369.0,29456.33
2020-05-20,2020,BMW X4,Asia,Japan,Wholesale,4,65916.0,16479.0
2020-05-20,2020,BMW M5,Asia,China,Wholesale,2,85700.0,42850.0
2020-05-20,2020,BMW 7 Series,North America,United States,Dealership,1,82097.0,82097.0
2020-05-21,2020,BMW 6 Series,North America,Mexico,Wholesale,3,90434.0,30144.67
2020-05-21,2020,BMW i4,Asia,China,Dealership,2,77628.0,38814.0
2020-05-22,2020,BMW 2 Series,North America,Canada,Dealership,2,32991.0,16495.5
2020-05-22,2020,BMW M2,Asia,Japan,Wholesale,5,106964.0,21392.8
2020-05-22,2020,BMW i3,Africa,Morocco,Dealership,4,70431.0,17607.75
2020-05-22,2020,BMW X3,Asia,Thailand,Wholesale,4,44550.0,11137.5
2020-05-22,2020,BMW Z4,Asia,South Korea,Wholesale,4,57284.0,14321.0
2020-05-23,2020,BMW 1 Series,Asia,Thailand,Dealership,5,31690.0,6338.0
2020-05-23,2020,BMW M2,North America,Mexico,Wholesale,1,55236.0,55236.0
2020-05-23,2020,BMW X6,Europe,Spain,Wholesale,5,37771.0,7554.2
2020-05-23,2020,BMW iX,Asia,Japan,Wholesale,1,100874.0,100874.0
2020-05-23,2020,BMW 2 Series,North America,Canada,Wholesale,5,113335.0,22667.0
2020-05-23,2020,BMW X1,North America,Mexico,Dealership,5,45009.0,9001.8
2020-05-24,2020,BMW M2,South America,Colombia,Dealership,4,36639.0,9159.75
2020-05-25,2020,BMW 8 Series,North America,Canada,Dealership,3,80004.0,26668.0
2020-05-25,2020,BMW i4,South America,Argentina,Wholesale,1,50836.0,50836.0
2020-05-25,2020,BMW i4,South America,Brazil,Wholesale,5,37907.0,7581.4
2020-05-25,2020,BMW Z4,Europe,Italy,Wholesale,4,59052.0,14763.0
2020-05-25,2020,BMW 6 Series,South America,Colombia,Wholesale,4,95199.0,23799.75
2020-05-26,2020,BMW M2,South America,Colombia,Wholesale,4,117822.0,29455.5
2020-05-26,2020,BMW 1 Series,Europe,Spain,Dealership,3,118373.0,39457.67
2020-05-26,2020,BMW X3,Europe,Italy,Wholesale,1,80226.0,80226.0
2020-05-26,2020,BMW X4,Europe,Spain,Wholesale,4,111289.0,27822.25
2020-05-26,2020,BMW X6,Asia,China,Wholesale,4,114564.0,28641.0
2020-05-27,2020,BMW 1 Series,Asia,Japan,Wholesale,5,65583.0,13116.6
2020-05-28,2020,BMW 2 Series,South America,Brazil,Dealership,2,42281.0,21140.5
2020-05-29,2020,BMW M3,North America,United States,Dealership,4,50243.0,12560.75
2020-05-29,2020,BMW 3 Series,Asia,South Korea,Dealership,3,107902.0,35967.33
2020-05-29,2020,BMW M3,Europe,Italy,Dealership,2,51990.0,25995.0
2020-05-29,2020,BMW 4 Series,Europe,Italy,Wholesale,5,33567.0,6713.4
2020-05-30,2020,BMW X2,Europe,Italy,Dealership,5,119838.0,23967.6
2020-05-30,2020,BMW Z4,Africa,Kenya,Wholesale,5,113725.0,22745.0
2020-05-30,2020,BMW X6,North America,Canada,Wholesale,5,51803.0,10360.6
2020-05-30,2020,BMW X4,Asia,Japan,Wholesale,3,100960.0,33653.33
2020-05-30,2020,BMW X6,North America,Mexico,Wholesale,2,84979.0,42489.5
2020-05-30,2020,BMW 8 Series,North America,Mexico,Dealership,4,109598.0,27399.5
2020-05-31,2020,BMW X6,Africa,Egypt,Dealership,2,99830.0,49915.0
2020-06-01,2020,BMW 1 Series,Europe,Italy,Wholesale,3,50526.0,16842.0
2020-06-01,2020,BMW X5,Asia,China,Dealership,4,110067.0,27516.75
2020-06-01,2020,BMW 5 Series,North America,Canada,Wholesale,5,64723.0,12944.6
2020-06-01,2020,BMW M5,Africa,Morocco,Wholesale,5,109271.0,21854.2
2020-06-01,2020,BMW X3,Europe,Italy,Dealership,1,78500.0,78500.0
2020-06-01,2020,BMW X7,South America,Argentina,Wholesale,4,31915.0,7978.75
2020-06-01,2020,BMW X7,Africa,Kenya,Wholesale,2,43176.0,21588.0
2020-06-01,2020,BMW 3 Series,North America,Canada,Dealership,5,88967.0,17793.4
2020-06-02,2020,BMW M8,North America,Mexico,Wholesale,1,94390.0,94390.0
2020-06-02,2020,BMW 1 Series,North America,Mexico,Wholesale,4,114577.0,28644.25
2020-06-02,2020,BMW M2,North America,United States,Wholesale,4,54729.0,13682.25
2020-06-02,2020,BMW M2,South America,Chile,Wholesale,2,52744.0,26372.0
2020-06-02,2020,BMW M3,Africa,Egypt,Wholesale,5,83912.0,16782.4
2020-06-02,2020,BMW Z4,North America,United States,Wholesale,1,119930.0,119930.0
2020-06-03,2020,BMW 6 Series,Africa,Kenya,Wholesale,3,58869.0,19623.0
2020-06-03,2020,BMW M2,Africa,Morocco,Dealership,2,51485.0,25742.5
2020-06-03,2020,BMW X2,Europe,Germany,Dealership,5,101210.0,20242.0
2020-06-04,2020,BMW iX,South America,Chile,Dealership,1,60845.0,60845.0
2020-06-04,2020,BMW 3 Series,South America,Colombia,Dealership,2,59055.0,29527.5
2020-06-05,2020,BMW M2,Asia,China,Wholesale,2,93372.0,46686.0
2020-06-05,2020,BMW 1 Series,Africa,South Africa,Wholesale,5,58015.0,11603.0
2020-06-05,2020,BMW i4,South America,Argentina,Wholesale,2,84407.0,42203.5
2020-06-05,2020,BMW 3 Series,Asia,South Korea,Dealership,1,95088.0,95088.0
2020-06-05,2020,BMW X3,North America,United States,Wholesale,1,53746.0,53746.0
2020-06-05,2020,BMW 3 Series,South America,Argentina,Wholesale,2,73938.0,36969.0
2020-06-06,2020,BMW i8,Africa,Kenya,Wholesale,5,53814.0,10762.8
2020-06-07,2020,BMW 2 Series,Africa,Morocco,Wholesale,1,37085.0,37085.0
2020-06-07,2020,BMW M4,Asia,Thailand,Dealership,2,79934.0,39967.0
2020-06-08,2020,BMW M5,Africa,Nigeria,Wholesale,5,86718.0,17343.6
2020-06-08,2020,BMW iX3,Asia,Japan,Wholesale,5,84478.0,16895.6
2020-06-09,2020,BMW M8,Europe,Italy,Wholesale,5,112844.0,22568.8
2020-06-09,2020,BMW X2,Africa,Morocco,Wholesale,5,75047.0,15009.4
2020-06-09,2020,BMW 7 Series,Asia,Japan,Dealership,3,60496.0,20165.33
2020-06-10,2020,BMW M5,Africa,South Africa,Dealership,3,68921.0,22973.67
2020-06-10,2020,BMW M5,North America,Canada,Wholesale,4,79365.0,19841.25
2020-06-10,2020,BMW Z4,Asia,India,Wholesale,2,51291.0,25645.5
2020-06-10,2020,BMW X6,Europe,Germany,Wholesale,3,63290.0,21096.67
2020-06-10,2020,BMW 3 Series,Asia,China,Dealership,5,34447.0,6889.4
2020-06-10,2020,BMW M3,Africa,South Africa,Dealership,5,79119.0,15823.8
2020-06-11,2020,BMW 7 Series,Asia,India,Dealership,2,106915.0,53457.5
2020-06-11,2020,BMW 7 Series,Africa,Kenya,Wholesale,2,79956.0,39978.0
2020-06-11,2020,BMW X4,Asia,South Korea,Dealership,4,49689.0,12422.25
2020-06-11,2020,BMW 5 Series,North America,Mexico,Dealership,3,57802.0,19267.33
2020-06-11,2020,BMW 5 Series,Asia,Japan,Dealership,1,91850.0,91850.0
2020-06-11,2020,BMW X3,Europe,Spain,Dealership,2,103212.0,51606.0
2020-06-12,2020,BMW M2,Europe,France,Wholesale,3,101762.0,33920.67
2020-06-13,2020,BMW M3,North America,Mexico,Wholesale,5,92496.0,18499.2
2020-06-13,2020,BMW X1,Asia,India,Wholesale,5,70916.0,14183.2
2020-06-13,2020,BMW iX,South America,Argentina,Wholesale,4,119729.0,29932.25
2020-06-14,2020,BMW M5,Africa,Kenya,Dealership,2,59684.0,29842.0
2020-06-14,2020,BMW 1 Series,Europe,Germany,Dealership,1,34708.0,34708.0
2020-06-14,2020,BMW 8 Series,Europe,United Kingdom,Dealership,2,38722.0,19361.0
2020-06-14,2020,BMW iX,North America,Canada,Wholesale,3,65330.0,21776.67
2020-06-14,2020,BMW 2 Series,Asia,Japan,Wholesale,3,85448.0,28482.67
2020-06-16,2020,BMW 1 Series,Africa,Morocco,Wholesale,4,40932.0,10233.0
2020-06-16,2020,BMW 6 Series,Asia,Thailand,Wholesale,4,67589.0,16897.25
2020-06-16,2020,BMW i3,Africa,Morocco,Wholesale,2,112757.0,56378.5
2020-06-16,2020,BMW X7,South America,Colombia,Dealership,5,65241.0,13048.2
2020-06-17,2020,BMW M8,South America,Chile,Dealership,3,78392.0,26130.67
2020-06-17,2020,BMW X4,Africa,Egypt,Dealership,2,49417.0,24708.5
2020-06-17,2020,BMW iX3,Africa,Nigeria,Wholesale,2,30154.0,15077.0
2020-06-17,2020,BMW 2 Series,Africa,Nigeria,Wholesale,2,39151.0,19575.5
2020-06-17,2020,BMW i3,Asia,Japan,Dealership,1,47206.0,47206.0
2020-06-18,2020,BMW M4,South America,Brazil,Wholesale,3,85900.0,28633.33
2020-06-19,2020,BMW i4,Europe,United Kingdom,Dealership,4,58941.0,14735.25
2020-06-19,2020,BMW 6 Series,Asia,India,Wholesale,5,50045.0,10009.0
2020-06-19,2020,BMW M8,Asia,Thailand,Dealership,4,82584.0,20646.0
2020-06-19,2020,BMW X6,Africa,South Africa,Wholesale,1,75788.0,75788.0
2020-06-20,2020,BMW 8 Series,South America,Peru,Wholesale,2,93131.0,46565.5
2020-06-20,2020,BMW M2,Asia,India,Wholesale,4,37228.0,9307.0
2020-06-21,2020,BMW 3 Series,Europe,France,Dealership,2,96500.0,48250.0
2020-06-23,2020,BMW X6,Europe,Spain,Dealership,4,111440.0,27860.0
2020-06-23,2020,BMW Z4,Africa,South Africa,Dealership,2,42094.0,21047.0
2020-06-23,2020,BMW X2,Africa,Morocco,Wholesale,4,39775.0,9943.75
2020-06-24,2020,BMW 1 Series,North America,United States,Dealership,3,66176.0,22058.67
2020-06-25,2020,BMW 3 Series,North America,United States,Wholesale,5,36674.0,7334.8
2020-06-25,2020,BMW X2,South America,Colombia,Wholesale,3,75335.0,25111.67
2020-06-25,2020,BMW M3,South America,Peru,Wholesale,4,57552.0,14388.0
2020-06-25,2020,BMW X6,Africa,Morocco,Wholesale,1,108753.0,108753.0
2020-06-25,2020,BMW M5,North America,United States,Dealership,4,65228.0,16307.0
2020-06-26,2020,BMW 4 Series,North America,Canada,Wholesale,1,56055.0,56055.0
2020-06-26,2020,BMW iX,Africa,Kenya,Dealership,3,100477.0,33492.33
2020-06-26,2020,BMW M5,Europe,United Kingdom,Dealership,2,117180.0,58590.0
2020-06-27,2020,BMW 6 Series,North America,Mexico,Wholesale,3,110439.0,36813.0
2020-06-27,2020,BMW 7 Series,South America,Chile,Dealership,1,110004.0,110004.0
2020-06-29,2020,BMW X3,South America,Chile,Wholesale,4,109683.0,27420.75
2020-06-29,2020,BMW X4,Europe,United Kingdom,Wholesale,2,63556.0,31778.0
2020-06-30,2020,BMW X1,North America,United States,Wholesale,5,61301.0,12260.2
2020-07-01,2020,BMW 6 Series,North America,Mexico,Wholesale,4,70324.0,17581.0
2020-07-02,2020,BMW i3,North America,Mexico,Dealership,1,95519.0,95519.0
2020-07-03,2020,BMW 8 Series,Europe,Italy,Wholesale,4,70694.0,17673.5
2020-07-03,2020,BMW 7 Series,Africa,Nigeria,Wholesale,4,60682.0,15170.5
2020-07-04,2020,BMW 7 Series,Europe,Germany,Wholesale,1,80034.0,80034.0
2020-07-05,2020,BMW 3 Series,North America,United States,Dealership,1,85267.0,85267.0
2020-07-05,2020,BMW Z4,South America,Brazil,Wholesale,5,114475.0,22895.0
2020-07-05,2020,BMW iX,Europe,France,Wholesale,1,115062.0,115062.0
2020-07-06,2020,BMW 2 Series,South America,Colombia,Wholesale,1,83768.0,83768.0
2020-07-06,2020,BMW i4,Africa,Kenya,Wholesale,1,40112.0,40112.0
2020-07-07,2020,BMW X7,North America,Canada,Wholesale,1,33017.0,33017.0
2020-07-07,2020,BMW X7,Africa,Egypt,Wholesale,1,116911.0,116911.0
2020-07-07,2020,BMW 3 Series,Africa,South Africa,Wholesale,1,34153.0,34153.0
2020-07-07,2020,BMW 5 Series,North America,United States,Dealership,3,46908.0,15636.0
2020-07-08,2020,BMW X5,Europe,France,Wholesale,5,47744.0,9548.8
2020-07-09,2020,BMW i3,Africa,Morocco,Wholesale,4,41112.0,10278.0
2020-07-09,2020,BMW M5,Europe,Spain,Wholesale,1,104616.0,104616.0
2020-07-09,2020,BMW X7,Asia,Thailand,Dealership,1,95095.0,95095.0
2020-07-10,2020,BMW M5,Europe,France,Wholesale,5,77284.0,15456.8
2020-07-10,2020,BMW 8 Series,North America,Canada,Wholesale,4,99711.0,24927.75
2020-07-10,2020,BMW M3,Asia,South Korea,Wholesale,5,65470.0,13094.0
2020-07-11,2020,BMW 2 Series,Asia,China,Dealership,2,91401.0,45700.5
2020-07-12,2020,BMW Z4,Africa,Nigeria,Dealership,2,106303.0,53151.5
2020-07-13,2020,BMW M2,South America,Chile,Wholesale,2,109707.0,54853.5
2020-07-13,2020,BMW M8,South America,Colombia,Wholesale,1,74933.0,74933.0
2020-07-14,2020,BMW iX,Europe,Germany,Wholesale,5,90887.0,18177.4
2020-07-14,2020,BMW M5,South America,Colombia,Wholesale,1,34718.0,34718.0
2020-07-14,2020,BMW X7,Africa,South Africa,Wholesale,2,96904.0,48452.0
2020-07-14,2020,BMW M2,North America,Mexico,Wholesale,4,102940.0,25735.0
2020-07-15,2020,BMW M4,South America,Peru,Wholesale,5,44674.0,8934.8
2020-07-15,2020,BMW 7 Series,Africa,Kenya,Wholesale,4,59985.0,14996.25
2020-07-15,2020,BMW i3,South America,Brazil,Wholesale,4,52211.0,13052.75
2020-07-16,2020,BMW iX,Africa,Egypt,Wholesale,2,44864.0,22432.0
2020-07-16,2020,BMW i3,Asia,Thailand,Wholesale,5,73408.0,14681.6
2020-07-16,2020,BMW Z4,Asia,Japan,Wholesale,2,96944.0,48472.0
2020-07-16,2020,BMW X5,Asia,Thailand,Wholesale,5,106620.0,21324.0
2020-07-17,2020,BMW 2 Series,Africa,South Africa,Wholesale,2,51432.0,25716.0
2020-07-17,2020,BMW i3,South America,Brazil,Dealership,2,57100.0,28550.0
2020-07-17,2020,BMW 1 Series,Europe,Italy,Wholesale,2,89514.0,44757.0
2020-07-17,2020,BMW 5 Series,North America,Canada,Dealership,5,86782.0,17356.4
2020-07-18,2020,BMW 5 Series,Africa,Kenya,Wholesale,4,88543.0,22135.75
2020-07-18,2020,BMW M4,Asia,China,Dealership,2,82233.0,41116.5
2020-07-18,2020,BMW X2,Asia,Thailand,Wholesale,3,43750.0,14583.33
2020-07-19,2020,BMW M2,Africa,Morocco,Dealership,5,42170.0,8434.0
2020-07-20,2020,BMW iX,Africa,South Africa,Dealership,1,31376.0,31376.0
2020-07-20,2020,BMW M5,North America,United States,Wholesale,4,63435.0,15858.75
2020-07-20,2020,BMW 7 Series,South America,Chile,Wholesale,5,118901.0,23780.2
2020-07-20,2020,BMW X7,North America,Canada,Dealership,2,54448.0,27224.0
2020-07-20,2020,BMW 7 Series,Asia,China,Wholesale,3,58672.0,19557.33
2020-07-20,2020,BMW 5 Series,Africa,Kenya,Dealership,1,77820.0,77820.0
2020-07-20,2020,BMW 6 Series,South America,Peru,Wholesale,4,99152.0,24788.0
2020-07-21,2020,BMW X2,Africa,Kenya,Wholesale,2,82282.0,41141.0
2020-07-23,2020,BMW iX,South America,Brazil,Dealership,4,42155.0,10538.75
2020-07-23,2020,BMW M3,Europe,Germany,Wholesale,5,96764.0,19352.8
2020-07-23,2020,BMW iX,Africa,Nigeria,Dealership,5,44602.0,8920.4
2020-07-24,2020,BMW X3,Asia,Japan,Dealership,3,45229.0,15076.33
2020-07-24,2020,BMW M5,North America,United States,Dealership,2,104648.0,52324.0
2020-07-26,2020,BMW X6,Asia,South Korea,Wholesale,4,73374.0,18343.5
2020-07-26,2020,BMW X2,Europe,Spain,Wholesale,4,91969.0,22992.25
2020-07-27,2020,BMW X4,South America,Peru,Wholesale,5,76576.0,15315.2
2020-07-28,2020,BMW iX,Africa,Morocco,Wholesale,4,96586.0,24146.5
2020-07-28,2020,BMW Z4,Asia,India,Wholesale,1,77879.0,77879.0
2020-07-28,2020,BMW M8,South America,Peru,Wholesale,1,45640.0,45640.0
2020-07-28,2020,BMW iX,North America,United States,Dealership,2,119344.0,59672.0
2020-07-29,2020,BMW Z4,Asia,Thailand,Wholesale,5,88867.0,17773.4
2020-07-29,2020,BMW 1 Series,South America,Argentina,Wholesale,4,109314.0,27328.5
2020-07-30,2020,BMW i4,South America,Peru,Wholesale,3,56644.0,18881.33
2020-07-30,2020,BMW X3,Africa,Kenya,Wholesale,5,108561.0,21712.2
2020-07-30,2020,BMW X6,Europe,United Kingdom,Wholesale,2,105165.0,52582.5
2020-07-31,2020,BMW M2,North America,Canada,Wholesale,3,108455.0,36151.67
2020-08-01,2020,BMW M4,Africa,Egypt,Wholesale,2,33709.0,16854.5
2020-08-01,2020,BMW Z4,Asia,South Korea,Wholesale,5,116111.0,23222.2
2020-08-01,2020,BMW X5,South America,Peru,Wholesale,1,37943.0,37943.0
2020-08-01,2020,BMW iX,South America,Colombia,Dealership,5,93128.0,18625.6
2020-08-01,2020,BMW M3,North America,United States,Dealership,2,101842.0,50921.0
2020-08-02,2020,BMW 3 Series,Africa,Kenya,Dealership,5,45326.0,9065.2
2020-08-02,2020,BMW 6 Series,North America,Mexico,Dealership,5,71206.0,14241.2
2020-08-02,2020,BMW iX3,Asia,Japan,Wholesale,2,71842.0,35921.0
2020-08-02,2020,BMW M4,Africa,Kenya,Wholesale,4,75061.0,18765.25
2020-08-02,2020,BMW X2,North America,United States,Wholesale,2,65017.0,32508.5
2020-08-03,2020,BMW X7,South America,Peru,Dealership,3,76921.0,25640.33
2020-08-03,2020,BMW X2,Asia,South Korea,Wholesale,3,59511.0,19837.0
2020-08-03,2020,BMW M4,Asia,Thailand,Dealership,5,104423.0,20884.6
2020-08-03,2020,BMW M4,North America,United States,Wholesale,2,113463.0,56731.5
2020-08-03,2020,BMW X5,Asia,Thailand,Dealership,5,97562.0,19512.4
2020-08-04,2020,BMW X4,Asia,South Korea,Wholesale,1,92645.0,92645.0
2020-08-04,2020,BMW 5 Series,Asia,China,Wholesale,2,111468.0,55734.0
2020-08-05,2020,BMW M4,Asia,India,Dealership,2,112632.0,56316.0
2020-08-05,2020,BMW X4,South America,Chile,Wholesale,3,39570.0,13190.0
2020-08-06,2020,BMW X1,North America,Mexico,Wholesale,3,99131.0,33043.67
2020-08-06,2020,BMW 4 Series,South America,Chile,Wholesale,3,40624.0,13541.33
2020-08-07,2020,BMW X5,North America,Canada,Wholesale,1,40739.0,40739.0
2020-08-07,2020,BMW i8,Africa,Egypt,Dealership,1,103098.0,103098.0
2020-08-08,2020,BMW i3,Europe,United Kingdom,Wholesale,4,117657.0,29414.25
2020-08-08,2020,BMW X6,Africa,Nigeria,Wholesale,2,79101.0,39550.5
2020-08-08,2020,BMW X1,South America,Brazil,Dealership,1,53547.0,53547.0
2020-08-08,2020,BMW 2 Series,Asia,Japan,Wholesale,5,35939.0,7187.8
2020-08-09,2020,BMW M2,Europe,Germany,Wholesale,2,67079.0,33539.5
2020-08-09,2020,BMW iX3,Asia,Thailand,Wholesale,4,48982.0,12245.5
2020-08-09,2020,BMW 3 Series,Africa,Kenya,Wholesale,3,116798.0,38932.67
2020-08-10,2020,BMW X5,North America,Canada,Wholesale,3,95480.0,31826.67
2020-08-10,2020,BMW i3,South America,Brazil,Dealership,2,118770.0,59385.0
2020-08-10,2020,BMW i8,Asia,South Korea,Wholesale,4,40004.0,10001.0
2020-08-11,2020,BMW X2,South America,Colombia,Dealership,4,45802.0,11450.5
2020-08-11,2020,BMW X5,Europe,Italy,Wholesale,4,76678.0,19169.5
2020-08-11,2020,BMW 7 Series,South America,Chile,Wholesale,2,46490.0,23245.0
2020-08-11,2020,BMW X7,Africa,Morocco,Wholesale,1,70794.0,70794.0
2020-08-12,2020,BMW M4,Europe,Spain,Wholesale,5,55789.0,11157.8
2020-08-12,2020,BMW X1,Asia,Japan,Dealership,4,53051.0,13262.75
2020-08-13,2020,BMW X6,North America,United States,Online,1,100561.0,100561.0
2020-08-13,2020,BMW i3,Asia,South Korea,Wholesale,2,94877.0,47438.5
2020-08-13,2020,BMW iX,North America,Mexico,Wholesale,2,113449.0,56724.5
2020-08-13,2020,BMW 1 Series,Africa,Morocco,Online,5,45213.0,9042.6
2020-08-14,2020,BMW iX3,Asia,China,Online,3,86636.0,28878.67
2020-08-14,2020,BMW X6,Asia,Thailand,Wholesale,5,98347.0,19669.4
2020-08-15,2020,BMW M2,Africa,Nigeria,Wholesale,4,102246.0,25561.5
2020-08-15,2020,BMW 7 Series,Asia,China,Wholesale,3,48697.0,16232.33
2020-08-17,2020,BMW iX,Europe,United Kingdom,Online,5,34696.0,6939.2
2020-08-17,2020,BMW X4,Europe,Germany,Wholesale,5,57039.0,11407.8
2020-08-18,2020,BMW 2 Series,Africa,Nigeria,Wholesale,3,48408.0,16136.0
2020-08-18,2020,BMW 6 Series,North America,Mexico,Wholesale,3,69883.0,23294.33
2020-08-19,2020,BMW 7 Series,South America,Argentina,Online,1,73634.0,73634.0
2020-08-20,2020,BMW X5,South America,Colombia,Online,4,53511.0,13377.75
2020-08-20,2020,BMW X7,Europe,France,Wholesale,4,87450.0,21862.5
2020-08-20,2020,BMW i4,Africa,South Africa,Online,4,66102.0,16525.5
2020-08-21,2020,BMW iX,Asia,Thailand,Dealership,3,57948.0,19316.0
2020-08-21,2020,BMW 1 Series,Asia,India,Wholesale,1,117050.0,117050.0
2020-08-21,2020,BMW 4 Series,North America,United States,Wholesale,2,91407.0,45703.5
2020-08-21,2020,BMW iX,North America,United States,Online,1,38418.0,38418.0
2020-08-21,2020,BMW 8 Series,South America,Brazil,Online,3,102138.0,34046.0
2020-08-22,2020,BMW M3,Asia,Japan,Wholesale,3,94975.0,31658.33
2020-08-22,2020,BMW i3,Europe,United Kingdom,Wholesale,1,87148.0,87148.0
2020-08-23,2020,BMW X6,Asia,Japan,Dealership,5,94143.0,18828.6
2020-08-23,2020,BMW i4,South America,Peru,Online,5,53003.0,10600.6
2020-08-23,2020,BMW 3 Series,Africa,Kenya,Online,2,39275.0,19637.5
2020-08-24,2020,BMW M8,Asia,China,Wholesale,5,46396.0,9279.2
2020-08-24,2020,BMW X6,Africa,Nigeria,Wholesale,2,61288.0,30644.0
2020-08-24,2020,BMW M5,Europe,Spain,Wholesale,4,95876.0,23969.0
2020-08-25,2020,BMW 4 Series,Europe,Spain,Online,3,62001.0,20667.0
2020-08-25,2020,BMW i4,South America,Argentina,Wholesale,4,48277.0,12069.25
2020-08-26,2020,BMW X6,South America,Colombia,Online,4,72605.0,18151.25
2020-08-27,2020,BMW 1 Series,South America,Colombia,Online,2,36122.0,18061.0
2020-08-27,2020,BMW X5,Europe,Italy,Dealership,3,53807.0,17935.67
2020-08-27,2020,BMW X2,North America,Canada,Online,2,102161.0,51080.5
2020-08-28,2020,BMW iX,Asia,Thailand,Dealership,1,49843.0,49843.0
2020-08-28,2020,BMW 3 Series,North America,United States,Dealership,4,81137.0,20284.25
2020-08-29,2020,BMW X4,Africa,South Africa,Wholesale,3,84757.0,28252.33
2020-08-29,2020,BMW 2 Series,North America,Mexico,Wholesale,4,44821.0,11205.25
2020-08-30,2020,BMW X2,Asia,Japan,Wholesale,1,40726.0,40726.0
2020-08-30,2020,BMW 6 Series,Africa,South Africa,Wholesale,3,51780.0,17260.0
2020-08-30,2020,BMW X1,Africa,Egypt,Online,1,61979.0,61979.0
2020-08-31,2020,BMW 2 Series,South America,Peru,Wholesale,3,98897.0,32965.67
2020-08-31,2020,BMW X1,Asia,China,Dealership,1,72202.0,72202.0
2020-09-01,2020,BMW 1 Series,North America,Mexico,Wholesale,4,70849.0,17712.25
2020-09-01,2020,BMW 7 Series,South America,Chile,Wholesale,5,62740.0,12548.0
2020-09-03,2020,BMW iX3,Asia,South Korea,Dealership,4,81894.0,20473.5
2020-09-03,2020,BMW i8,Africa,Egypt,Wholesale,5,108405.0,21681.0
2020-09-04,2020,BMW M5,Africa,Nigeria,Wholesale,2,68019.0,34009.5
2020-09-05,2020,BMW X7,Europe,Spain,Online,3,62624.0,20874.67
2020-09-05,2020,BMW iX,North America,United States,Wholesale,5,116513.0,23302.6
2020-09-05,2020,BMW i8,Asia,Thailand,Online,4,83014.0,20753.5
2020-09-05,2020,BMW 5 Series,South America,Chile,Wholesale,3,83140.0,27713.33
2020-09-05,2020,BMW Z4,Africa,Kenya,Online,1,45161.0,45161.0
2020-09-05,2020,BMW X7,Europe,France,Online,2,34234.0,17117.0
2020-09-06,2020,BMW iX,North America,Canada,Online,5,45740.0,9148.0
2020-09-06,2020,BMW iX,North America,Mexico,Online,4,90117.0,22529.25
2020-09-07,2020,BMW iX3,Asia,Japan,Online,4,107613.0,26903.25
2020-09-08,2020,BMW X1,South America,Peru,Wholesale,3,61535.0,20511.67
2020-09-08,2020,BMW i3,Europe,Italy,Dealership,1,91531.0,91531.0
2020-09-08,2020,BMW 8 Series,Europe,Italy,Online,2,32170.0,16085.0
2020-09-09,2020,BMW M2,Europe,Spain,Online,1,100819.0,100819.0
2020-09-09,2020,BMW X7,Africa,Nigeria,Dealership,5,66593.0,13318.6
2020-09-10,2020,BMW M4,North America,Mexico,Dealership,2,38484.0,19242.0
2020-09-10,2020,BMW X7,South America,Peru,Wholesale,3,33665.0,11221.67
2020-09-11,2020,BMW X5,Asia,China,Dealership,5,108845.0,21769.0
2020-09-11,2020,BMW i8,North America,United States,Dealership,3,89026.0,29675.33
2020-09-11,2020,BMW 3 Series,South America,Peru,Dealership,3,70584.0,23528.0
2020-09-12,2020,BMW 3 Series,Africa,Kenya,Dealership,2,114147.0,57073.5
2020-09-12,2020,BMW 8 Series,Europe,Germany,Online,5,37089.0,7417.8
2020-09-12,2020,BMW X3,South America,Brazil,Online,1,34115.0,34115.0
2020-09-13,2020,BMW i8,Europe,United Kingdom,Dealership,1,47945.0,47945.0
2020-09-13,2020,BMW 5 Series,North America,Mexico,Dealership,1,88559.0,88559.0
2020-09-13,2020,BMW M4,North America,Mexico,Online,3,62401.0,20800.33
2020-09-14,2020,BMW M4,Africa,South Africa,Wholesale,2,37131.0,18565.5
2020-09-14,2020,BMW 4 Series,Asia,India,Online,2,91776.0,45888.0
2020-09-14,2020,BMW X4,South America,Colombia,Wholesale,3,101041.0,33680.33
2020-09-14,2020,BMW X1,Europe,Germany,Online,2,116854.0,58427.0
2020-09-14,2020,BMW 7 Series,Asia,India,Wholesale,4,115381.0,28845.25
2020-09-14,2020,BMW X7,North America,Mexico,Dealership,1,42413.0,42413.0
2020-09-15,2020,BMW 7 Series,Europe,Italy,Wholesale,1,62208.0,62208.0
2020-09-15,2020,BMW 2 Series,North America,Mexico,Online,1,110202.0,110202.0
2020-09-15,2020,BMW 1 Series,Asia,Thailand,Dealership,3,79573.0,26524.33
2020-09-15,2020,BMW M4,Africa,Morocco,Dealership,3,78604.0,26201.33
2020-09-16,2020,BMW Z4,Asia,Thailand,Dealership,3,34137.0,11379.0
2020-09-16,2020,BMW M3,North America,Mexico,Wholesale,4,72044.0,18011.0
2020-09-16,2020,BMW 8 Series,South America,Colombia,Online,5,99468.0,19893.6
2020-09-17,2020,BMW X4,Europe,United Kingdom,Dealership,4,65862.0,16465.5
2020-09-17,2020,BMW M8,Asia,Japan,Dealership,3,55522.0,18507.33
2020-09-17,2020,BMW X4,Africa,Kenya,Wholesale,1,78514.0,78514.0
2020-09-18,2020,BMW 7 Series,South America,Brazil,Wholesale,2,67669.0,33834.5
2020-09-18,2020,BMW 5 Series,Asia,China,Dealership,4,69258.0,17314.5
2020-09-18,2020,BMW X2,North America,Canada,Dealership,4,37391.0,9347.75
2020-09-18,2020,BMW i3,North America,Canada,Dealership,5,61657.0,12331.4
2020-09-18,2020,BMW 6 Series,Africa,Morocco,Online,3,90712.0,30237.33
2020-09-18,2020,BMW iX,South America,Colombia,Wholesale,5,53581.0,10716.2
2020-09-19,2020,BMW X1,Africa,Morocco,Dealership,2,33846.0,16923.0
2020-09-19,2020,BMW M8,North America,Canada,Online,5,113035.0,22607.0
2020-09-20,2020,BMW X4,North America,United States,Dealership,2,58325.0,29162.5
2020-09-21,2020,BMW 7 Series,South America,Chile,Wholesale,3,98718.0,32906.0
2020-09-21,2020,BMW X2,Europe,Italy,Dealership,2,89317.0,44658.5
2020-09-22,2020,BMW 2 Series,South America,Peru,Wholesale,2,58210.0,29105.0
2020-09-22,2020,BMW iX3,Africa,Nigeria,Wholesale,5,52485.0,10497.0
2020-09-22,2020,BMW 3 Series,North America,Mexico,Dealership,3,62175.0,20725.0
2020-09-23,2020,BMW 1 Series,North America,Mexico,Wholesale,3,47806.0,15935.33
2020-09-23,2020,BMW i3,Asia,Japan,Wholesale,2,60093.0,30046.5
2020-09-24,2020,BMW X4,Africa,Nigeria,Dealership,1,33518.0,33518.0
2020-09-24,2020,BMW M4,South America,Argentina,Wholesale,5,58577.0,11715.4
2020-09-24,2020,BMW X4,Europe,Germany,Wholesale,5,100267.0,20053.4
2020-09-24,2020,BMW 3 Series,South America,Chile,Dealership,5,89341.0,17868.2
2020-09-24,2020,BMW 1 Series,Africa,Morocco,Dealership,5,82164.0,16432.8
2020-09-25,2020,BMW i4,Asia,China,Online,2,48535.0,24267.5
2020-09-26,2020,BMW 6 Series,Europe,Italy,Online,3,37261.0,12420.33
2020-09-26,2020,BMW Z4,North America,United States,Online,2,81998.0,40999.0
2020-09-26,2020,BMW 6 Series,Europe,Italy,Wholesale,2,47942.0,23971.0
2020-09-27,2020,BMW iX,Europe,Germany,Dealership,3,68334.0,22778.0
2020-09-28,2020,BMW M2,Africa,Nigeria,Wholesale,3,106197.0,35399.0
2020-09-28,2020,BMW M4,North America,Canada,Online,5,53070.0,10614.0
2020-09-29,2020,BMW M5,Asia,India,Wholesale,2,33868.0,16934.0
2020-09-29,2020,BMW M4,North America,United States,Wholesale,4,56921.0,14230.25
2020-09-30,2020,BMW M4,South America,Brazil,Wholesale,2,46820.0,23410.0
2020-09-30,2020,BMW M3,North America,Canada,Dealership,1,69927.0,69927.0
2020-09-30,2020,BMW M3,Europe,Spain,Wholesale,1,30992.0,30992.0
2020-10-01,2020,BMW iX,North America,United States,Dealership,4,35731.0,8932.75
2020-10-02,2020,BMW X3,Asia,China,Dealership,1,105979.0,105979.0
2020-10-02,2020,BMW 2 Series,South America,Chile,Wholesale,5,60743.0,12148.6
2020-10-02,2020,BMW M3,Africa,South Africa,Online,5,102964.0,20592.8
2020-10-03,2020,BMW Z4,South America,Chile,Wholesale,2,79851.0,39925.5
2020-10-04,2020,BMW 3 Series,South America,Argentina,Wholesale,1,94414.0,94414.0
2020-10-04,2020,BMW 5 Series,South America,Argentina,Wholesale,5,68389.0,13677.8
2020-10-05,2020,BMW i4,North America,Mexico,Online,4,33554.0,8388.5
2020-10-05,2020,BMW X6,North America,Mexico,Online,5,84598.0,16919.6
2020-10-06,2020,BMW X1,Europe,Italy,Dealership,2,91240.0,45620.0
2020-10-06,2020,BMW i3,Asia,Japan,Wholesale,2,43613.0,21806.5
2020-10-07,2020,BMW i8,Europe,Spain,Wholesale,1,100459.0,100459.0
2020-10-07,2020,BMW M5,Europe,Germany,Dealership,5,106907.0,21381.4
2020-10-07,2020,BMW 3 Series,South America,Colombia,Dealership,1,68865.0,68865.0
2020-10-08,2020,BMW 4 Series,South America,Peru,Dealership,2,33710.0,16855.0
2020-10-09,2020,BMW Z4,North America,United States,Wholesale,5,39644.0,7928.8
2020-10-09,2020,BMW i8,South America,Brazil,Online,4,106045.0,26511.25
2020-10-10,2020,BMW M4,Africa,Egypt,Online,4,55545.0,13886.25
2020-10-10,2020,BMW M2,North America,Mexico,Online,5,115398.0,23079.6
2020-10-10,2020,BMW i4,Asia,China,Wholesale,2,92468.0,46234.0
2020-10-10,2020,BMW iX,Africa,Morocco,Online,5,45327.0,9065.4
2020-10-11,2020,BMW Z4,Europe,Spain,Wholesale,2,70428.0,35214.0
2020-10-11,2020,BMW M5,Asia,South Korea,Wholesale,3,105940.0,35313.33
2020-10-11,2020,BMW X7,Africa,Egypt,Online,2,87505.0,43752.5
2020-10-12,2020,BMW iX3,Africa,Egypt,Dealership,2,79926.0,39963.0
2020-10-13,2020,BMW M2,South America,Argentina,Wholesale,4,104229.0,26057.25
2020-10-13,2020,BMW iX3,Europe,France,Online,5,80423.0,16084.6
2020-10-14,2020,BMW X2,Europe,Spain,Online,2,40786.0,20393.0
2020-10-15,2020,BMW 1 Series,Africa,Kenya,Online,5,98723.0,19744.6
2020-10-15,2020,BMW i8,Europe,Spain,Dealership,2,109439.0,54719.5
2020-10-15,2020,BMW i8,Africa,Kenya,Online,1,65552.0,65552.0
2020-10-15,2020,BMW X3,South America,Brazil,Online,1,116223.0,116223.0
2020-10-15,2020,BMW X6,North America,Canada,Wholesale,1,96917.0,96917.0
2020-10-16,2020,BMW X3,Asia,China,Wholesale,5,79645.0,15929.0
2020-10-16,2020,BMW X2,North America,United States,Wholesale,1,78024.0,78024.0
2020-10-16,2020,BMW X5,Africa,Nigeria,Wholesale,2,44199.0,22099.5
2020-10-16,2020,BMW 2 Series,South America,Colombia,Wholesale,4,41766.0,10441.5
2020-10-16,2020,BMW M4,Africa,Morocco,Online,1,97863.0,97863.0
2020-10-17,2020,BMW iX,South America,Peru,Online,1,46217.0,46217.0
2020-10-17,2020,BMW iX,Europe,Spain,Dealership,3,54188.0,18062.67
2020-10-17,2020,BMW iX,Africa,Morocco,Wholesale,3,49282.0,16427.33
2020-10-18,2020,BMW X7,Asia,India,Online,3,115049.0,38349.67
2020-10-18,2020,BMW 7 Series,North America,United States,Online,5,119037.0,23807.4
2020-10-18,2020,BMW M2,Europe,Italy,Dealership,1,67575.0,67575.0
2020-10-18,2020,BMW i8,Africa,Nigeria,Dealership,4,97398.0,24349.5
2020-10-18,2020,BMW X6,North America,Canada,Dealership,3,112331.0,37443.67
2020-10-19,2020,BMW 7 Series,Asia,South Korea,Dealership,3,92582.0,30860.67
2020-10-19,2020,BMW iX,Asia,China,Dealership,4,101121.0,25280.25
2020-10-19,2020,BMW iX,Africa,Nigeria,Wholesale,3,107365.0,35788.33
2020-10-20,2020,BMW iX3,Africa,Kenya,Online,1,94255.0,94255.0
2020-10-21,2020,BMW M3,Europe,United Kingdom,Wholesale,1,102307.0,102307.0
2020-10-21,2020,BMW 5 Series,Asia,Japan,Online,2,38556.0,19278.0
2020-10-21,2020,BMW M8,Asia,Thailand,Wholesale,3,65386.0,21795.33
2020-10-22,2020,BMW M8,Europe,France,Wholesale,3,103131.0,34377.0
2020-10-22,2020,BMW 5 Series,Africa,Egypt,Dealership,3,50929.0,16976.33
2020-10-23,2020,BMW M4,South America,Peru,Online,4,72936.0,18234.0
2020-10-24,2020,BMW M5,Europe,France,Wholesale,5,88812.0,17762.4
2020-10-24,2020,BMW X2,South America,Colombia,Wholesale,1,114961.0,114961.0
2020-10-24,2020,BMW 2 Series,South America,Peru,Wholesale,3,94843.0,31614.33
2020-10-24,2020,BMW X3,South America,Chile,Dealership,2,83804.0,41902.0
2020-10-25,2020,BMW M2,North America,Mexico,Online,1,92456.0,92456.0
2020-10-25,2020,BMW 4 Series,Africa,South Africa,Wholesale,3,116613.0,38871.0
2020-10-25,2020,BMW X4,Africa,Morocco,Wholesale,4,41971.0,10492.75
2020-10-25,2020,BMW M5,North America,Canada,Wholesale,5,99767.0,19953.4
2020-10-26,2020,BMW i4,North America,Mexico,Dealership,2,52066.0,26033.0
2020-10-26,2020,BMW i4,Africa,Egypt,Wholesale,4,51901.0,12975.25
2020-10-27,2020,BMW X1,South America,Chile,Dealership,1,57313.0,57313.0
2020-10-28,2020,BMW M8,Asia,China,Wholesale,1,32478.0,32478.0
2020-10-28,2020,BMW M2,Europe,France,Online,4,59218.0,14804.5
2020-10-28,2020,BMW 1 Series,South America,Chile,Wholesale,1,51471.0,51471.0
2020-10-29,2020,BMW 1 Series,South America,Chile,Online,2,82169.0,41084.5
2020-10-29,2020,BMW i8,Europe,Italy,Wholesale,2,39028.0,19514.0
2020-10-30,2020,BMW M8,South America,Brazil,Dealership,1,119949.0,119949.0
2020-10-30,2020,BMW iX,Europe,France,Dealership,3,74874.0,24958.0
2020-10-30,2020,BMW X2,Asia,China,Dealership,1,115441.0,115441.0
2020-10-30,2020,BMW M4,Africa,South Africa,Dealership,3,90661.0,30220.33
2020-10-30,2020,BMW 6 Series,North America,Mexico,Wholesale,1,96092.0,96092.0
2020-10-31,2020,BMW X2,Europe,France,Online,5,91083.0,18216.6
2020-10-31,2020,BMW M5,South America,Argentina,Dealership,2,69718.0,34859.0
2020-11-01,2020,BMW X2,Africa,Kenya,Online,1,30168.0,30168.0
2020-11-01,2020,BMW 6 Series,Europe,France,Online,2,68280.0,34140.0
2020-11-01,2020,BMW M4,South America,Peru,Wholesale,4,60539.0,15134.75
2020-11-02,2020,BMW M5,Asia,China,Wholesale,5,63351.0,12670.2
2020-11-03,2020,BMW 8 Series,Europe,Germany,Wholesale,3,64713.0,21571.0
2020-11-03,2020,BMW 2 Series,Africa,Nigeria,Dealership,4,54707.0,13676.75
2020-11-04,2020,BMW M5,South America,Argentina,Dealership,5,78101.0,15620.2
2020-11-04,2020,BMW iX,North America,Canada,Wholesale,4,97542.0,24385.5
2020-11-04,2020,BMW M2,South America,Brazil,Dealership,2,37500.0,18750.0
2020-11-05,2020,BMW 6 Series,Africa,Morocco,Wholesale,5,67702.0,13540.4
2020-11-05,2020,BMW M5,Africa,Morocco,Wholesale,4,62970.0,15742.5
2020-11-06,2020,BMW M3,Africa,South Africa,Online,5,110210.0,22042.0
2020-11-06,2020,BMW i4,Africa,Nigeria,Wholesale,4,69882.0,17470.5
2020-11-06,2020,BMW i4,North America,Mexico,Online,5,55147.0,11029.4
2020-11-06,2020,BMW i8,South America,Colombia,Online,3,47751.0,15917.0
2020-11-07,2020,BMW iX,Europe,Italy,Online,1,96247.0,96247.0
2020-11-07,2020,BMW iX,Asia,South Korea,Online,3,30029.0,10009.67
2020-11-07,2020,BMW X6,Africa,South Africa,Dealership,3,79089.0,26363.0
2020-11-08,2020,BMW i3,Africa,Nigeria,Wholesale,4,118617.0,29654.25
2020-11-08,2020,BMW X2,Africa,Nigeria,Dealership,2,90379.0,45189.5
2020-11-09,2020,BMW 8 Series,Africa,Egypt,Wholesale,1,79868.0,79868.0
2020-11-09,2020,BMW X1,North America,United States,Dealership,2,56272.0,28136.0
2020-11-10,2020,BMW X7,North America,United States,Wholesale,1,45941.0,45941.0
2020-11-10,2020,BMW X1,North America,United States,Dealership,4,38915.0,9728.75
2020-11-10,2020,BMW iX,South America,Brazil,Dealership,2,34661.0,17330.5
2020-11-11,2020,BMW iX,Europe,France,Online,3,112420.0,37473.33
2020-11-13,2020,BMW i4,Africa,Egypt,Wholesale,2,105909.0,52954.5
2020-11-13,2020,BMW 2 Series,Africa,Egypt,Online,4,44987.0,11246.75
2020-11-13,2020,BMW i4,North America,Canada,Wholesale,2,51777.0,25888.5
2020-11-14,2020,BMW M3,North America,United States,Dealership,4,85131.0,21282.75
2020-11-14,2020,BMW X7,South America,Colombia,Wholesale,3,104678.0,34892.67
2020-11-14,2020,BMW iX3,North America,United States,Wholesale,4,80785.0,20196.25
2020-11-14,2020,BMW iX3,Africa,Morocco,Online,4,47344.0,11836.0
2020-11-14,2020,BMW X4,Europe,United Kingdom,Dealership,5,81586.0,16317.2
2020-11-14,2020,BMW 7 Series,South America,Chile,Dealership,5,33062.0,6612.4
2020-11-15,2020,BMW iX,Europe,France,Wholesale,4,35151.0,8787.75
2020-11-15,2020,BMW 3 Series,Africa,Nigeria,Online,4,43133.0,10783.25
2020-11-15,2020,BMW Z4,South America,Chile,Online,4,98512.0,24628.0
2020-11-15,2020,BMW 5 Series,North America,United States,Dealership,1,35736.0,35736.0
2020-11-15,2020,BMW 6 Series,Asia,China,Online,5,42521.0,8504.2
2020-11-16,2020,BMW X7,Asia,Japan,Online,4,60262.0,15065.5
2020-11-17,2020,BMW iX,North America,United States,Wholesale,1,55015.0,55015.0
2020-11-17,2020,BMW Z4,South America,Argentina,Wholesale,2,70785.0,35392.5
2020-11-17,2020,BMW M5,Asia,China,Wholesale,1,72530.0,72530.0
2020-11-17,2020,BMW X7,Europe,United Kingdom,Online,4,35870.0,8967.5
2020-11-18,2020,BMW 3 Series,South America,Argentina,Dealership,1,76431.0,76431.0
2020-11-18,2020,BMW 8 Series,South America,Colombia,Wholesale,1,60134.0,60134.0
2020-11-19,2020,BMW M2,North America,Mexico,Wholesale,4,36654.0,9163.5
2020-11-19,2020,BMW M8,Africa,Morocco,Dealership,1,36458.0,36458.0
2020-11-19,2020,BMW M3,Europe,Germany,Online,1,31365.0,31365.0
2020-11-20,2020,BMW M8,South America,Argentina,Wholesale,4,43850.0,10962.5
2020-11-20,2020,BMW X3,South America,Peru,Dealership,2,62835.0,31417.5
2020-11-20,2020,BMW i8,Asia,Japan,Wholesale,3,75594.0,25198.0
2020-11-20,2020,BMW 8 Series,North America,United States,Dealership,1,45432.0,45432.0
2020-11-20,2020,BMW i8,Asia,South Korea,Online,4,43646.0,10911.5
2020-11-20,2020,BMW X4,South America,Argentina,Wholesale,3,89895.0,29965.0
2020-11-21,2020,BMW X1,Europe,United Kingdom,Dealership,1,69502.0,69502.0
2020-11-21,2020,BMW X7,South America,Colombia,Wholesale,1,116180.0,116180.0
2020-11-21,2020,BMW M8,Africa,South Africa,Wholesale,1,88936.0,88936.0
2020-11-22,2020,BMW 7 Series,North America,Canada,Dealership,3,103396.0,34465.33
2020-11-22,2020,BMW 7 Series,South America,Chile,Online,1,110846.0,110846.0
2020-11-22,2020,BMW X6,Africa,Morocco,Dealership,1,91720.0,91720.0
2020-11-22,2020,BMW X5,South America,Brazil,Dealership,3,115309.0,38436.33
2020-11-22,2020,BMW X1,Europe,France,Dealership,1,95030.0,95030.0
2020-11-22,2020,BMW i8,Asia,China,Online,2,62194.0,31097.0
2020-11-23,2020,BMW M4,North America,United States,Wholesale,5,47460.0,9492.0
2020-11-23,2020,BMW X3,Africa,Egypt,Wholesale,2,37488.0,18744.0
2020-11-24,2020,BMW M5,South America,Colombia,Dealership,4,102168.0,25542.0
2020-11-24,2020,BMW 2 Series,Asia,South Korea,Wholesale,2,50639.0,25319.5
2020-11-25,2020,BMW iX,Europe,Spain,Wholesale,3,64833.0,21611.0
2020-11-25,2020,BMW X1,Africa,South Africa,Wholesale,2,74254.0,37127.0
2020-11-26,2020,BMW iX,Europe,United Kingdom,Dealership,2,92309.0,46154.5
2020-11-26,2020,BMW X6,Asia,Japan,Dealership,4,46587.0,11646.75
2020-11-27,2020,BMW M8,Africa,Egypt,Wholesale,5,77631.0,15526.2
2020-11-28,2020,BMW iX3,Africa,South Africa,Wholesale,2,48050.0,24025.0
2020-11-28,2020,BMW i4,North America,Canada,Online,1,104884.0,104884.0
2020-11-28,2020,BMW 3 Series,South America,Brazil,Dealership,3,104736.0,34912.0
2020-11-28,2020,BMW 8 Series,Africa,Morocco,Dealership,1,63457.0,63457.0
2020-11-28,2020,BMW X2,North America,Mexico,Online,4,112277.0,28069.25
2020-11-29,2020,BMW i3,Africa,Egypt,Dealership,4,66069.0,16517.25
2020-11-30,2020,BMW X7,Europe,France,Dealership,3,84354.0,28118.0
2020-12-01,2020,BMW 1 Series,Africa,Kenya,Online,1,33321.0,33321.0
2020-12-01,2020,BMW M4,Europe,United Kingdom,Dealership,3,92771.0,30923.67
2020-12-01,2020,BMW 8 Series,Asia,India,Dealership,4,59060.0,14765.0
2020-12-01,2020,BMW i3,Africa,Egypt,Online,2,38208.0,19104.0
2020-12-01,2020,BMW 2 Series,North America,Mexico,Dealership,5,62390.0,12478.0
2020-12-02,2020,BMW X3,North America,Canada,Wholesale,1,106591.0,106591.0
2020-12-02,2020,BMW 1 Series,Africa,South Africa,Dealership,5,113944.0,22788.8
2020-12-02,2020,BMW X2,North America,Mexico,Dealership,3,38390.0,12796.67
2020-12-02,2020,BMW X7,Europe,France,Wholesale,5,65521.0,13104.2
2020-12-02,2020,BMW 5 Series,Africa,Nigeria,Wholesale,3,46643.0,15547.67
2020-12-03,2020,BMW M3,North America,United States,Online,4,108943.0,27235.75
2020-12-03,2020,BMW i4,South America,Colombia,Online,2,82460.0,41230.0
2020-12-03,2020,BMW 4 Series,South America,Argentina,Dealership,3,46705.0,15568.33
2020-12-04,2020,BMW M5,Africa,Kenya,Dealership,1,117372.0,117372.0
2020-12-04,2020,BMW X4,Africa,Morocco,Online,1,101626.0,101626.0
2020-12-04,2020,BMW M3,Europe,United Kingdom,Online,5,87198.0,17439.6
2020-12-04,2020,BMW M8,Europe,France,Wholesale,4,117983.0,29495.75
2020-12-05,2020,BMW X2,North America,United States,Dealership,4,72380.0,18095.0
2020-12-05,2020,BMW 7 Series,Africa,Egypt,Dealership,5,114257.0,22851.4
2020-12-05,2020,BMW X1,Asia,Thailand,Online,1,53196.0,53196.0
2020-12-05,2020,BMW 6 Series,Africa,Egypt,Wholesale,3,98315.0,32771.67
2020-12-06,2020,BMW i3,Europe,Italy,Wholesale,1,34837.0,34837.0
2020-12-06,2020,BMW 2 Series,Europe,France,Wholesale,4,54744.0,13686.0
2020-12-07,2020,BMW X2,North America,United States,Dealership,3,99579.0,33193.0
2020-12-07,2020,BMW Z4,South America,Colombia,Dealership,2,74388.0,37194.0
2020-12-08,2020,BMW 8 Series,Europe,Germany,Dealership,5,112922.0,22584.4
2020-12-08,2020,BMW M8,South America,Chile,Wholesale,1,78814.0,78814.0
2020-12-08,2020,BMW 5 Series,Europe,Italy,Online,5,88769.0,17753.8
2020-12-08,2020,BMW 5 Series,Africa,Egypt,Online,1,37139.0,37139.0
2020-12-09,2020,BMW i3,North America,Mexico,Dealership,3,34507.0,11502.33
2020-12-10,2020,BMW X5,Asia,Japan,Dealership,1,56620.0,56620.0
2020-12-10,2020,BMW M5,North America,United States,Dealership,1,39669.0,39669.0
2020-12-11,2020,BMW X6,Asia,China,Online,1,54718.0,54718.0
2020-12-11,2020,BMW 8 Series,Europe,Germany,Wholesale,4,76908.0,19227.0
2020-12-11,2020,BMW M2,Asia,India,Dealership,4,89115.0,22278.75
2020-12-11,2020,BMW 5 Series,South America,Colombia,Online,2,52413.0,26206.5
2020-12-11,2020,BMW X6,South America,Colombia,Dealership,4,47305.0,11826.25
2020-12-12,2020,BMW M2,North America,Mexico,Wholesale,2,64263.0,32131.5
2020-12-12,2020,BMW 1 Series,Asia,India,Online,5,73953.0,14790.6
2020-12-13,2020,BMW 1 Series,North America,Canada,Online,1,75471.0,75471.0
2020-12-13,2020,BMW X7,Africa,Morocco,Dealership,5,64120.0,12824.0
2020-12-13,2020,BMW 7 Series,Africa,Morocco,Wholesale,2,101384.0,50692.0
2020-12-13,2020,BMW X2,Africa,South Africa,Wholesale,2,103721.0,51860.5
2020-12-14,2020,BMW M2,South America,Colombia,Wholesale,5,49579.0,9915.8
2020-12-15,2020,BMW 1 Series,Asia,China,Wholesale,2,108330.0,54165.0
2020-12-16,2020,BMW X2,Africa,Egypt,Wholesale,5,91609.0,18321.8
2020-12-17,2020,BMW 4 Series,Europe,France,Online,2,32859.0,16429.5
2020-12-17,2020,BMW 7 Series,Africa,Kenya,Online,2,39533.0,19766.5
2020-12-17,2020,BMW 7 Series,North America,Canada,Wholesale,2,39718.0,19859.0
2020-12-18,2020,BMW M2,Asia,India,Online,5,97500.0,19500.0
2020-12-18,2020,BMW 7 Series,Asia,Thailand,Dealership,2,99914.0,49957.0
2020-12-18,2020,BMW X3,Africa,Kenya,Online,4,32921.0,8230.25
2020-12-20,2020,BMW X1,North America,United States,Dealership,4,33498.0,8374.5
2020-12-21,2020,BMW Z4,South America,Brazil,Wholesale,4,113731.0,28432.75
2020-12-21,2020,BMW iX,North America,Mexico,Online,4,105877.0,26469.25
2020-12-21,2020,BMW 7 Series,South America,Peru,Wholesale,4,95107.0,23776.75
2020-12-21,2020,BMW 2 Series,South America,Colombia,Dealership,1,44698.0,44698.0
2020-12-22,2020,BMW X6,South America,Argentina,Dealership,2,109833.0,54916.5
2020-12-22,2020,BMW X7,Europe,United Kingdom,Dealership,3,73871.0,24623.67
2020-12-23,2020,BMW i4,Africa,Egypt,Online,1,32684.0,32684.0
2020-12-23,2020,BMW 8 Series,Europe,Germany,Wholesale,5,42767.0,8553.4
2020-12-23,2020,BMW 3 Series,Asia,Japan,Dealership,1,43531.0,43531.0
2020-12-23,2020,BMW M5,South America,Colombia,Dealership,3,85211.0,28403.67
2020-12-24,2020,BMW 8 Series,Asia,Thailand,Wholesale,2,76478.0,38239.0
2020-12-24,2020,BMW 8 Series,Europe,United Kingdom,Wholesale,4,119179.0,29794.75
2020-12-24,2020,BMW 2 Series,Asia,Japan,Dealership,1,36775.0,36775.0
2020-12-24,2020,BMW i8,North America,Canada,Dealership,2,64946.0,32473.0
2020-12-25,2020,BMW M8,South America,Peru,Wholesale,3,101859.0,33953.0
2020-12-25,2020,BMW 6 Series,Africa,Morocco,Online,1,107731.0,107731.0
2020-12-26,2020,BMW X5,South America,Argentina,Wholesale,5,61688.0,12337.6
2020-12-26,2020,BMW X4,Africa,Nigeria,Wholesale,2,76257.0,38128.5
2020-12-26,2020,BMW X3,South America,Peru,Wholesale,3,49784.0,16594.67
2020-12-26,2020,BMW 4 Series,Asia,Japan,Wholesale,5,61560.0,12312.0
2020-12-27,2020,BMW iX3,Europe,Germany,Online,4,119100.0,29775.0
2020-12-27,2020,BMW Z4,Europe,France,Wholesale,2,53148.0,26574.0
2020-12-27,2020,BMW M8,Africa,Kenya,Wholesale,2,100904.0,50452.0
2020-12-27,2020,BMW 7 Series,North America,Canada,Wholesale,4,109874.0,27468.5
2020-12-28,2020,BMW M3,South America,Brazil,Online,1,86485.0,86485.0
2020-12-28,2020,BMW M3,Asia,India,Online,4,103198.0,25799.5
2020-12-29,2020,BMW X7,Asia,India,Dealership,5,76880.0,15376.0
2020-12-30,2020,BMW iX3,Africa,Kenya,Wholesale,3,89977.0,29992.33
2020-12-30,2020,BMW X3,Africa,South Africa,Dealership,4,47540.0,11885.0
2020-12-30,2020,BMW 3 Series,Asia,Thailand,Online,1,46494.0,46494.0
2020-12-30,2020,BMW X4,North America,Mexico,Wholesale,5,44465.0,8893.0
2020-12-30,2020,BMW X4,South America,Colombia,Dealership,5,104147.0,20829.4
2020-12-31,2020,BMW M5,Europe,Germany,Wholesale,2,49416.0,24708.0
2020-12-31,2020,BMW Z4,Europe,Germany,Wholesale,1,99231.0,99231.0
2020-12-31,2020,BMW 8 Series,North America,Mexico,Dealership,1,107952.0,107952.0
2020-12-31,2020,BMW 5 Series,South America,Chile,Wholesale,2,97797.0,48898.5
2021-01-01,2021,BMW 1 Series,Europe,Italy,Online,3,82445.0,27481.67
2021-01-01,2021,BMW 3 Series,Europe,United Kingdom,Wholesale,4,40149.0,10037.25
2021-01-01,2021,BMW 8 Series,Europe,Germany,Dealership,2,100288.0,50144.0
2021-01-02,2021,BMW 4 Series,Asia,Japan,Online,4,95618.0,23904.5
2021-01-02,2021,BMW 3 Series,Asia,South Korea,Online,1,50733.0,50733.0
2021-01-02,2021,BMW iX,North America,Mexico,Wholesale,2,108487.0,54243.5
2021-01-03,2021,BMW iX3,Europe,France,Dealership,3,70965.0,23655.0
2021-01-04,2021,BMW X1,North America,United States,Dealership,1,117464.0,117464.0
2021-01-04,2021,BMW X5,South America,Colombia,Online,4,46029.0,11507.25
2021-01-04,2021,BMW i4,Asia,Japan,Wholesale,4,33044.0,8261.0
2021-01-04,2021,BMW i4,Africa,Egypt,Dealership,4,107355.0,26838.75
2021-01-05,2021,BMW M3,Europe,United Kingdom,Dealership,4,113574.0,28393.5
2021-01-05,2021,BMW i4,South America,Brazil,Dealership,5,31355.0,6271.0
2021-01-05,2021,BMW X3,Europe,United Kingdom,Dealership,4,105652.0,26413.0
2021-01-06,2021,BMW M8,South America,Brazil,Dealership,1,65035.0,65035.0
2021-01-07,2021,BMW M8,Europe,Italy,Dealership,2,107495.0,53747.5
2021-01-07,2021,BMW 8 Series,Europe,France,Dealership,4,115478.0,28869.5
2021-01-07,2021,BMW 8 Series,North America,Mexico,Wholesale,4,89150.0,22287.5
2021-01-07,2021,BMW 7 Series,Asia,China,Wholesale,2,93252.0,46626.0
2021-01-08,2021,BMW M8,North America,Mexico,Dealership,5,117472.0,23494.4
2021-01-09,2021,BMW 6 Series,South America,Brazil,Wholesale,1,106587.0,106587.0
2021-01-09,2021,BMW M2,North America,Mexico,Wholesale,2,98095.0,49047.5
2021-01-09,2021,BMW 3 Series,Europe,Italy,Dealership,1,105335.0,105335.0
2021-01-09,2021,BMW X1,North America,Canada,Wholesale,2,40722.0,20361.0
2021-01-10,2021,BMW 3 Series,Europe,United Kingdom,Online,3,106591.0,35530.33
2021-01-10,2021,BMW X1,North America,Mexico,Wholesale,5,69025.0,13805.0
2021-01-10,2021,BMW M3,Africa,Nigeria,Dealership,3,67488.0,22496.0
2021-01-10,2021,BMW i3,Europe,Germany,Online,2,94533.0,47266.5
2021-01-10,2021,BMW X4,Asia,India,Wholesale,2,36880.0,18440.0
2021-01-11,2021,BMW 5 Series,North America,Canada,Dealership,1,99327.0,99327.0
2021-01-11,2021,BMW 3 Series,South America,Colombia,Wholesale,2,39859.0,19929.5
2021-01-12,2021,BMW 7 Series,North America,Mexico,Dealership,1,106897.0,106897.0
2021-01-12,2021,BMW 1 Series,Asia,Japan,Dealership,1,39329.0,39329.0
2021-01-13,2021,BMW X1,Europe,Germany,Dealership,3,80509.0,26836.33
2021-01-13,2021,BMW iX,Asia,Thailand,Dealership,5,62693.0,12538.6
2021-01-13,2021,BMW 4 Series,Asia,China,Wholesale,2,78603.0,39301.5
2021-01-13,2021,BMW X2,Asia,South Korea,Online,1,102582.0,102582.0
2021-01-14,2021,BMW Z4,Asia,Japan,Dealership,2,78848.0,39424.0
2021-01-15,2021,BMW 3 Series,South America,Brazil,Wholesale,1,51491.0,51491.0
2021-01-15,2021,BMW M8,Africa,Morocco,Online,1,87948.0,87948.0
2021-01-16,2021,BMW 1 Series,Africa,Morocco,Online,1,85277.0,85277.0
2021-01-16,2021,BMW 8 Series,South America,Brazil,Dealership,1,109044.0,109044.0
2021-01-17,2021,BMW 6 Series,Africa,Morocco,Wholesale,2,100278.0,50139.0
2021-01-17,2021,BMW M2,Africa,Egypt,Online,2,73441.0,36720.5
2021-01-17,2021,BMW M5,Africa,Egypt,Dealership,5,79915.0,15983.0
2021-01-19,2021,BMW 2 Series,Africa,Kenya,Dealership,5,79823.0,15964.6
2021-01-20,2021,BMW 6 Series,South America,Chile,Online,5,57133.0,11426.6
2021-01-20,2021,BMW iX,Africa,Egypt,Wholesale,5,61712.0,12342.4
2021-01-21,2021,BMW 6 Series,Africa,Kenya,Wholesale,2,114271.0,57135.5
2021-01-21,2021,BMW iX,Europe,Italy,Wholesale,4,42869.0,10717.25
2021-01-21,2021,BMW 7 Series,South America,Argentina,Dealership,3,65754.0,21918.0
2021-01-21,2021,BMW i4,Asia,South Korea,Online,5,110483.0,22096.6
2021-01-22,2021,BMW 4 Series,Africa,Nigeria,Online,5,113186.0,22637.2
2021-01-22,2021,BMW M4,Europe,Spain,Online,2,73026.0,36513.0
2021-01-23,2021,BMW 2 Series,Europe,Italy,Wholesale,2,77266.0,38633.0
2021-01-23,2021,BMW i3,Europe,Spain,Dealership,3,75309.0,25103.0
2021-01-23,2021,BMW 2 Series,South America,Brazil,Wholesale,2,115406.0,57703.0
2021-01-23,2021,BMW M2,North America,United States,Online,1,116333.0,116333.0
2021-01-23,2021,BMW i3,South America,Peru,Online,3,48787.0,16262.33
2021-01-23,2021,BMW 3 Series,North America,Mexico,Online,2,57428.0,28714.0
2021-01-24,2021,BMW X7,North America,Mexico,Wholesale,2,105341.0,52670.5
2021-01-24,2021,BMW X2,Europe,Spain,Online,2,97194.0,48597.0
2021-01-24,2021,BMW 7 Series,South America,Brazil,Online,4,42113.0,10528.25
2021-01-25,2021,BMW X2,Asia,Thailand,Online,4,41679.0,10419.75
2021-01-25,2021,BMW Z4,Africa,Morocco,Dealership,5,62992.0,12598.4
2021-01-26,2021,BMW M8,Africa,Kenya,Wholesale,4,71253.0,17813.25
2021-01-26,2021,BMW Z4,South America,Colombia,Dealership,3,41975.0,13991.67
2021-01-26,2021,BMW i4,Africa,South Africa,Wholesale,2,44954.0,22477.0
2021-01-26,2021,BMW 1 Series,South America,Chile,Wholesale,4,37444.0,9361.0
2021-01-26,2021,BMW M8,Europe,Germany,Dealership,2,63132.0,31566.0
2021-01-27,2021,BMW 7 Series,North America,Canada,Dealership,1,74899.0,74899.0
2021-01-27,2021,BMW M5,North America,Mexico,Dealership,2,71472.0,35736.0
2021-01-27,2021,BMW M2,Europe,France,Wholesale,5,88147.0,17629.4
2021-01-27,2021,BMW Z4,Europe,Italy,Online,5,94608.0,18921.6
2021-01-27,2021,BMW X5,North America,United States,Dealership,1,117945.0,117945.0
2021-01-27,2021,BMW 2 Series,South America,Colombia,Wholesale,4,57134.0,14283.5
2021-01-28,2021,BMW X4,South America,Chile,Wholesale,5,101129.0,20225.8
2021-01-28,2021,BMW X3,South America,Argentina,Online,1,34739.0,34739.0
2021-01-28,2021,BMW M8,South America,Brazil,Online,4,78180.0,19545.0
2021-01-29,2021,BMW 7 Series,North America,United States,Online,2,36453.0,18226.5
2021-01-29,2021,BMW X2,Africa,Morocco,Dealership,3,116378.0,38792.67
2021-01-29,2021,BMW i8,Asia,Japan,Dealership,2,49965.0,24982.5
2021-01-29,2021,BMW 8 Series,Europe,Spain,Dealership,4,66088.0,16522.0
2021-01-29,2021,BMW 6 Series,North America,Canada,Online,2,83319.0,41659.5
2021-01-30,2021,BMW X4,Asia,South Korea,Wholesale,2,99915.0,49957.5
2021-01-30,2021,BMW X4,South America,Chile,Online,1,70739.0,70739.0
2021-01-31,2021,BMW 3 Series,Africa,Nigeria,Online,5,107774.0,21554.8
2021-01-31,2021,BMW M3,Asia,Japan,Dealership,5,31378.0,6275.6
2021-01-31,2021,BMW 3 Series,North America,United States,Wholesale,3,78747.0,26249.0
2021-02-01,2021,BMW Z4,North America,Canada,Dealership,2,30794.0,15397.0
2021-02-01,2021,BMW i3,South America,Colombia,Dealership,4,109843.0,27460.75
2021-02-01,2021,BMW 5 Series,Europe,United Kingdom,Dealership,2,90706.0,45353.0
2021-02-01,2021,BMW 2 Series,Africa,Egypt,Wholesale,1,45834.0,45834.0
2021-02-01,2021,BMW M8,Africa,Morocco,Wholesale,1,48642.0,48642.0
2021-02-02,2021,BMW M8,South America,Chile,Dealership,1,80637.0,80637.0
2021-02-02,2021,BMW X6,Europe,Italy,Online,1,117142.0,117142.0
2021-02-03,2021,BMW M2,Africa,South Africa,Dealership,2,32192.0,16096.0
2021-02-03,2021,BMW 4 Series,Africa,Egypt,Dealership,3,46291.0,15430.33
2021-02-03,2021,BMW X5,Europe,Germany,Online,1,78960.0,78960.0
2021-02-04,2021,BMW M4,Asia,Japan,Online,5,117746.0,23549.2
2021-02-04,2021,BMW M8,South America,Argentina,Wholesale,5,104217.0,20843.4
2021-02-04,2021,BMW 3 Series,Asia,Thailand,Online,5,92582.0,18516.4
2021-02-05,2021,BMW X5,Europe,Germany,Dealership,2,37938.0,18969.0
2021-02-05,2021,BMW i3,Africa,Kenya,Dealership,5,38769.0,7753.8
2021-02-07,2021,BMW Z4,North America,Mexico,Wholesale,1,112095.0,112095.0
2021-02-07,2021,BMW i3,North America,Mexico,Wholesale,4,55579.0,13894.75
2021-02-08,2021,BMW 5 Series,Europe,Italy,Wholesale,3,119376.0,39792.0
2021-02-08,2021,BMW X7,North America,Mexico,Wholesale,5,45684.0,9136.8
2021-02-09,2021,BMW M5,Asia,China,Wholesale,2,70753.0,35376.5
2021-02-09,2021,BMW X7,Europe,United Kingdom,Wholesale,3,77965.0,25988.33
2021-02-09,2021,BMW 4 Series,Europe,Germany,Online,2,106587.0,53293.5
2021-02-09,2021,BMW 4 Series,Africa,South Africa,Dealership,3,102126.0,34042.0
2021-02-09,2021,BMW M8,North America,Canada,Wholesale,3,89633.0,29877.67
2021-02-09,2021,BMW X2,Asia,China,Wholesale,1,46560.0,46560.0
2021-02-10,2021,BMW 4 Series,Asia,India,Dealership,3,77754.0,25918.0
2021-02-11,2021,BMW 4 Series,North America,Mexico,Online,4,66326.0,16581.5
2021-02-11,2021,BMW X1,Asia,South Korea,Dealership,4,79130.0,19782.5
2021-02-12,2021,BMW 8 Series,Asia,China,Wholesale,4,75382.0,18845.5
2021-02-13,2021,BMW X4,Africa,Nigeria,Dealership,2,105864.0,52932.0
2021-02-13,2021,BMW M2,North America,United States,Online,1,82788.0,82788.0
2021-02-13,2021,BMW iX3,Africa,South Africa,Wholesale,2,101296.0,50648.0
2021-02-14,2021,BMW Z4,Asia,China,Wholesale,5,55720.0,11144.0
2021-02-14,2021,BMW M3,North America,United States,Wholesale,4,80250.0,20062.5
2021-02-15,2021,BMW 5 Series,North America,Canada,Online,4,34849.0,8712.25
2021-02-15,2021,BMW M8,South America,Colombia,Wholesale,1,94099.0,94099.0
2021-02-16,2021,BMW 5 Series,Asia,South Korea,Online,1,58973.0,58973.0
2021-02-16,2021,BMW i8,Europe,Spain,Online,2,33883.0,16941.5
2021-02-18,2021,BMW M8,Africa,Nigeria,Dealership,2,117972.0,58986.0
2021-02-18,2021,BMW X4,South America,Brazil,Dealership,4,118534.0,29633.5
2021-02-18,2021,BMW 2 Series,Asia,India,Online,3,32420.0,10806.67
2021-02-19,2021,BMW 2 Series,South America,Colombia,Online,1,52844.0,52844.0
2021-02-19,2021,BMW X7,South America,Colombia,Online,5,54318.0,10863.6
2021-02-20,2021,BMW X7,Asia,Thailand,Online,1,57940.0,57940.0
2021-02-20,2021,BMW 8 Series,Africa,Nigeria,Wholesale,2,50661.0,25330.5
2021-02-20,2021,BMW i8,Africa,Egypt,Wholesale,3,95164.0,31721.33
2021-02-21,2021,BMW M4,Europe,United Kingdom,Online,3,47878.0,15959.33
2021-02-21,2021,BMW iX,Asia,South Korea,Wholesale,5,30368.0,6073.6
2021-02-21,2021,BMW 7 Series,Europe,Germany,Online,3,109317.0,36439.0
2021-02-21,2021,BMW i8,Europe,Italy,Dealership,5,107229.0,21445.8
2021-02-21,2021,BMW M5,Asia,China,Dealership,2,55302.0,27651.0
2021-02-21,2021,BMW i4,Asia,China,Online,1,68547.0,68547.0
2021-02-21,2021,BMW X7,Africa,Egypt,Online,2,93699.0,46849.5
2021-02-22,2021,BMW X4,Europe,United Kingdom,Dealership,2,100221.0,50110.5
2021-02-22,2021,BMW M2,South America,Argentina,Dealership,3,43823.0,14607.67
2021-02-22,2021,BMW X2,North America,United States,Online,1,40868.0,40868.0
2021-02-23,2021,BMW Z4,Asia,Japan,Wholesale,1,107221.0,107221.0
2021-02-24,2021,BMW X3,North America,Mexico,Online,5,57394.0,11478.8
2021-02-24,2021,BMW 5 Series,North America,Mexico,Dealership,1,41870.0,41870.0
2021-02-24,2021,BMW i3,North America,United States,Wholesale,2,60736.0,30368.0
2021-02-24,2021,BMW X6,Asia,India,Dealership,2,32477.0,16238.5
2021-02-24,2021,BMW X1,Africa,Kenya,Wholesale,3,76323.0,25441.0
2021-02-24,2021,BMW M3,Africa,South Africa,Dealership,5,71941.0,14388.2
2021-02-25,2021,BMW X5,Asia,Thailand,Dealership,1,79649.0,79649.0
2021-02-25,2021,BMW iX3,Africa,Kenya,Online,1,73406.0,73406.0
2021-02-25,2021,BMW X6,Asia,China,Online,2,67595.0,33797.5
2021-02-27,2021,BMW X7,North America,United States,Dealership,4,90811.0,22702.75
2021-02-27,2021,BMW X4,Africa,South Africa,Online,5,88414.0,17682.8
2021-02-27,2021,BMW X7,Africa,South Africa,Online,5,86820.0,17364.0
2021-02-28,2021,BMW 7 Series,Africa,South Africa,Dealership,4,41009.0,10252.25
2021-02-28,2021,BMW iX3,Asia,Japan,Dealership,5,51378.0,10275.6
2021-02-28,2021,BMW M8,North America,United States,Wholesale,4,50642.0,12660.5
2021-03-02,2021,BMW iX3,Europe,Spain,Wholesale,4,87614.0,21903.5
2021-03-02,2021,BMW M5,South America,Colombia,Wholesale,1,79504.0,79504.0
2021-03-02,2021,BMW M2,North America,United States,Online,3,76993.0,25664.33
2021-03-02,2021,BMW M2,North America,Mexico,Dealership,4,59756.0,14939.0
2021-03-03,2021,BMW 7 Series,Europe,Germany,Dealership,1,72861.0,72861.0
2021-03-03,2021,BMW iX,North America,United States,Online,5,84664.0,16932.8
2021-03-03,2021,BMW X4,Europe,Germany,Online,3,83409.0,27803.0
2021-03-04,2021,BMW i3,North America,United States,Online,1,41027.0,41027.0
2021-03-04,2021,BMW M3,North America,United States,Online,4,39971.0,9992.75
2021-03-04,2021,BMW 7 Series,South America,Peru,Online,3,74533.0,24844.33
2021-03-05,2021,BMW X3,Asia,South Korea,Wholesale,3,42952.0,14317.33
2021-03-07,2021,BMW Z4,North America,Mexico,Wholesale,3,75267.0,25089.0
2021-03-07,2021,BMW 3 Series,Asia,India,Dealership,4,74963.0,18740.75
2021-03-07,2021,BMW X4,South America,Colombia,Online,1,76212.0,76212.0
2021-03-07,2021,BMW iX,North America,United States,Dealership,1,54806.0,54806.0
2021-03-07,2021,BMW 1 Series,Europe,Italy,Wholesale,1,34158.0,34158.0
2021-03-07,2021,BMW M2,Europe,Spain,Dealership,2,94658.0,47329.0
2021-03-08,2021,BMW 1 Series,North America,Mexico,Wholesale,2,105592.0,52796.0
2021-03-08,2021,BMW X3,Africa,Nigeria,Dealership,2,70254.0,35127.0
2021-03-08,2021,BMW 6 Series,Asia,Japan,Wholesale,5,90614.0,18122.8
2021-03-08,2021,BMW iX3,Africa,South Africa,Online,1,101691.0,101691.0
2021-03-09,2021,BMW X5,North America,Canada,Online,3,35022.0,11674.0
2021-03-09,2021,BMW 8 Series,South America,Brazil,Dealership,5,111210.0,22242.0
2021-03-09,2021,BMW Z4,North America,United States,Dealership,3,83871.0,27957.0
2021-03-09,2021,BMW i3,Asia,India,Online,5,96107.0,19221.4
2021-03-10,2021,BMW 2 Series,North America,United States,Dealership,3,37038.0,12346.0
2021-03-11,2021,BMW M5,Asia,China,Dealership,2,75231.0,37615.5
2021-03-11,2021,BMW 5 Series,Asia,India,Wholesale,4,60632.0,15158.0
2021-03-11,2021,BMW i4,South America,Peru,Wholesale,5,82273.0,16454.6
2021-03-12,2021,BMW iX,Europe,Italy,Online,3,76360.0,25453.33
2021-03-12,2021,BMW iX,Africa,South Africa,Dealership,2,60571.0,30285.5
2021-03-12,2021,BMW i8,Asia,South Korea,Wholesale,5,64708.0,12941.6
2021-03-13,2021,BMW X4,South America,Peru,Dealership,4,60328.0,15082.0
2021-03-14,2021,BMW 2 Series,North America,United States,Online,4,40306.0,10076.5
2021-03-14,2021,BMW 1 Series,South America,Colombia,Online,1,102480.0,102480.0
2021-03-15,2021,BMW X7,Africa,Kenya,Wholesale,5,37344.0,7468.8
2021-03-15,2021,BMW 6 Series,North America,Canada,Online,4,95951.0,23987.75
2021-03-16,2021,BMW M4,Africa,Kenya,Wholesale,2,105739.0,52869.5
2021-03-16,2021,BMW i4,North America,Canada,Wholesale,3,91987.0,30662.33
2021-03-16,2021,BMW 6 Series,Africa,South Africa,Online,3,84587.0,28195.67
2021-03-16,2021,BMW i3,Africa,Nigeria,Dealership,4,47619.0,11904.75
2021-03-17,2021,BMW 7 Series,Africa,Morocco,Online,4,90109.0,22527.25
2021-03-19,2021,BMW 2 Series,North America,Canada,Dealership,3,100514.0,33504.67
2021-03-19,2021,BMW 5 Series,Europe,Italy,Wholesale,2,76335.0,38167.5
2021-03-19,2021,BMW X5,Europe,United Kingdom,Dealership,4,51310.0,12827.5
2021-03-20,2021,BMW X6,Asia,South Korea,Dealership,2,104070.0,52035.0
2021-03-20,2021,BMW X2,North America,United States,Dealership,2,85134.0,42567.0
2021-03-20,2021,BMW 7 Series,North America,Canada,Wholesale,3,44358.0,14786.0
2021-03-20,2021,BMW 2 Series,Asia,China,Dealership,3,97667.0,32555.67
2021-03-21,2021,BMW M5,Africa,Nigeria,Dealership,2,54346.0,27173.0
2021-03-21,2021,BMW X6,North America,Mexico,Wholesale,2,37025.0,18512.5
2021-03-23,2021,BMW 8 Series,Africa,Egypt,Wholesale,4,105614.0,26403.5
2021-03-23,2021,BMW X7,North America,Mexico,Online,2,30016.0,15008.0
2021-03-23,2021,BMW X7,Europe,France,Wholesale,1,61171.0,61171.0
2021-03-24,2021,BMW i8,Asia,China,Online,2,91156.0,45578.0
2021-03-24,2021,BMW 4 Series,Asia,South Korea,Online,4,60396.0,15099.0
2021-03-24,2021,BMW 6 Series,Europe,France,Wholesale,3,31027.0,10342.33
2021-03-24,2021,BMW X6,Asia,Thailand,Online,2,90992.0,45496.0
2021-03-24,2021,BMW X4,Europe,Germany,Dealership,3,99833.0,33277.67
2021-03-24,2021,BMW X5,South America,Brazil,Wholesale,5,78196.0,15639.2
2021-03-24,2021,BMW 3 Series,Asia,India,Online,2,116069.0,58034.5
2021-03-24,2021,BMW X4,Europe,Italy,Dealership,3,79577.0,26525.67
2021-03-25,2021,BMW i4,North America,Canada,Dealership,5,104210.0,20842.0
2021-03-26,2021,BMW X2,Europe,Spain,Online,4,39096.0,9774.0
2021-03-26,2021,BMW 1 Series,South America,Argentina,Online,4,104135.0,26033.75
2021-03-26,2021,BMW Z4,Europe,Italy,Dealership,4,89921.0,22480.25
2021-03-26,2021,BMW 1 Series,Europe,Germany,Dealership,4,83565.0,20891.25
2021-03-27,2021,BMW M8,Asia,South Korea,Wholesale,4,86093.0,21523.25
2021-03-28,2021,BMW M2,Africa,Morocco,Online,3,119698.0,39899.33
2021-03-28,2021,BMW 4 Series,Asia,Thailand,Wholesale,5,95820.0,19164.0
2021-03-28,2021,BMW X2,Asia,Japan,Online,1,115950.0,115950.0
2021-03-29,2021,BMW 8 Series,Asia,Japan,Wholesale,5,114259.0,22851.8
2021-03-29,2021,BMW 8 Series,South America,Argentina,Wholesale,2,113942.0,56971.0
2021-03-29,2021,BMW i8,Africa,Kenya,Online,3,76456.0,25485.33
2021-03-29,2021,BMW X5,Africa,South Africa,Dealership,1,42891.0,42891.0
2021-03-30,2021,BMW M3,Asia,India,Dealership,1,55294.0,55294.0
2021-03-30,2021,BMW 2 Series,Europe,Italy,Wholesale,3,97696.0,32565.33
2021-03-31,2021,BMW 5 Series,Africa,South Africa,Online,3,114984.0,38328.0
2021-03-31,2021,BMW iX,North America,Canada,Online,4,73114.0,18278.5
2021-03-31,2021,BMW X2,South America,Chile,Dealership,4,119116.0,29779.0
2021-04-01,2021,BMW M4,Asia,China,Dealership,5,34888.0,6977.6
2021-04-01,2021,BMW X6,North America,Canada,Online,4,36795.0,9198.75
2021-04-02,2021,BMW 6 Series,Europe,France,Online,2,98901.0,49450.5
2021-04-02,2021,BMW 2 Series,North America,United States,Online,1,71703.0,71703.0
2021-04-03,2021,BMW iX,North America,Mexico,Dealership,4,79699.0,19924.75
2021-04-03,2021,BMW M4,North America,Mexico,Wholesale,4,35587.0,8896.75
2021-04-03,2021,BMW X7,Europe,United Kingdom,Wholesale,4,64396.0,16099.0
2021-04-03,2021,BMW Z4,Asia,South Korea,Wholesale,5,109687.0,21937.4
2021-04-04,2021,BMW M4,Asia,India,Online,2,115504.0,57752.0
2021-04-04,2021,BMW iX3,Africa,Kenya,Online,2,58337.0,29168.5
2021-04-04,2021,BMW 8 Series,Africa,Nigeria,Wholesale,1,55642.0,55642.0
2021-04-05,2021,BMW M5,North America,Canada,Wholesale,5,88565.0,17713.0
2021-04-05,2021,BMW X4,South America,Colombia,Online,3,92830.0,30943.33
2021-04-05,2021,BMW i8,South America,Peru,Wholesale,3,70197.0,23399.0
2021-04-05,2021,BMW X4,North America,Mexico,Online,3,114300.0,38100.0
2021-04-05,2021,BMW i4,Africa,Morocco,Online,5,55286.0,11057.2
2021-04-06,2021,BMW 8 Series,North America,Canada,Wholesale,2,59080.0,29540.0
2021-04-06,2021,BMW 5 Series,North America,Canada,Wholesale,4,117229.0,29307.25
2021-04-06,2021,BMW 6 Series,Europe,Italy,Dealership,4,31634.0,7908.5
2021-04-06,2021,BMW Z4,Europe,Spain,Online,2,109837.0,54918.5
2021-04-07,2021,BMW X2,Asia,South Korea,Dealership,2,41829.0,20914.5
2021-04-07,2021,BMW X1,Africa,Morocco,Dealership,2,71387.0,35693.5
2021-04-07,2021,BMW X1,Asia,Japan,Online,3,98524.0,32841.33
2021-04-07,2021,BMW 2 Series,Asia,Thailand,Wholesale,3,105324.0,35108.0
2021-04-09,2021,BMW M2,South America,Colombia,Online,1,59681.0,59681.0
2021-04-09,2021,BMW 4 Series,Europe,Italy,Online,1,82488.0,82488.0
2021-04-09,2021,BMW X7,Africa,Morocco,Online,2,107154.0,53577.0
2021-04-11,2021,BMW 3 Series,Asia,India,Wholesale,3,54715.0,18238.33
2021-04-12,2021,BMW i8,Asia,Japan,Wholesale,1,48643.0,48643.0
2021-04-12,2021,BMW 4 Series,North America,United States,Dealership,4,87198.0,21799.5
2021-04-12,2021,BMW X1,Asia,Japan,Dealership,1,89789.0,89789.0
2021-04-12,2021,BMW X1,Africa,Nigeria,Wholesale,1,31207.0,31207.0
2021-04-12,2021,BMW X4,Europe,Italy,Dealership,3,66624.0,22208.0
2021-04-13,2021,BMW X4,North America,Canada,Online,4,106160.0,26540.0
2021-04-13,2021,BMW M2,Africa,South Africa,Wholesale,3,83219.0,27739.67
2021-04-14,2021,BMW 2 Series,North America,Canada,Wholesale,3,38338.0,12779.33
2021-04-14,2021,BMW X7,South America,Peru,Dealership,1,66820.0,66820.0
2021-04-14,2021,BMW 6 Series,Africa,Nigeria,Online,2,36242.0,18121.0
2021-04-14,2021,BMW 1 Series,Asia,India,Wholesale,5,43764.0,8752.8
2021-04-14,2021,BMW X3,Africa,Kenya,Online,4,103355.0,25838.75
2021-04-15,2021,BMW 8 Series,Europe,Italy,Online,4,79185.0,19796.25
2021-04-15,2021,BMW X1,South America,Chile,Online,3,110977.0,36992.33
2021-04-15,2021,BMW M3,Asia,Thailand,Dealership,2,62924.0,31462.0
2021-04-16,2021,BMW iX3,Asia,China,Dealership,1,92759.0,92759.0
2021-04-16,2021,BMW 5 Series,North America,United States,Online,3,94036.0,31345.33
2021-04-16,2021,BMW 6 Series,Africa,Egypt,Dealership,2,118268.0,59134.0
2021-04-17,2021,BMW 7 Series,Africa,Morocco,Wholesale,4,91486.0,22871.5
2021-04-17,2021,BMW X3,North America,Mexico,Dealership,1,79039.0,79039.0
2021-04-18,2021,BMW M5,South America,Peru,Wholesale,5,48782.0,9756.4
2021-04-18,2021,BMW 4 Series,South America,Brazil,Wholesale,2,43351.0,21675.5
2021-04-18,2021,BMW i3,North America,Mexico,Online,3,84501.0,28167.0
2021-04-18,2021,BMW X3,Asia,Thailand,Dealership,3,60519.0,20173.0
2021-04-19,2021,BMW i8,Europe,Spain,Dealership,4,64161.0,16040.25
2021-04-19,2021,BMW 8 Series,Africa,Nigeria,Dealership,5,67039.0,13407.8
2021-04-20,2021,BMW 3 Series,Asia,Thailand,Wholesale,5,69884.0,13976.8
2021-04-21,2021,BMW X2,South America,Brazil,Dealership,3,47105.0,15701.67
2021-04-21,2021,BMW X5,North America,Canada,Online,2,84822.0,42411.0
2021-04-21,2021,BMW M3,South America,Chile,Wholesale,3,32017.0,10672.33
2021-04-22,2021,BMW i3,Asia,South Korea,Dealership,5,79421.0,15884.2
2021-04-22,2021,BMW X4,North America,Mexico,Online,4,114253.0,28563.25
2021-04-22,2021,BMW i4,Asia,Thailand,Dealership,2,67043.0,33521.5
2021-04-22,2021,BMW X7,Europe,United Kingdom,Dealership,5,41683.0,8336.6
2021-04-22,2021,BMW 4 Series,Asia,South Korea,Wholesale,1,64816.0,64816.0
2021-04-23,2021,BMW M4,Africa,Nigeria,Dealership,3,92054.0,30684.67
2021-04-23,2021,BMW 4 Series,Asia,China,Online,4,90938.0,22734.5
2021-04-23,2021,BMW i8,Europe,Germany,Wholesale,5,104232.0,20846.4
2021-04-24,2021,BMW 2 Series,Europe,Italy,Online,2,62803.0,31401.5
2021-04-24,2021,BMW X2,Africa,Kenya,Wholesale,2,33800.0,16900.0
2021-04-24,2021,BMW i3,Asia,Thailand,Wholesale,3,62956.0,20985.33
2021-04-24,2021,BMW X6,North America,United States,Wholesale,5,47660.0,9532.0
2021-04-25,2021,BMW X5,North America,Canada,Wholesale,4,51938.0,12984.5
2021-04-25,2021,BMW X4,Asia,China,Online,2,74456.0,37228.0
2021-04-25,2021,BMW M3,Europe,Spain,Wholesale,2,54502.0,27251.0
2021-04-26,2021,BMW Z4,Asia,Thailand,Dealership,3,71813.0,23937.67
2021-04-26,2021,BMW 3 Series,Africa,South Africa,Wholesale,2,78522.0,39261.0
2021-04-26,2021,BMW 8 Series,South America,Brazil,Wholesale,5,76580.0,15316.0
2021-04-26,2021,BMW iX,Asia,Japan,Dealership,2,85541.0,42770.5
2021-04-26,2021,BMW M2,North America,Mexico,Dealership,3,58370.0,19456.67
2021-04-26,2021,BMW X5,Europe,Italy,Online,4,42651.0,10662.75
2021-04-26,2021,BMW i4,Asia,China,Dealership,2,70068.0,35034.0
2021-04-27,2021,BMW M4,Asia,China,Wholesale,3,49637.0,16545.67
2021-04-27,2021,BMW X4,South America,Argentina,Online,5,67548.0,13509.6
2021-04-27,2021,BMW X1,Europe,France,Online,2,33868.0,16934.0
2021-04-27,2021,BMW X5,South America,Chile,Wholesale,4,43225.0,10806.25
2021-04-28,2021,BMW iX,South America,Chile,Online,1,113956.0,113956.0
2021-04-28,2021,BMW X6,North America,United States,Dealership,5,70275.0,14055.0
2021-04-28,2021,BMW i3,Africa,Morocco,Wholesale,2,108747.0,54373.5
2021-04-28,2021,BMW 2 Series,North America,United States,Wholesale,2,49513.0,24756.5
2021-04-29,2021,BMW X4,North America,Mexico,Online,2,110166.0,55083.0
2021-04-29,2021,BMW 6 Series,Europe,United Kingdom,Dealership,1,47821.0,47821.0
2021-04-29,2021,BMW i8,Africa,Kenya,Dealership,2,33514.0,16757.0
2021-04-29,2021,BMW X1,South America,Colombia,Dealership,3,31011.0,10337.0
2021-04-29,2021,BMW i4,North America,Canada,Wholesale,1,113994.0,113994.0
2021-04-29,2021,BMW X1,South America,Chile,Online,1,92970.0,92970.0
2021-04-29,2021,BMW M4,Asia,Japan,Dealership,3,43157.0,14385.67
2021-04-30,2021,BMW Z4,Asia,Japan,Dealership,1,40920.0,40920.0
2021-05-01,2021,BMW M8,North America,Mexico,Dealership,2,80528.0,40264.0
2021-05-01,2021,BMW X4,Europe,Spain,Wholesale,2,92293.0,46146.5
2021-05-01,2021,BMW M3,Europe,Italy,Wholesale,2,97345.0,48672.5
2021-05-02,2021,BMW 5 Series,Europe,France,Dealership,4,52507.0,13126.75
2021-05-02,2021,BMW X4,Africa,Nigeria,Wholesale,1,112320.0,112320.0
2021-05-03,2021,BMW 2 Series,Asia,China,Wholesale,2,61428.0,30714.0
2021-05-03,2021,BMW M4,Europe,Germany,Wholesale,4,95896.0,23974.0
2021-05-04,2021,BMW 4 Series,South America,Argentina,Dealership,5,50914.0,10182.8
2021-05-04,2021,BMW X1,Europe,France,Dealership,3,98498.0,32832.67
2021-05-04,2021,BMW 6 Series,Europe,Spain,Dealership,1,81362.0,81362.0
2021-05-04,2021,BMW 6 Series,South America,Chile,Wholesale,1,59948.0,59948.0
2021-05-04,2021,BMW X6,Europe,Italy,Online,3,35699.0,11899.67
2021-05-04,2021,BMW X2,Europe,Germany,Dealership,4,96036.0,24009.0
2021-05-04,2021,BMW i3,Asia,Japan,Wholesale,3,47275.0,15758.33
2021-05-05,2021,BMW M5,Asia,India,Wholesale,3,86632.0,28877.33
2021-05-05,2021,BMW 3 Series,Asia,South Korea,Dealership,3,46938.0,15646.0
2021-05-05,2021,BMW M3,South America,Peru,Online,5,119856.0,23971.2
2021-05-05,2021,BMW X7,Europe,France,Dealership,2,104712.0,52356.0
2021-05-06,2021,BMW M5,Europe,Italy,Wholesale,2,62456.0,31228.0
2021-05-07,2021,BMW M3,Asia,India,Online,1,88835.0,88835.0
2021-05-08,2021,BMW X4,Africa,Morocco,Wholesale,5,95210.0,19042.0
2021-05-08,2021,BMW 3 Series,South America,Peru,Online,3,93705.0,31235.0
2021-05-08,2021,BMW i3,Africa,Nigeria,Wholesale,3,80852.0,26950.67
2021-05-08,2021,BMW i3,South America,Peru,Wholesale,1,62380.0,62380.0
2021-05-08,2021,BMW i4,North America,Canada,Dealership,5,48462.0,9692.4
2021-05-10,2021,BMW 1 Series,Africa,Morocco,Wholesale,2,35202.0,17601.0
2021-05-10,2021,BMW 8 Series,Africa,South Africa,Wholesale,2,51443.0,25721.5
2021-05-10,2021,BMW M2,South America,Colombia,Dealership,4,107631.0,26907.75
2021-05-11,2021,BMW i4,South America,Argentina,Online,5,58080.0,11616.0
2021-05-11,2021,BMW i8,Africa,Egypt,Online,5,67487.0,13497.4
2021-05-11,2021,BMW iX,Europe,United Kingdom,Dealership,3,38434.0,12811.33
2021-05-11,2021,BMW 8 Series,South America,Colombia,Dealership,4,79966.0,19991.5
2021-05-12,2021,BMW i3,Africa,Kenya,Dealership,1,95997.0,95997.0
2021-05-12,2021,BMW iX3,Asia,India,Wholesale,5,99269.0,19853.8
2021-05-12,2021,BMW iX3,North America,United States,Online,2,57619.0,28809.5
2021-05-12,2021,BMW 8 Series,Europe,Spain,Dealership,5,68938.0,13787.6
2021-05-13,2021,BMW 7 Series,Europe,France,Dealership,2,87811.0,43905.5
2021-05-13,2021,BMW 8 Series,North America,Mexico,Online,1,39533.0,39533.0
2021-05-14,2021,BMW M3,South America,Argentina,Online,4,44155.0,11038.75
2021-05-14,2021,BMW X5,Europe,Spain,Wholesale,5,111658.0,22331.6
2021-05-14,2021,BMW iX,Africa,Nigeria,Online,4,92970.0,23242.5
2021-05-14,2021,BMW X1,Europe,United Kingdom,Online,1,104732.0,104732.0
2021-05-14,2021,BMW 1 Series,South America,Argentina,Online,2,49374.0,24687.0
2021-05-15,2021,BMW 1 Series,Asia,Japan,Dealership,5,113872.0,22774.4
2021-05-15,2021,BMW M5,North America,United States,Dealership,2,49715.0,24857.5
2021-05-16,2021,BMW i8,Africa,Kenya,Wholesale,4,52453.0,13113.25
2021-05-17,2021,BMW i4,Europe,Italy,Online,3,108183.0,36061.0
2021-05-17,2021,BMW 1 Series,Asia,Japan,Online,2,43583.0,21791.5
2021-05-17,2021,BMW Z4,Europe,Spain,Online,2,89596.0,44798.0
2021-05-18,2021,BMW i3,South America,Argentina,Dealership,4,56649.0,14162.25
2021-05-18,2021,BMW 6 Series,South America,Argentina,Dealership,4,41377.0,10344.25
2021-05-18,2021,BMW Z4,Europe,Italy,Online,5,54740.0,10948.0
2021-05-18,2021,BMW 6 Series,Asia,China,Wholesale,2,82635.0,41317.5
2021-05-18,2021,BMW M8,Asia,South Korea,Wholesale,5,116005.0,23201.0
2021-05-19,2021,BMW 6 Series,Europe,Italy,Online,2,79835.0,39917.5
2021-05-19,2021,BMW i3,South America,Argentina,Online,2,46631.0,23315.5
2021-05-19,2021,BMW M2,Africa,Morocco,Online,3,43979.0,14659.67
2021-05-20,2021,BMW X7,North America,United States,Wholesale,2,106629.0,53314.5
2021-05-20,2021,BMW iX3,South America,Peru,Online,1,54409.0,54409.0
2021-05-20,2021,BMW 6 Series,Africa,Kenya,Online,2,45847.0,22923.5
2021-05-20,2021,BMW 8 Series,Africa,Kenya,Wholesale,3,100160.0,33386.67
2021-05-21,2021,BMW i8,Asia,China,Wholesale,3,104681.0,34893.67
2021-05-21,2021,BMW iX,South America,Argentina,Online,3,86655.0,28885.0
2021-05-21,2021,BMW 8 Series,Asia,India,Online,1,97370.0,97370.0
2021-05-22,2021,BMW 6 Series,Europe,Germany,Online,4,118475.0,29618.75
2021-05-23,2021,BMW X6,Asia,Japan,Wholesale,5,71798.0,14359.6
2021-05-23,2021,BMW X4,North America,Canada,Dealership,3,95533.0,31844.33
2021-05-24,2021,BMW 8 Series,Europe,United Kingdom,Dealership,2,100291.0,50145.5
2021-05-24,2021,BMW 3 Series,Africa,South Africa,Dealership,4,101052.0,25263.0
2021-05-24,2021,BMW M8,Asia,Japan,Online,1,49887.0,49887.0
2021-05-24,2021,BMW 3 Series,Africa,Egypt,Wholesale,5,118958.0,23791.6
2021-05-25,2021,BMW M2,South America,Colombia,Wholesale,2,57268.0,28634.0
2021-05-25,2021,BMW 5 Series,Africa,Nigeria,Dealership,4,115913.0,28978.25
2021-05-25,2021,BMW X2,Asia,South Korea,Wholesale,4,104108.0,26027.0
2021-05-25,2021,BMW X4,Asia,South Korea,Dealership,3,43692.0,14564.0
2021-05-26,2021,BMW X4,Asia,Japan,Wholesale,2,44979.0,22489.5
2021-05-26,2021,BMW M4,Asia,South Korea,Online,2,36371.0,18185.5
2021-05-27,2021,BMW X1,Europe,United Kingdom,Dealership,5,94398.0,18879.6
2021-05-27,2021,BMW i3,South America,Peru,Wholesale,4,40070.0,10017.5
2021-05-28,2021,BMW 8 Series,Asia,India,Wholesale,4,30907.0,7726.75
2021-05-29,2021,BMW iX3,Asia,Thailand,Wholesale,3,104090.0,34696.67
2021-05-30,2021,BMW 5 Series,Asia,India,Wholesale,1,36387.0,36387.0
2021-05-30,2021,BMW M8,North America,Mexico,Wholesale,1,109428.0,109428.0
2021-05-30,2021,BMW M2,Africa,Kenya,Online,2,30393.0,15196.5
2021-05-30,2021,BMW M8,Asia,India,Online,1,52412.0,52412.0
2021-05-31,2021,BMW X1,Asia,Thailand,Dealership,2,73043.0,36521.5
2021-06-01,2021,BMW 8 Series,South America,Chile,Dealership,2,100135.0,50067.5
2021-06-02,2021,BMW 7 Series,Africa,Nigeria,Dealership,3,67874.0,22624.67
2021-06-02,2021,BMW 8 Series,Africa,Nigeria,Online,5,95355.0,19071.0
2021-06-02,2021,BMW iX,Asia,South Korea,Online,2,65851.0,32925.5
2021-06-03,2021,BMW 2 Series,Asia,India,Wholesale,2,85082.0,42541.0
2021-06-03,2021,BMW M2,Asia,China,Wholesale,3,71949.0,23983.0
2021-06-03,2021,BMW X1,Asia,China,Online,3,65867.0,21955.67
2021-06-03,2021,BMW 6 Series,Africa,Morocco,Online,1,112901.0,112901.0
2021-06-03,2021,BMW X1,Asia,Thailand,Wholesale,4,36377.0,9094.25
2021-06-04,2021,BMW X3,Asia,China,Wholesale,2,72028.0,36014.0
2021-06-04,2021,BMW 3 Series,Asia,India,Dealership,5,92993.0,18598.6
2021-06-06,2021,BMW M2,Asia,Thailand,Online,3,72668.0,24222.67
2021-06-06,2021,BMW X3,North America,United States,Online,2,82485.0,41242.5
2021-06-06,2021,BMW M4,South America,Colombia,Online,1,75602.0,75602.0
2021-06-07,2021,BMW iX3,Europe,Italy,Wholesale,1,33770.0,33770.0
2021-06-07,2021,BMW iX3,South America,Chile,Dealership,3,59974.0,19991.33
2021-06-09,2021,BMW X1,Africa,Nigeria,Online,5,40273.0,8054.6
2021-06-09,2021,BMW Z4,Asia,India,Online,5,48638.0,9727.6
2021-06-09,2021,BMW M5,Africa,Nigeria,Wholesale,3,89701.0,29900.33
2021-06-09,2021,BMW X7,South America,Argentina,Dealership,1,64319.0,64319.0
2021-06-10,2021,BMW X5,Asia,China,Online,4,63025.0,15756.25
2021-06-10,2021,BMW i8,Africa,Morocco,Wholesale,2,40856.0,20428.0
2021-06-11,2021,BMW 7 Series,Africa,South Africa,Dealership,2,105204.0,52602.0
2021-06-11,2021,BMW X7,South America,Chile,Wholesale,1,105018.0,105018.0
2021-06-11,2021,BMW i3,Europe,Italy,Dealership,1,99401.0,99401.0
2021-06-11,2021,BMW M3,North America,Mexico,Online,2,54002.0,27001.0
2021-06-12,2021,BMW X3,North America,Mexico,Dealership,2,63488.0,31744.0
2021-06-12,2021,BMW M5,North America,United States,Dealership,1,115223.0,115223.0
2021-06-12,2021,BMW M3,South America,Colombia,Dealership,2,68822.0,34411.0
2021-06-12,2021,BMW iX3,Africa,Morocco,Dealership,4,103465.0,25866.25
2021-06-13,2021,BMW X6,North America,Mexico,Wholesale,4,107195.0,26798.75
2021-06-13,2021,BMW 3 Series,Africa,South Africa,Wholesale,3,45120.0,15040.0
2021-06-14,2021,BMW 1 Series,Asia,China,Wholesale,4,90673.0,22668.25
2021-06-15,2021,BMW X5,Africa,Morocco,Dealership,2,112895.0,56447.5
2021-06-15,2021,BMW X6,North America,United States,Dealership,5,43607.0,8721.4
2021-06-15,2021,BMW 4 Series,Africa,Kenya,Wholesale,5,51169.0,10233.8
2021-06-15,2021,BMW 7 Series,Africa,Kenya,Wholesale,3,90820.0,30273.33
2021-06-15,2021,BMW M4,South America,Chile,Online,1,61238.0,61238.0
2021-06-15,2021,BMW 6 Series,Europe,Italy,Dealership,3,57944.0,19314.67
2021-06-15,2021,BMW X5,Africa,Egypt,Dealership,1,86366.0,86366.0
2021-06-15,2021,BMW X4,Africa,South Africa,Online,5,30544.0,6108.8
2021-06-16,2021,BMW i8,South America,Peru,Wholesale,3,31713.0,10571.0
2021-06-16,2021,BMW 7 Series,North America,Mexico,Online,3,113375.0,37791.67
2021-06-16,2021,BMW 7 Series,South America,Chile,Dealership,2,66277.0,33138.5
2021-06-16,2021,BMW M8,Africa,South Africa,Wholesale,4,107167.0,26791.75
2021-06-16,2021,BMW X2,Asia,India,Wholesale,5,83662.0,16732.4
2021-06-17,2021,BMW X4,Asia,Thailand,Online,5,101889.0,20377.8
2021-06-17,2021,BMW X5,North America,United States,Dealership,2,94046.0,47023.0
2021-06-19,2021,BMW X5,South America,Chile,Dealership,1,109091.0,109091.0
2021-06-19,2021,BMW M5,Asia,China,Dealership,4,39319.0,9829.75
2021-06-19,2021,BMW X6,Asia,Thailand,Dealership,5,53990.0,10798.0
2021-06-19,2021,BMW M8,Europe,Italy,Online,1,90035.0,90035.0
2021-06-19,2021,BMW M5,North America,United States,Dealership,4,53855.0,13463.75
2021-06-20,2021,BMW iX,North America,Mexico,Dealership,1,61063.0,61063.0
2021-06-20,2021,BMW X4,North America,United States,Online,2,62716.0,31358.0
2021-06-21,2021,BMW X4,South America,Argentina,Wholesale,1,54489.0,54489.0
2021-06-21,2021,BMW Z4,Africa,Kenya,Online,5,117579.0,23515.8
2021-06-21,2021,BMW X5,Europe,Spain,Wholesale,1,61279.0,61279.0
2021-06-21,2021,BMW X7,Africa,Morocco,Dealership,1,93853.0,93853.0
2021-06-22,2021,BMW X1,Europe,France,Online,4,63043.0,15760.75
2021-06-22,2021,BMW M3,Africa,South Africa,Dealership,2,31198.0,15599.0
2021-06-22,2021,BMW iX3,Africa,Morocco,Online,2,76435.0,38217.5
2021-06-22,2021,BMW Z4,Africa,Nigeria,Dealership,2,72707.0,36353.5
2021-06-22,2021,BMW 1 Series,Europe,Spain,Dealership,5,59738.0,11947.6
2021-06-22,2021,BMW X3,Africa,Kenya,Online,2,58299.0,29149.5
2021-06-22,2021,BMW 3 Series,Europe,Germany,Dealership,1,102277.0,102277.0
2021-06-23,2021,BMW 4 Series,Asia,South Korea,Online,1,64920.0,64920.0
2021-06-23,2021,BMW 1 Series,Asia,China,Wholesale,4,35403.0,8850.75
2021-06-24,2021,BMW X2,South America,Chile,Dealership,5,31473.0,6294.6
2021-06-24,2021,BMW 2 Series,North America,Mexico,Dealership,3,34666.0,11555.33
2021-06-24,2021,BMW iX,Africa,Nigeria,Dealership,2,47946.0,23973.0
2021-06-24,2021,BMW 7 Series,Africa,Egypt,Wholesale,4,63469.0,15867.25
2021-06-25,2021,BMW X1,Africa,Kenya,Wholesale,3,108347.0,36115.67
2021-06-26,2021,BMW M2,Europe,Spain,Online,5,41036.0,8207.2
2021-06-26,2021,BMW M4,Europe,Germany,Online,3,44837.0,14945.67
2021-06-28,2021,BMW i8,Europe,Spain,Dealership,5,48616.0,9723.2
2021-06-28,2021,BMW X1,Africa,Nigeria,Dealership,1,96572.0,96572.0
2021-06-29,2021,BMW X6,Europe,Spain,Dealership,2,34225.0,17112.5
2021-06-29,2021,BMW Z4,Asia,China,Dealership,3,54051.0,18017.0
2021-06-29,2021,BMW X4,North America,United States,Online,1,67982.0,67982.0
2021-06-29,2021,BMW 3 Series,South America,Colombia,Wholesale,5,52706.0,10541.2
2021-06-30,2021,BMW X3,Europe,France,Wholesale,3,41891.0,13963.67
2021-06-30,2021,BMW X1,Africa,Kenya,Online,3,46564.0,15521.33
2021-07-01,2021,BMW X1,Europe,France,Wholesale,2,64462.0,32231.0
2021-07-01,2021,BMW 5 Series,South America,Argentina,Online,3,103606.0,34535.33
2021-07-02,2021,BMW 5 Series,Africa,Kenya,Wholesale,4,50846.0,12711.5
2021-07-02,2021,BMW i8,Africa,Egypt,Online,5,103085.0,20617.0
2021-07-02,2021,BMW 1 Series,Asia,Japan,Wholesale,3,46756.0,15585.33
2021-07-03,2021,BMW M8,North America,United States,Wholesale,1,65059.0,65059.0
2021-07-03,2021,BMW X7,Africa,Egypt,Wholesale,5,87782.0,17556.4
2021-07-03,2021,BMW X1,North America,Mexico,Online,3,55568.0,18522.67
2021-07-03,2021,BMW M8,North America,Mexico,Online,2,51943.0,25971.5
2021-07-03,2021,BMW 8 Series,Asia,India,Wholesale,2,105604.0,52802.0
2021-07-04,2021,BMW i8,Europe,United Kingdom,Wholesale,1,90126.0,90126.0
2021-07-04,2021,BMW 4 Series,Asia,Thailand,Wholesale,1,69214.0,69214.0
2021-07-05,2021,BMW 2 Series,Africa,Morocco,Dealership,3,49318.0,16439.33
2021-07-05,2021,BMW i8,North America,United States,Wholesale,1,90646.0,90646.0
2021-07-05,2021,BMW 2 Series,South America,Brazil,Dealership,1,96358.0,96358.0
2021-07-05,2021,BMW M4,North America,United States,Wholesale,2,90910.0,45455.0
2021-07-05,2021,BMW 2 Series,North America,Mexico,Online,1,54118.0,54118.0
2021-07-06,2021,BMW M5,South America,Colombia,Dealership,2,73671.0,36835.5
2021-07-06,2021,BMW X4,Africa,South Africa,Dealership,3,64253.0,21417.67
2021-07-07,2021,BMW i8,Africa,Nigeria,Wholesale,1,53039.0,53039.0
2021-07-07,2021,BMW 8 Series,Europe,France,Online,3,44017.0,14672.33
2021-07-08,2021,BMW M4,Asia,Japan,Online,4,64482.0,16120.5
2021-07-09,2021,BMW X1,Europe,France,Wholesale,1,103528.0,103528.0
2021-07-09,2021,BMW M5,South America,Brazil,Wholesale,1,63083.0,63083.0
2021-07-10,2021,BMW X3,Africa,Kenya,Online,2,67315.0,33657.5
2021-07-10,2021,BMW i3,South America,Colombia,Online,4,50353.0,12588.25
2021-07-10,2021,BMW X7,Europe,Spain,Online,4,119007.0,29751.75
2021-07-11,2021,BMW X3,Europe,France,Online,4,39201.0,9800.25
2021-07-11,2021,BMW X6,North America,Canada,Online,5,79354.0,15870.8
2021-07-12,2021,BMW X4,South America,Peru,Dealership,1,110312.0,110312.0
2021-07-12,2021,BMW 5 Series,Europe,Germany,Online,2,69459.0,34729.5
2021-07-12,2021,BMW X2,South America,Brazil,Online,2,77553.0,38776.5
2021-07-13,2021,BMW X7,South America,Colombia,Dealership,2,98324.0,49162.0
2021-07-13,2021,BMW X6,Europe,Italy,Online,1,37799.0,37799.0
2021-07-13,2021,BMW 1 Series,Asia,China,Dealership,1,112563.0,112563.0
2021-07-13,2021,BMW X4,Asia,South Korea,Dealership,5,105475.0,21095.0
2021-07-13,2021,BMW X3,Europe,Spain,Online,2,119779.0,59889.5
2021-07-13,2021,BMW X7,Africa,South Africa,Online,2,105997.0,52998.5
2021-07-13,2021,BMW M8,Africa,Egypt,Wholesale,5,115134.0,23026.8
2021-07-14,2021,BMW 7 Series,North America,Mexico,Online,2,63033.0,31516.5
2021-07-14,2021,BMW i4,South America,Colombia,Wholesale,2,92093.0,46046.5
2021-07-14,2021,BMW i3,Europe,France,Wholesale,5,30093.0,6018.6
2021-07-15,2021,BMW iX3,North America,Mexico,Dealership,1,92323.0,92323.0
2021-07-15,2021,BMW iX3,Asia,Thailand,Online,3,32704.0,10901.33
2021-07-15,2021,BMW X7,Africa,Nigeria,Online,1,47585.0,47585.0
2021-07-16,2021,BMW X3,Europe,Spain,Online,4,42202.0,10550.5
2021-07-16,2021,BMW X4,South America,Peru,Wholesale,4,119074.0,29768.5
2021-07-16,2021,BMW 7 Series,Europe,Italy,Dealership,3,88451.0,29483.67
2021-07-18,2021,BMW 5 Series,Asia,South Korea,Wholesale,5,41055.0,8211.0
2021-07-18,2021,BMW X2,North America,United States,Wholesale,4,115930.0,28982.5
2021-07-18,2021,BMW 3 Series,Asia,Thailand,Wholesale,5,54227.0,10845.4
2021-07-19,2021,BMW Z4,Europe,Italy,Wholesale,5,53763.0,10752.6
2021-07-19,2021,BMW M3,Africa,South Africa,Online,1,84093.0,84093.0
2021-07-19,2021,BMW 3 Series,Africa,Nigeria,Online,5,66189.0,13237.8
2021-07-20,2021,BMW X2,Africa,South Africa,Online,3,101227.0,33742.33
2021-07-20,2021,BMW 1 Series,South America,Colombia,Online,1,110266.0,110266.0
2021-07-21,2021,BMW M5,Africa,Kenya,Wholesale,3,30036.0,10012.0
2021-07-21,2021,BMW X2,Asia,South Korea,Online,5,55545.0,11109.0
2021-07-21,2021,BMW 7 Series,Europe,Germany,Dealership,4,41170.0,10292.5
2021-07-22,2021,BMW X1,North America,Canada,Wholesale,2,46090.0,23045.0
2021-07-22,2021,BMW Z4,Europe,Spain,Online,2,50762.0,25381.0
2021-07-22,2021,BMW 6 Series,Asia,South Korea,Online,5,37430.0,7486.0
2021-07-22,2021,BMW M4,Europe,Germany,Wholesale,3,68918.0,22972.67
2021-07-23,2021,BMW M2,Africa,Nigeria,Dealership,4,96798.0,24199.5
2021-07-24,2021,BMW X1,South America,Brazil,Online,3,71541.0,23847.0
2021-07-24,2021,BMW 1 Series,Asia,Japan,Dealership,4,110174.0,27543.5
2021-07-26,2021,BMW M8,South America,Chile,Dealership,1,85092.0,85092.0
2021-07-26,2021,BMW 6 Series,Africa,Kenya,Online,5,79179.0,15835.8
2021-07-27,2021,BMW X5,South America,Argentina,Dealership,1,57677.0,57677.0
2021-07-27,2021,BMW X6,North America,United States,Dealership,2,40298.0,20149.0
2021-07-27,2021,BMW 7 Series,North America,Canada,Wholesale,5,59572.0,11914.4
2021-07-27,2021,BMW X6,Europe,France,Wholesale,1,107831.0,107831.0
2021-07-28,2021,BMW M8,Europe,United Kingdom,Dealership,2,64563.0,32281.5
2021-07-29,2021,BMW X5,Europe,Italy,Wholesale,1,54045.0,54045.0
2021-07-30,2021,BMW X3,Europe,France,Online,5,93654.0,18730.8
2021-07-30,2021,BMW X6,Africa,Morocco,Wholesale,1,55836.0,55836.0
2021-07-30,2021,BMW X6,Europe,France,Dealership,5,56508.0,11301.6
2021-07-31,2021,BMW X6,Europe,United Kingdom,Dealership,1,94668.0,94668.0
2021-07-31,2021,BMW M4,South America,Argentina,Dealership,1,41282.0,41282.0
2021-07-31,2021,BMW 4 Series,Europe,United Kingdom,Online,4,51198.0,12799.5
2021-08-01,2021,BMW M2,South America,Brazil,Dealership,1,114614.0,114614.0
2021-08-01,2021,BMW X6,South America,Brazil,Dealership,4,118295.0,29573.75
2021-08-01,2021,BMW X2,South America,Colombia,Online,2,46257.0,23128.5
2021-08-01,2021,BMW iX3,Asia,South Korea,Dealership,5,38308.0,7661.6
2021-08-02,2021,BMW 4 Series,Asia,India,Dealership,3,90951.0,30317.0
2021-08-02,2021,BMW iX3,Asia,Japan,Dealership,2,72973.0,36486.5
2021-08-02,2021,BMW 5 Series,Europe,Italy,Wholesale,5,74782.0,14956.4
2021-08-03,2021,BMW 1 Series,Asia,Japan,Wholesale,1,72774.0,72774.0
2021-08-03,2021,BMW i8,Europe,France,Dealership,2,77611.0,38805.5
2021-08-03,2021,BMW iX3,South America,Brazil,Dealership,1,63779.0,63779.0
2021-08-03,2021,BMW 3 Series,North America,United States,Online,2,74156.0,37078.0
2021-08-03,2021,BMW 7 Series,Asia,Thailand,Wholesale,2,110808.0,55404.0
2021-08-05,2021,BMW X3,North America,United States,Wholesale,1,60158.0,60158.0
2021-08-05,2021,BMW X2,South America,Peru,Wholesale,2,77346.0,38673.0
2021-08-05,2021,BMW 6 Series,North America,United States,Wholesale,3,70542.0,23514.0
2021-08-05,2021,BMW 2 Series,Europe,Spain,Dealership,3,100015.0,33338.33
2021-08-05,2021,BMW X5,Asia,Thailand,Dealership,4,103230.0,25807.5
2021-08-06,2021,BMW X5,North America,United States,Wholesale,4,75991.0,18997.75
2021-08-06,2021,BMW 8 Series,North America,Canada,Dealership,1,114320.0,114320.0
2021-08-06,2021,BMW M4,Africa,Egypt,Wholesale,2,71128.0,35564.0
2021-08-07,2021,BMW X6,Asia,Thailand,Online,3,98541.0,32847.0
2021-08-07,2021,BMW 4 Series,Asia,India,Online,5,69766.0,13953.2
2021-08-07,2021,BMW M2,Europe,Italy,Online,4,98876.0,24719.0
2021-08-07,2021,BMW 3 Series,South America,Chile,Online,5,33864.0,6772.8
2021-08-08,2021,BMW i3,Africa,Nigeria,Dealership,5,118660.0,23732.0
2021-08-08,2021,BMW iX3,Africa,Morocco,Online,3,85951.0,28650.33
2021-08-08,2021,BMW X4,Asia,China,Dealership,3,73969.0,24656.33
2021-08-09,2021,BMW i8,North America,Mexico,Dealership,3,104836.0,34945.33
2021-08-09,2021,BMW 2 Series,South America,Peru,Wholesale,5,39156.0,7831.2
2021-08-09,2021,BMW X7,Africa,Morocco,Online,1,83749.0,83749.0
2021-08-10,2021,BMW 3 Series,South America,Chile,Online,3,96024.0,32008.0
2021-08-11,2021,BMW 2 Series,Europe,Italy,Online,5,47538.0,9507.6
2021-08-11,2021,BMW M5,Africa,Nigeria,Dealership,3,53007.0,17669.0
2021-08-11,2021,BMW 7 Series,Europe,United Kingdom,Online,1,57700.0,57700.0
2021-08-11,2021,BMW X2,North America,Mexico,Online,3,91572.0,30524.0
2021-08-11,2021,BMW X7,Europe,United Kingdom,Dealership,3,52254.0,17418.0
2021-08-11,2021,BMW M4,North America,Mexico,Wholesale,3,46306.0,15435.33
2021-08-11,2021,BMW 6 Series,North America,Mexico,Online,4,57488.0,14372.0
2021-08-12,2021,BMW iX,South America,Argentina,Online,5,115054.0,23010.8
2021-08-12,2021,BMW X1,Africa,Kenya,Dealership,4,103040.0,25760.0
2021-08-12,2021,BMW M8,Europe,Spain,Online,1,112946.0,112946.0
2021-08-13,2021,BMW 7 Series,Europe,Spain,Online,5,66389.0,13277.8
2021-08-14,2021,BMW X7,Europe,Spain,Dealership,2,115783.0,57891.5
2021-08-14,2021,BMW 8 Series,South America,Peru,Dealership,4,31943.0,7985.75
2021-08-14,2021,BMW iX3,South America,Peru,Wholesale,4,93572.0,23393.0
2021-08-14,2021,BMW 3 Series,Africa,Egypt,Dealership,2,84004.0,42002.0
2021-08-15,2021,BMW 8 Series,Europe,Germany,Online,5,59495.0,11899.0
2021-08-15,2021,BMW 7 Series,Africa,Nigeria,Wholesale,5,39593.0,7918.6
2021-08-15,2021,BMW 1 Series,Africa,South Africa,Online,4,32673.0,8168.25
2021-08-15,2021,BMW M3,South America,Colombia,Online,5,41721.0,8344.2
2021-08-16,2021,BMW X1,Africa,Nigeria,Wholesale,3,104327.0,34775.67
2021-08-16,2021,BMW X5,Europe,France,Online,2,43102.0,21551.0
2021-08-16,2021,BMW iX,Africa,Nigeria,Wholesale,1,80135.0,80135.0
2021-08-16,2021,BMW iX3,Asia,India,Dealership,2,103803.0,51901.5
2021-08-16,2021,BMW iX,Europe,Italy,Wholesale,4,33140.0,8285.0
2021-08-16,2021,BMW i4,South America,Peru,Wholesale,2,90977.0,45488.5
2021-08-16,2021,BMW 1 Series,Africa,South Africa,Wholesale,5,106237.0,21247.4
2021-08-16,2021,BMW M4,South America,Colombia,Dealership,5,111079.0,22215.8
2021-08-17,2021,BMW M8,Asia,Thailand,Online,5,118576.0,23715.2
2021-08-17,2021,BMW 4 Series,North America,Mexico,Dealership,2,73183.0,36591.5
2021-08-17,2021,BMW 4 Series,Europe,Spain,Online,5,77510.0,15502.0
2021-08-18,2021,BMW M2,Africa,Egypt,Wholesale,1,86899.0,86899.0
2021-08-19,2021,BMW X3,Asia,China,Dealership,3,82236.0,27412.0
2021-08-19,2021,BMW 7 Series,North America,Canada,Wholesale,3,43901.0,14633.67
2021-08-19,2021,BMW 2 Series,North America,Mexico,Dealership,4,79869.0,19967.25
2021-08-19,2021,BMW 4 Series,Europe,United Kingdom,Online,4,44897.0,11224.25
2021-08-20,2021,BMW 1 Series,Asia,China,Wholesale,2,59404.0,29702.0
2021-08-20,2021,BMW M3,Europe,United Kingdom,Wholesale,2,78671.0,39335.5
2021-08-20,2021,BMW X2,South America,Chile,Dealership,2,118589.0,59294.5
2021-08-20,2021,BMW X6,North America,Mexico,Dealership,1,118970.0,118970.0
2021-08-20,2021,BMW i8,Africa,South Africa,Online,3,45430.0,15143.33
2021-08-21,2021,BMW X1,North America,Mexico,Online,3,80641.0,26880.33
2021-08-21,2021,BMW X6,Europe,United Kingdom,Wholesale,4,54055.0,13513.75
2021-08-22,2021,BMW M5,North America,Mexico,Dealership,3,118424.0,39474.67
2021-08-22,2021,BMW M3,North America,United States,Wholesale,3,82290.0,27430.0
2021-08-23,2021,BMW X5,Europe,France,Dealership,1,42043.0,42043.0
2021-08-23,2021,BMW i8,Europe,Spain,Dealership,2,44060.0,22030.0
2021-08-24,2021,BMW Z4,Asia,India,Dealership,1,104805.0,104805.0
2021-08-24,2021,BMW X3,Africa,South Africa,Dealership,5,93690.0,18738.0
2021-08-25,2021,BMW X3,Asia,China,Wholesale,4,93564.0,23391.0
2021-08-25,2021,BMW 6 Series,North America,United States,Wholesale,4,117821.0,29455.25
2021-08-25,2021,BMW X3,Africa,Kenya,Wholesale,4,35383.0,8845.75
2021-08-26,2021,BMW iX,Africa,Kenya,Wholesale,5,67703.0,13540.6
2021-08-26,2021,BMW 4 Series,South America,Peru,Online,4,31237.0,7809.25
2021-08-26,2021,BMW 2 Series,North America,Canada,Wholesale,4,117189.0,29297.25
2021-08-26,2021,BMW X1,North America,Canada,Online,2,91439.0,45719.5
2021-08-26,2021,BMW 3 Series,North America,Mexico,Online,2,37669.0,18834.5
2021-08-26,2021,BMW X3,Asia,India,Online,2,72180.0,36090.0
2021-08-26,2021,BMW M2,Asia,Japan,Wholesale,4,99529.0,24882.25
2021-08-27,2021,BMW M2,Europe,Spain,Wholesale,5,37408.0,7481.6
2021-08-27,2021,BMW 7 Series,South America,Colombia,Wholesale,4,98197.0,24549.25
2021-08-28,2021,BMW 2 Series,Europe,Germany,Online,2,110653.0,55326.5
2021-08-29,2021,BMW 2 Series,Asia,Japan,Dealership,2,115346.0,57673.0
2021-08-30,2021,BMW 4 Series,Africa,South Africa,Wholesale,5,85881.0,17176.2
2021-08-30,2021,BMW M3,Africa,Nigeria,Dealership,4,97238.0,24309.5
2021-08-30,2021,BMW 4 Series,South America,Peru,Dealership,5,45930.0,9186.0
2021-08-31,2021,BMW 4 Series,North America,Canada,Dealership,4,53427.0,13356.75
2021-09-01,2021,BMW M2,Africa,Kenya,Dealership,3,91353.0,30451.0
2021-09-01,2021,BMW X2,South America,Brazil,Online,2,109919.0,54959.5
2021-09-03,2021,BMW X1,Asia,India,Online,2,74555.0,37277.5
2021-09-03,2021,BMW M8,Europe,Germany,Dealership,2,38678.0,19339.0
2021-09-03,2021,BMW i4,Europe,United Kingdom,Online,4,100746.0,25186.5
2021-09-03,2021,BMW Z4,South America,Brazil,Online,3,98264.0,32754.67
2021-09-04,2021,BMW X5,Africa,Egypt,Dealership,3,107568.0,35856.0
2021-09-04,2021,BMW iX3,Asia,Japan,Online,4,104041.0,26010.25
2021-09-04,2021,BMW i8,Africa,Nigeria,Wholesale,1,44075.0,44075.0
2021-09-04,2021,BMW 8 Series,North America,United States,Dealership,4,72680.0,18170.0
2021-09-05,2021,BMW M3,South America,Peru,Wholesale,4,48262.0,12065.5
2021-09-05,2021,BMW i4,Asia,China,Dealership,3,40988.0,13662.67
2021-09-05,2021,BMW i3,Asia,Thailand,Wholesale,5,105507.0,21101.4
2021-09-06,2021,BMW X4,Asia,Japan,Wholesale,2,33857.0,16928.5
2021-09-06,2021,BMW X3,Asia,India,Dealership,2,114502.0,57251.0
2021-09-06,2021,BMW M3,Europe,France,Online,2,74541.0,37270.5
2021-09-08,2021,BMW 8 Series,Europe,Germany,Dealership,4,36630.0,9157.5
2021-09-08,2021,BMW 4 Series,South America,Peru,Wholesale,1,45468.0,45468.0
2021-09-08,2021,BMW 2 Series,South America,Brazil,Online,5,34987.0,6997.4
2021-09-09,2021,BMW iX,South America,Peru,Online,5,39872.0,7974.4
2021-09-09,2021,BMW X6,Asia,China,Online,3,85344.0,28448.0
2021-09-09,2021,BMW iX3,North America,United States,Wholesale,3,79634.0,26544.67
2021-09-09,2021,BMW X2,Africa,South Africa,Dealership,1,93368.0,93368.0
2021-09-09,2021,BMW X2,Africa,South Africa,Dealership,4,106488.0,26622.0
2021-09-09,2021,BMW 7 Series,Africa,Egypt,Online,2,90445.0,45222.5
2021-09-10,2021,BMW Z4,Europe,Spain,Wholesale,4,48936.0,12234.0
2021-09-10,2021,BMW iX,Africa,Morocco,Wholesale,4,61001.0,15250.25
2021-09-10,2021,BMW X3,North America,Canada,Dealership,2,99134.0,49567.0
2021-09-11,2021,BMW i3,Africa,South Africa,Dealership,1,113762.0,113762.0
2021-09-11,2021,BMW iX,North America,United States,Wholesale,5,55168.0,11033.6
2021-09-12,2021,BMW 3 Series,North America,Mexico,Wholesale,5,84157.0,16831.4
2021-09-12,2021,BMW Z4,Europe,Germany,Dealership,4,63428.0,15857.0
2021-09-12,2021,BMW i3,Asia,South Korea,Wholesale,1,50704.0,50704.0
2021-09-13,2021,BMW X4,North America,Mexico,Dealership,4,33255.0,8313.75
2021-09-13,2021,BMW 2 Series,Africa,Nigeria,Wholesale,5,83861.0,16772.2
2021-09-13,2021,BMW iX3,North America,United States,Wholesale,1,103002.0,103002.0
2021-09-13,2021,BMW i3,Asia,China,Online,3,69453.0,23151.0
2021-09-13,2021,BMW M4,Africa,South Africa,Online,3,119443.0,39814.33
2021-09-13,2021,BMW i3,South America,Argentina,Dealership,2,51826.0,25913.0
2021-09-14,2021,BMW M5,Europe,United Kingdom,Wholesale,5,46471.0,9294.2
2021-09-14,2021,BMW i3,Asia,South Korea,Online,3,83906.0,27968.67
2021-09-14,2021,BMW 4 Series,Africa,Nigeria,Online,1,43570.0,43570.0
2021-09-14,2021,BMW Z4,Asia,India,Online,2,99445.0,49722.5
2021-09-14,2021,BMW X5,Africa,Egypt,Online,1,36088.0,36088.0
2021-09-14,2021,BMW 2 Series,South America,Colombia,Dealership,4,56730.0,14182.5
2021-09-15,2021,BMW X1,Africa,Kenya,Dealership,2,118545.0,59272.5
2021-09-15,2021,BMW X1,North America,Mexico,Dealership,1,109908.0,109908.0
2021-09-15,2021,BMW X7,North America,United States,Wholesale,1,82900.0,82900.0
2021-09-16,2021,BMW X2,Europe,United Kingdom,Dealership,5,63527.0,12705.4
2021-09-16,2021,BMW i8,Africa,Nigeria,Dealership,4,63738.0,15934.5
2021-09-16,2021,BMW i4,Europe,United Kingdom,Wholesale,4,76973.0,19243.25
2021-09-16,2021,BMW X2,Africa,Egypt,Online,3,108191.0,36063.67
2021-09-17,2021,BMW 8 Series,Europe,Italy,Online,2,111176.0,55588.0
2021-09-17,2021,BMW i8,North America,Mexico,Dealership,4,51530.0,12882.5
2021-09-17,2021,BMW 7 Series,North America,United States,Dealership,4,30715.0,7678.75
2021-09-17,2021,BMW X5,Asia,South Korea,Online,4,55247.0,13811.75
2021-09-17,2021,BMW iX,Europe,France,Online,1,65236.0,65236.0
2021-09-17,2021,BMW i8,Europe,United Kingdom,Dealership,4,65749.0,16437.25
2021-09-17,2021,BMW 2 Series,Asia,China,Online,5,70558.0,14111.6
2021-09-18,2021,BMW X5,Asia,Japan,Wholesale,2,36829.0,18414.5
2021-09-18,2021,BMW 4 Series,Europe,Italy,Wholesale,1,74344.0,74344.0
2021-09-18,2021,BMW X7,Europe,Spain,Dealership,4,107080.0,26770.0
2021-09-18,2021,BMW 6 Series,North America,Mexico,Dealership,3,76059.0,25353.0
2021-09-19,2021,BMW Z4,Asia,India,Online,5,87943.0,17588.6
2021-09-19,2021,BMW X7,South America,Peru,Dealership,3,98971.0,32990.33
2021-09-19,2021,BMW 4 Series,Europe,France,Online,1,108253.0,108253.0
2021-09-20,2021,BMW 1 Series,Africa,Egypt,Online,5,81548.0,16309.6
2021-09-20,2021,BMW M5,Asia,India,Wholesale,1,99073.0,99073.0
2021-09-20,2021,BMW 4 Series,Asia,Thailand,Dealership,3,95869.0,31956.33
2021-09-20,2021,BMW X6,South America,Chile,Wholesale,3,85041.0,28347.0
2021-09-21,2021,BMW 2 Series,Europe,Germany,Wholesale,4,40485.0,10121.25
2021-09-22,2021,BMW M4,Europe,Germany,Wholesale,2,79217.0,39608.5
2021-09-22,2021,BMW i4,North America,Mexico,Dealership,4,45175.0,11293.75
2021-09-23,2021,BMW 4 Series,Asia,Thailand,Dealership,3,54601.0,18200.33
2021-09-23,2021,BMW i4,Europe,Spain,Wholesale,1,63831.0,63831.0
2021-09-23,2021,BMW Z4,Asia,Thailand,Online,4,65284.0,16321.0
2021-09-23,2021,BMW 7 Series,Europe,Spain,Dealership,3,72281.0,24093.67
2021-09-24,2021,BMW 1 Series,North America,Canada,Online,5,114660.0,22932.0
2021-09-24,2021,BMW X2,Asia,Thailand,Online,3,105827.0,35275.67
2021-09-24,2021,BMW i8,North America,Mexico,Online,4,85450.0,21362.5
2021-09-25,2021,BMW X7,South America,Chile,Wholesale,4,44052.0,11013.0
2021-09-25,2021,BMW 3 Series,Europe,Spain,Wholesale,4,87247.0,21811.75
2021-09-25,2021,BMW 5 Series,Asia,China,Wholesale,4,106939.0,26734.75
2021-09-25,2021,BMW X2,Africa,Kenya,Wholesale,4,105045.0,26261.25
2021-09-25,2021,BMW X3,Africa,Egypt,Wholesale,3,54529.0,18176.33
2021-09-26,2021,BMW 6 Series,Africa,Kenya,Dealership,4,99726.0,24931.5
2021-09-26,2021,BMW M5,Asia,Japan,Wholesale,2,67208.0,33604.0
2021-09-26,2021,BMW 6 Series,Asia,Japan,Wholesale,4,35521.0,8880.25
2021-09-26,2021,BMW 6 Series,Africa,Morocco,Wholesale,4,35230.0,8807.5
2021-09-26,2021,BMW X2,Asia,South Korea,Wholesale,2,32539.0,16269.5
2021-09-27,2021,BMW 3 Series,North America,Canada,Dealership,2,108970.0,54485.0
2021-09-27,2021,BMW 2 Series,Asia,South Korea,Dealership,3,118228.0,39409.33
2021-09-27,2021,BMW 4 Series,Africa,Morocco,Wholesale,5,74544.0,14908.8
2021-09-28,2021,BMW X6,Asia,China,Dealership,4,70735.0,17683.75
2021-09-28,2021,BMW X1,Europe,Italy,Wholesale,5,49750.0,9950.0
2021-09-29,2021,BMW iX,Africa,Kenya,Dealership,1,55618.0,55618.0
2021-09-29,2021,BMW Z4,Europe,United Kingdom,Dealership,1,117204.0,117204.0
2021-09-29,2021,BMW 3 Series,Africa,Egypt,Wholesale,4,65980.0,16495.0
2021-09-30,2021,BMW i3,Asia,China,Online,3,35164.0,11721.33
2021-09-30,2021,BMW X6,Europe,Germany,Dealership,5,96610.0,19322.0
2021-09-30,2021,BMW 8 Series,Africa,Nigeria,Dealership,5,107271.0,21454.2
2021-09-30,2021,BMW X6,Asia,Thailand,Wholesale,2,87740.0,43870.0
2021-10-01,2021,BMW X6,South America,Colombia,Wholesale,5,54225.0,10845.0
2021-10-01,2021,BMW 6 Series,North America,United States,Online,2,45270.0,22635.0
2021-10-01,2021,BMW 3 Series,Asia,India,Wholesale,2,65925.0,32962.5
2021-10-01,2021,BMW 6 Series,North America,Canada,Wholesale,2,95123.0,47561.5
2021-10-01,2021,BMW 4 Series,South America,Peru,Wholesale,4,73056.0,18264.0
2021-10-02,2021,BMW Z4,Africa,South Africa,Dealership,1,78544.0,78544.0
2021-10-02,2021,BMW 1 Series,Asia,China,Wholesale,5,96606.0,19321.2
2021-10-02,2021,BMW 7 Series,Africa,South Africa,Online,2,39874.0,19937.0
2021-10-03,2021,BMW 3 Series,Europe,Italy,Online,4,60284.0,15071.0
2021-10-03,2021,BMW iX,Asia,Thailand,Dealership,1,64782.0,64782.0
2021-10-04,2021,BMW 3 Series,Asia,India,Wholesale,2,84524.0,42262.0
2021-10-04,2021,BMW X1,Europe,France,Wholesale,2,92661.0,46330.5
2021-10-05,2021,BMW 2 Series,Africa,Kenya,Dealership,4,38614.0,9653.5
2021-10-05,2021,BMW X6,South America,Peru,Online,4,82634.0,20658.5
2021-10-06,2021,BMW X7,Europe,United Kingdom,Online,2,115550.0,57775.0
2021-10-07,2021,BMW Z4,Asia,Japan,Online,2,62640.0,31320.0
2021-10-07,2021,BMW X5,North America,Mexico,Dealership,5,47696.0,9539.2
2021-10-07,2021,BMW M8,Asia,China,Wholesale,3,44436.0,14812.0
2021-10-07,2021,BMW 4 Series,North America,United States,Wholesale,4,39515.0,9878.75
2021-10-08,2021,BMW X3,Europe,Italy,Dealership,4,72012.0,18003.0
2021-10-09,2021,BMW 2 Series,North America,Canada,Dealership,5,115968.0,23193.6
2021-10-09,2021,BMW X2,Africa,South Africa,Online,1,73654.0,73654.0
2021-10-10,2021,BMW M5,South America,Chile,Wholesale,1,51086.0,51086.0
2021-10-10,2021,BMW 5 Series,South America,Colombia,Wholesale,1,46923.0,46923.0
2021-10-10,2021,BMW 1 Series,North America,Canada,Wholesale,4,44003.0,11000.75
2021-10-12,2021,BMW i3,Europe,Italy,Dealership,3,47013.0,15671.0
2021-10-12,2021,BMW i8,Asia,China,Online,3,46551.0,15517.0
2021-10-13,2021,BMW i8,Asia,India,Online,5,95633.0,19126.6
2021-10-13,2021,BMW M4,Africa,Kenya,Wholesale,1,49668.0,49668.0
2021-10-13,2021,BMW X4,South America,Chile,Online,1,31634.0,31634.0
2021-10-14,2021,BMW 1 Series,Europe,Spain,Dealership,5,39764.0,7952.8
2021-10-14,2021,BMW Z4,South America,Chile,Online,5,55651.0,11130.2
2021-10-14,2021,BMW 7 Series,South America,Brazil,Online,2,105440.0,52720.0
2021-10-15,2021,BMW M5,Africa,Morocco,Dealership,4,30100.0,7525.0
2021-10-15,2021,BMW iX3,Asia,India,Online,4,86327.0,21581.75
2021-10-15,2021,BMW X4,South America,Peru,Wholesale,5,83179.0,16635.8
2021-10-16,2021,BMW i3,Africa,Nigeria,Wholesale,3,85883.0,28627.67
2021-10-16,2021,BMW 8 Series,Europe,United Kingdom,Dealership,5,115058.0,23011.6
2021-10-16,2021,BMW 4 Series,Europe,France,Online,3,57163.0,19054.33
2021-10-17,2021,BMW i3,South America,Colombia,Online,5,117200.0,23440.0
2021-10-17,2021,BMW Z4,Africa,Egypt,Dealership,4,86081.0,21520.25
2021-10-18,2021,BMW iX3,South America,Brazil,Dealership,3,83833.0,27944.33
2021-10-18,2021,BMW i3,South America,Argentina,Wholesale,2,81342.0,40671.0
2021-10-18,2021,BMW i3,South America,Argentina,Wholesale,2,81538.0,40769.0
2021-10-18,2021,BMW iX,Asia,South Korea,Wholesale,5,52487.0,10497.4
2021-10-19,2021,BMW M3,North America,Mexico,Online,1,84345.0,84345.0
2021-10-20,2021,BMW X1,South America,Argentina,Wholesale,4,92232.0,23058.0
2021-10-20,2021,BMW M2,Africa,South Africa,Online,4,110773.0,27693.25
2021-10-20,2021,BMW 2 Series,Europe,Germany,Wholesale,5,74183.0,14836.6
2021-10-21,2021,BMW 8 Series,South America,Peru,Wholesale,3,61760.0,20586.67
2021-10-21,2021,BMW 4 Series,North America,Mexico,Wholesale,2,90539.0,45269.5
2021-10-21,2021,BMW X2,Asia,Japan,Online,2,37928.0,18964.0
2021-10-21,2021,BMW M8,North America,United States,Wholesale,3,60027.0,20009.0
2021-10-22,2021,BMW 3 Series,Europe,Spain,Online,2,76642.0,38321.0
2021-10-22,2021,BMW i3,Europe,Spain,Wholesale,5,95997.0,19199.4
2021-10-22,2021,BMW i3,South America,Argentina,Dealership,5,115990.0,23198.0
2021-10-22,2021,BMW X4,Africa,Egypt,Online,1,70680.0,70680.0
2021-10-22,2021,BMW X5,South America,Colombia,Wholesale,4,34370.0,8592.5
2021-10-22,2021,BMW X5,North America,United States,Online,5,117986.0,23597.2
2021-10-23,2021,BMW 4 Series,South America,Brazil,Dealership,1,52623.0,52623.0
2021-10-23,2021,BMW X6,Asia,China,Wholesale,3,88536.0,29512.0
2021-10-23,2021,BMW 3 Series,South America,Colombia,Online,1,106566.0,106566.0
2021-10-25,2021,BMW 7 Series,Asia,South Korea,Online,2,34758.0,17379.0
2021-10-25,2021,BMW i4,Asia,South Korea,Wholesale,1,117719.0,117719.0
2021-10-25,2021,BMW M2,Africa,Kenya,Wholesale,4,41333.0,10333.25
2021-10-26,2021,BMW i4,Asia,China,Wholesale,4,77995.0,19498.75
2021-10-26,2021,BMW Z4,Africa,Morocco,Online,4,92284.0,23071.0
2021-10-26,2021,BMW X6,South America,Peru,Wholesale,5,38894.0,7778.8
2021-10-26,2021,BMW X7,South America,Peru,Online,1,55594.0,55594.0
2021-10-26,2021,BMW 2 Series,Europe,Germany,Online,3,74905.0,24968.33
2021-10-28,2021,BMW 2 Series,South America,Chile,Dealership,4,65516.0,16379.0
2021-10-29,2021,BMW iX3,Africa,Egypt,Wholesale,2,74696.0,37348.0
2021-10-29,2021,BMW M4,Asia,India,Wholesale,2,99853.0,49926.5
2021-10-29,2021,BMW i3,Africa,Egypt,Dealership,5,35213.0,7042.6
2021-10-30,2021,BMW iX,North America,Mexico,Dealership,2,95971.0,47985.5
2021-10-30,2021,BMW i3,North America,Mexico,Online,5,75858.0,15171.6
2021-10-30,2021,BMW M2,Asia,China,Dealership,1,58754.0,58754.0
2021-10-30,2021,BMW i3,Africa,Egypt,Online,3,61051.0,20350.33
2021-11-01,2021,BMW 4 Series,Europe,France,Online,5,87202.0,17440.4
2021-11-01,2021,BMW 8 Series,Africa,Nigeria,Online,3,119317.0,39772.33
2021-11-01,2021,BMW 5 Series,South America,Brazil,Wholesale,5,94949.0,18989.8
2021-11-01,2021,BMW 3 Series,Africa,Egypt,Wholesale,4,101441.0,25360.25
2021-11-02,2021,BMW 3 Series,Africa,South Africa,Dealership,2,94372.0,47186.0
2021-11-02,2021,BMW 8 Series,Europe,Germany,Wholesale,3,97824.0,32608.0
2021-11-02,2021,BMW 6 Series,North America,United States,Wholesale,1,31125.0,31125.0
2021-11-02,2021,BMW X6,North America,Mexico,Online,2,86543.0,43271.5
2021-11-03,2021,BMW M3,North America,Mexico,Wholesale,3,38373.0,12791.0
2021-11-03,2021,BMW X7,South America,Argentina,Dealership,3,56866.0,18955.33
2021-11-03,2021,BMW 8 Series,North America,Mexico,Online,2,101980.0,50990.0
2021-11-03,2021,BMW M2,Africa,Kenya,Wholesale,4,41227.0,10306.75
2021-11-03,2021,BMW 7 Series,Europe,France,Online,1,63152.0,63152.0
2021-11-03,2021,BMW 1 Series,South America,Argentina,Dealership,3,58198.0,19399.33
2021-11-04,2021,BMW X2,Asia,South Korea,Dealership,1,59553.0,59553.0
2021-11-04,2021,BMW X5,Africa,Morocco,Online,1,108893.0,108893.0
2021-11-04,2021,BMW X7,South America,Argentina,Dealership,3,117310.0,39103.33
2021-11-04,2021,BMW X6,Africa,South Africa,Dealership,3,108847.0,36282.33
2021-11-04,2021,BMW M2,North America,Canada,Online,4,70059.0,17514.75
2021-11-04,2021,BMW 8 Series,Africa,Kenya,Online,2,44284.0,22142.0
2021-11-05,2021,BMW i4,Africa,Morocco,Dealership,5,39322.0,7864.4
2021-11-06,2021,BMW M2,Africa,South Africa,Wholesale,3,38127.0,12709.0
2021-11-06,2021,BMW M5,North America,United States,Dealership,5,33709.0,6741.8
2021-11-07,2021,BMW i4,Europe,Spain,Dealership,2,87061.0,43530.5
2021-11-07,2021,BMW X3,Europe,Spain,Wholesale,1,63067.0,63067.0
2021-11-07,2021,BMW 1 Series,Asia,South Korea,Online,4,61818.0,15454.5
2021-11-08,2021,BMW M3,South America,Brazil,Online,5,83846.0,16769.2
2021-11-08,2021,BMW X4,Africa,Morocco,Online,3,108002.0,36000.67
2021-11-08,2021,BMW X4,Africa,Kenya,Wholesale,3,108669.0,36223.0
2021-11-09,2021,BMW X2,North America,United States,Wholesale,1,51370.0,51370.0
2021-11-09,2021,BMW 2 Series,North America,Mexico,Online,5,99098.0,19819.6
2021-11-10,2021,BMW X3,Europe,Germany,Dealership,3,82047.0,27349.0
2021-11-10,2021,BMW X6,Asia,South Korea,Wholesale,1,38673.0,38673.0
2021-11-11,2021,BMW M8,Asia,South Korea,Dealership,3,82034.0,27344.67
2021-11-12,2021,BMW M2,Asia,China,Wholesale,5,117154.0,23430.8
2021-11-12,2021,BMW M3,Asia,Thailand,Dealership,4,90772.0,22693.0
2021-11-12,2021,BMW X7,South America,Chile,Dealership,3,50810.0,16936.67
2021-11-12,2021,BMW X2,Europe,Spain,Online,1,106553.0,106553.0
2021-11-13,2021,BMW 7 Series,North America,Mexico,Dealership,1,107762.0,107762.0
2021-11-13,2021,BMW M5,Asia,India,Wholesale,5,40038.0,8007.6
2021-11-13,2021,BMW M3,Africa,South Africa,Wholesale,1,118715.0,118715.0
2021-11-14,2021,BMW X5,South America,Chile,Online,1,87987.0,87987.0
2021-11-14,2021,BMW i3,Asia,Japan,Dealership,1,42289.0,42289.0
2021-11-14,2021,BMW X2,Asia,South Korea,Online,3,64905.0,21635.0
2021-11-15,2021,BMW 3 Series,Africa,Morocco,Wholesale,2,106749.0,53374.5
2021-11-15,2021,BMW X7,Africa,Nigeria,Wholesale,3,111544.0,37181.33
2021-11-15,2021,BMW 2 Series,Asia,China,Online,3,91166.0,30388.67
2021-11-15,2021,BMW 3 Series,Europe,Italy,Online,2,30969.0,15484.5
2021-11-15,2021,BMW M2,Europe,Germany,Dealership,2,99277.0,49638.5
2021-11-16,2021,BMW M4,Africa,Kenya,Online,1,36214.0,36214.0
2021-11-16,2021,BMW i3,Africa,Nigeria,Dealership,1,35720.0,35720.0
2021-11-16,2021,BMW i3,Asia,Japan,Wholesale,2,118484.0,59242.0
2021-11-17,2021,BMW iX,Asia,China,Wholesale,2,64902.0,32451.0
2021-11-18,2021,BMW M3,South America,Brazil,Wholesale,5,33671.0,6734.2
2021-11-19,2021,BMW i4,South America,Peru,Wholesale,3,37076.0,12358.67
2021-11-19,2021,BMW iX3,North America,United States,Wholesale,3,91068.0,30356.0
2021-11-19,2021,BMW Z4,Asia,South Korea,Online,2,39967.0,19983.5
2021-11-19,2021,BMW M3,Europe,Spain,Dealership,1,53926.0,53926.0
2021-11-19,2021,BMW 5 Series,South America,Brazil,Wholesale,5,114448.0,22889.6
2021-11-20,2021,BMW M3,Europe,United Kingdom,Dealership,4,63521.0,15880.25
2021-11-20,2021,BMW X6,South America,Brazil,Online,4,108513.0,27128.25
2021-11-20,2021,BMW i3,South America,Chile,Dealership,4,68790.0,17197.5
2021-11-20,2021,BMW 2 Series,South America,Chile,Online,3,82775.0,27591.67
2021-11-21,2021,BMW X3,North America,Canada,Online,2,101515.0,50757.5
2021-11-21,2021,BMW Z4,Asia,China,Wholesale,3,44272.0,14757.33
2021-11-21,2021,BMW M4,Africa,Nigeria,Online,5,101744.0,20348.8
2021-11-21,2021,BMW 8 Series,South America,Colombia,Dealership,5,37304.0,7460.8
2021-11-22,2021,BMW M8,South America,Chile,Dealership,2,110865.0,55432.5
2021-11-22,2021,BMW M3,Asia,Japan,Online,4,47762.0,11940.5
2021-11-22,2021,BMW iX3,South America,Argentina,Dealership,5,81591.0,16318.2
2021-11-23,2021,BMW M5,Africa,Kenya,Wholesale,4,67880.0,16970.0
2021-11-23,2021,BMW 4 Series,Europe,France,Wholesale,4,60146.0,15036.5
2021-11-23,2021,BMW M2,South America,Colombia,Dealership,4,87487.0,21871.75
2021-11-23,2021,BMW Z4,Europe,France,Dealership,1,51891.0,51891.0
2021-11-23,2021,BMW i8,South America,Peru,Wholesale,1,90428.0,90428.0
2021-11-24,2021,BMW 4 Series,Asia,South Korea,Wholesale,5,34715.0,6943.0
2021-11-25,2021,BMW M3,Asia,India,Online,2,65911.0,32955.5
2021-11-25,2021,BMW i4,Asia,China,Wholesale,5,48930.0,9786.0
2021-11-25,2021,BMW X7,Africa,Morocco,Wholesale,4,69860.0,17465.0
2021-11-25,2021,BMW i3,Asia,China,Dealership,2,49750.0,24875.0
2021-11-25,2021,BMW 7 Series,Asia,China,Dealership,4,88491.0,22122.75
2021-11-25,2021,BMW X1,Europe,France,Online,3,30503.0,10167.67
2021-11-27,2021,BMW 4 Series,Europe,Italy,Wholesale,4,77143.0,19285.75
2021-11-27,2021,BMW X5,Asia,China,Wholesale,1,108821.0,108821.0
2021-11-27,2021,BMW X1,South America,Brazil,Online,4,107530.0,26882.5
2021-11-28,2021,BMW 4 Series,South America,Chile,Dealership,4,74696.0,18674.0
2021-11-28,2021,BMW X4,Asia,India,Wholesale,2,110358.0,55179.0
2021-11-29,2021,BMW i3,Africa,Nigeria,Dealership,3,93288.0,31096.0
2021-11-30,2021,BMW 7 Series,Europe,Spain,Wholesale,4,42470.0,10617.5
2021-11-30,2021,BMW i3,Africa,Nigeria,Online,4,50386.0,12596.5
2021-12-01,2021,BMW Z4,Africa,Nigeria,Dealership,2,98146.0,49073.0
2021-12-01,2021,BMW X1,Africa,Kenya,Online,5,60653.0,12130.6
2021-12-01,2021,BMW 8 Series,South America,Brazil,Dealership,5,31947.0,6389.4
2021-12-02,2021,BMW iX,Asia,Thailand,Wholesale,5,116842.0,23368.4
2021-12-02,2021,BMW 7 Series,Asia,Japan,Wholesale,1,74291.0,74291.0
2021-12-02,2021,BMW 1 Series,North America,Canada,Wholesale,4,99499.0,24874.75
2021-12-02,2021,BMW M8,Europe,Germany,Dealership,4,106368.0,26592.0
2021-12-03,2021,BMW 7 Series,North America,United States,Online,2,48934.0,24467.0
2021-12-03,2021,BMW M4,Europe,Spain,Online,4,118479.0,29619.75
2021-12-03,2021,BMW M5,Africa,Morocco,Wholesale,1,46623.0,46623.0
2021-12-04,2021,BMW iX3,Asia,India,Online,1,67310.0,67310.0
2021-12-04,2021,BMW 5 Series,Asia,Thailand,Online,3,118907.0,39635.67
2021-12-05,2021,BMW X7,Asia,South Korea,Dealership,2,89829.0,44914.5
2021-12-06,2021,BMW M8,Europe,Spain,Online,1,98837.0,98837.0
2021-12-06,2021,BMW 2 Series,Asia,Japan,Wholesale,2,107713.0,53856.5
2021-12-07,2021,BMW 4 Series,South America,Brazil,Dealership,4,33345.0,8336.25
2021-12-07,2021,BMW M3,Asia,Japan,Online,3,94262.0,31420.67
2021-12-07,2021,BMW X4,Asia,China,Wholesale,2,43427.0,21713.5
2021-12-08,2021,BMW 7 Series,South America,Peru,Online,5,33972.0,6794.4
2021-12-08,2021,BMW iX,North America,Mexico,Dealership,3,98551.0,32850.33
2021-12-08,2021,BMW X6,North America,Canada,Wholesale,2,70286.0,35143.0
2021-12-08,2021,BMW Z4,South America,Brazil,Online,2,59236.0,29618.0
2021-12-08,2021,BMW 4 Series,Africa,Kenya,Online,3,93324.0,31108.0
2021-12-09,2021,BMW 5 Series,South America,Argentina,Online,2,58259.0,29129.5
2021-12-09,2021,BMW i8,Asia,China,Wholesale,5,43783.0,8756.6
2021-12-10,2021,BMW M5,North America,Canada,Wholesale,5,116057.0,23211.4
2021-12-10,2021,BMW 2 Series,Europe,Spain,Online,3,49098.0,16366.0
2021-12-10,2021,BMW 3 Series,Asia,India,Online,4,71565.0,17891.25
2021-12-11,2021,BMW X3,Asia,Thailand,Online,3,39651.0,13217.0
2021-12-11,2021,BMW 1 Series,Asia,India,Dealership,2,83077.0,41538.5
2021-12-11,2021,BMW X6,North America,Canada,Online,4,109435.0,27358.75
2021-12-11,2021,BMW X7,Asia,India,Dealership,3,57937.0,19312.33
2021-12-12,2021,BMW Z4,Europe,France,Dealership,3,52272.0,17424.0
2021-12-12,2021,BMW 3 Series,North America,Mexico,Wholesale,3,104174.0,34724.67
2021-12-14,2021,BMW 6 Series,Africa,Kenya,Online,4,71999.0,17999.75
2021-12-14,2021,BMW X1,Asia,China,Dealership,2,97583.0,48791.5
2021-12-14,2021,BMW X5,Europe,France,Online,3,42698.0,14232.67
2021-12-14,2021,BMW 5 Series,North America,Mexico,Online,5,67203.0,13440.6
2021-12-15,2021,BMW Z4,Africa,Kenya,Wholesale,3,119217.0,39739.0
2021-12-16,2021,BMW X6,North America,United States,Dealership,5,42842.0,8568.4
2021-12-16,2021,BMW 1 Series,South America,Peru,Online,5,76969.0,15393.8
2021-12-16,2021,BMW i4,Africa,Morocco,Wholesale,5,71633.0,14326.6
2021-12-16,2021,BMW 3 Series,North America,Mexico,Dealership,3,60034.0,20011.33
2021-12-17,2021,BMW i4,North America,United States,Wholesale,3,90064.0,30021.33
2021-12-18,2021,BMW M8,Asia,China,Dealership,3,80083.0,26694.33
2021-12-19,2021,BMW 2 Series,Africa,Nigeria,Dealership,3,39176.0,13058.67
2021-12-19,2021,BMW X1,Asia,Thailand,Wholesale,1,90832.0,90832.0
2021-12-19,2021,BMW 3 Series,Asia,Thailand,Online,2,75530.0,37765.0
2021-12-19,2021,BMW X4,North America,United States,Wholesale,1,75284.0,75284.0
2021-12-19,2021,BMW M5,South America,Colombia,Dealership,4,44783.0,11195.75
2021-12-21,2021,BMW X4,North America,Canada,Dealership,1,55460.0,55460.0
2021-12-22,2021,BMW 5 Series,Asia,Japan,Online,2,66445.0,33222.5
2021-12-22,2021,BMW 6 Series,Africa,Morocco,Dealership,1,46616.0,46616.0
2021-12-22,2021,BMW M8,Africa,South Africa,Online,1,62205.0,62205.0
2021-12-23,2021,BMW X1,North America,Mexico,Wholesale,5,38885.0,7777.0
2021-12-24,2021,BMW X1,Africa,Morocco,Online,4,88308.0,22077.0
2021-12-24,2021,BMW i4,Europe,Germany,Dealership,4,94642.0,23660.5
2021-12-24,2021,BMW M8,Europe,Germany,Dealership,2,100500.0,50250.0
2021-12-24,2021,BMW 2 Series,Africa,Kenya,Online,1,113990.0,113990.0
2021-12-24,2021,BMW M3,Africa,South Africa,Wholesale,5,108342.0,21668.4
2021-12-25,2021,BMW 6 Series,Europe,Spain,Wholesale,2,94430.0,47215.0
2021-12-25,2021,BMW M4,Africa,Kenya,Wholesale,2,80539.0,40269.5
2021-12-25,2021,BMW M4,Europe,Germany,Dealership,2,56165.0,28082.5
2021-12-25,2021,BMW X5,South America,Chile,Online,3,86284.0,28761.33
2021-12-25,2021,BMW 8 Series,Asia,India,Online,5,54791.0,10958.2
2021-12-26,2021,BMW X4,South America,Chile,Dealership,3,55262.0,18420.67
2021-12-26,2021,BMW 4 Series,North America,United States,Online,5,101826.0,20365.2
2021-12-26,2021,BMW 4 Series,North America,Canada,Online,1,119441.0,119441.0
2021-12-26,2021,BMW iX3,Africa,Nigeria,Online,5,101114.0,20222.8
2021-12-26,2021,BMW i8,Africa,South Africa,Wholesale,5,107364.0,21472.8
2021-12-27,2021,BMW M5,Asia,Thailand,Online,1,35461.0,35461.0
2021-12-27,2021,BMW 4 Series,Africa,Morocco,Wholesale,3,51873.0,17291.0
2021-12-28,2021,BMW 3 Series,Africa,Kenya,Wholesale,5,69899.0,13979.8
2021-12-28,2021,BMW X7,Asia,Thailand,Dealership,1,96629.0,96629.0
2021-12-28,2021,BMW X2,Asia,Thailand,Wholesale,2,110635.0,55317.5
2021-12-29,2021,BMW X3,Europe,Germany,Dealership,2,99058.0,49529.0
2021-12-29,2021,BMW M2,North America,Mexico,Dealership,1,68573.0,68573.0
2021-12-30,2021,BMW 7 Series,South America,Colombia,Online,2,99245.0,49622.5
2021-12-31,2021,BMW X4,South America,Chile,Online,1,103030.0,103030.0
2021-12-31,2021,BMW 6 Series,Europe,Spain,Online,5,36704.0,7340.8
2021-12-31,2021,BMW X2,Africa,Egypt,Online,5,87465.0,17493.0
2022-01-01,2022,BMW X2,North America,United States,Dealership,4,33302.0,8325.5
2022-01-01,2022,BMW X6,North America,Mexico,Wholesale,3,42410.0,14136.67
2022-01-01,2022,BMW X1,Europe,France,Dealership,3,112045.0,37348.33
2022-01-02,2022,BMW 5 Series,South America,Peru,Online,3,105038.0,35012.67
2022-01-02,2022,BMW X1,North America,Mexico,Dealership,1,63749.0,63749.0
2022-01-02,2022,BMW X1,North America,Canada,Wholesale,4,109804.0,27451.0
2022-01-03,2022,BMW 6 Series,Asia,China,Online,3,111919.0,37306.33
2022-01-04,2022,BMW 7 Series,Asia,Thailand,Dealership,5,80603.0,16120.6
2022-01-04,2022,BMW 2 Series,Africa,Morocco,Dealership,3,41325.0,13775.0
2022-01-04,2022,BMW i4,Asia,Thailand,Dealership,4,103247.0,25811.75
2022-01-05,2022,BMW M2,North America,United States,Online,5,115778.0,23155.6
2022-01-05,2022,BMW M2,Africa,Morocco,Dealership,5,118057.0,23611.4
2022-01-05,2022,BMW X4,South America,Brazil,Wholesale,1,92987.0,92987.0
2022-01-06,2022,BMW X6,Africa,South Africa,Wholesale,4,56469.0,14117.25
2022-01-06,2022,BMW 4 Series,North America,Mexico,Online,3,62050.0,20683.33
2022-01-06,2022,BMW 4 Series,North America,Canada,Online,5,57111.0,11422.2
2022-01-06,2022,BMW X2,Asia,India,Online,4,76402.0,19100.5
2022-01-06,2022,BMW 3 Series,North America,Mexico,Dealership,2,40543.0,20271.5
2022-01-06,2022,BMW 8 Series,Africa,South Africa,Dealership,1,46092.0,46092.0
2022-01-07,2022,BMW 6 Series,Africa,South Africa,Wholesale,3,65854.0,21951.33
2022-01-08,2022,BMW X1,North America,United States,Dealership,2,107850.0,53925.0
2022-01-08,2022,BMW Z4,South America,Argentina,Wholesale,5,70205.0,14041.0
2022-01-09,2022,BMW 2 Series,Asia,China,Online,5,43339.0,8667.8
2022-01-09,2022,BMW X7,South America,Argentina,Dealership,2,47383.0,23691.5
2022-01-09,2022,BMW 7 Series,South America,Argentina,Online,3,118598.0,39532.67
2022-01-09,2022,BMW i3,Europe,Germany,Online,5,91549.0,18309.8
2022-01-10,2022,BMW X6,Asia,China,Dealership,4,44525.0,11131.25
2022-01-10,2022,BMW X2,South America,Chile,Dealership,5,107664.0,21532.8
2022-01-10,2022,BMW M5,Asia,China,Wholesale,3,108926.0,36308.67
2022-01-10,2022,BMW 7 Series,North America,Mexico,Dealership,5,109297.0,21859.4
2022-01-10,2022,BMW iX3,North America,United States,Dealership,5,85596.0,17119.2
2022-01-11,2022,BMW M4,Africa,Kenya,Online,2,43706.0,21853.0
2022-01-11,2022,BMW i4,Africa,Nigeria,Dealership,2,86153.0,43076.5
2022-01-11,2022,BMW X2,Europe,Germany,Online,4,70765.0,17691.25
2022-01-11,2022,BMW 8 Series,South America,Brazil,Online,1,98086.0,98086.0
2022-01-11,2022,BMW i4,North America,Mexico,Wholesale,5,62850.0,12570.0
2022-01-12,2022,BMW 8 Series,Asia,China,Wholesale,4,55226.0,13806.5
2022-01-12,2022,BMW 7 Series,Asia,India,Online,3,115916.0,38638.67
2022-01-12,2022,BMW M4,Europe,Spain,Online,5,91671.0,18334.2
2022-01-13,2022,BMW i8,Europe,France,Wholesale,3,103830.0,34610.0
2022-01-13,2022,BMW 1 Series,Asia,South Korea,Online,1,100632.0,100632.0
2022-01-13,2022,BMW i8,South America,Peru,Dealership,1,84445.0,84445.0
2022-01-14,2022,BMW 1 Series,North America,Mexico,Wholesale,5,38861.0,7772.2
2022-01-15,2022,BMW X4,Africa,Nigeria,Online,5,111339.0,22267.8
2022-01-15,2022,BMW 1 Series,Africa,South Africa,Wholesale,4,35274.0,8818.5
2022-01-15,2022,BMW X7,North America,Canada,Online,4,111565.0,27891.25
2022-01-15,2022,BMW M8,Africa,Nigeria,Wholesale,5,88810.0,17762.0
2022-01-16,2022,BMW i8,Europe,France,Dealership,5,56863.0,11372.6
2022-01-17,2022,BMW 4 Series,Africa,Kenya,Online,1,45611.0,45611.0
2022-01-17,2022,BMW M5,Africa,Nigeria,Dealership,1,112415.0,112415.0
2022-01-17,2022,BMW X6,Asia,Japan,Dealership,1,56783.0,56783.0
2022-01-17,2022,BMW X6,North America,United States,Wholesale,5,35391.0,7078.2
2022-01-17,2022,BMW Z4,Africa,Nigeria,Online,4,106724.0,26681.0
2022-01-17,2022,BMW i3,Asia,China,Wholesale,2,97258.0,48629.0
2022-01-18,2022,BMW i4,Africa,Morocco,Dealership,2,33274.0,16637.0
2022-01-18,2022,BMW M2,Asia,India,Dealership,4,71530.0,17882.5
2022-01-19,2022,BMW X3,North America,Canada,Online,4,100173.0,25043.25
2022-01-20,2022,BMW X7,Asia,India,Dealership,1,83382.0,83382.0
2022-01-20,2022,BMW 3 Series,South America,Peru,Wholesale,4,52447.0,13111.75
2022-01-21,2022,BMW X5,North America,Mexico,Online,3,49693.0,16564.33
2022-01-21,2022,BMW 5 Series,Africa,Nigeria,Online,5,54959.0,10991.8
2022-01-23,2022,BMW 8 Series,South America,Peru,Dealership,1,57987.0,57987.0
2022-01-24,2022,BMW 2 Series,South America,Peru,Online,2,83239.0,41619.5
2022-01-24,2022,BMW i3,South America,Peru,Dealership,5,90763.0,18152.6
2022-01-24,2022,BMW i4,Europe,France,Dealership,4,30599.0,7649.75
2022-01-25,2022,BMW 4 Series,Europe,Germany,Wholesale,2,30056.0,15028.0
2022-01-25,2022,BMW i8,Asia,China,Wholesale,4,35153.0,8788.25
2022-01-25,2022,BMW 6 Series,Africa,Kenya,Dealership,4,53853.0,13463.25
2022-01-25,2022,BMW i3,Europe,United Kingdom,Wholesale,4,43333.0,10833.25
2022-01-26,2022,BMW M2,Africa,Kenya,Online,5,43707.0,8741.4
2022-01-26,2022,BMW 3 Series,North America,United States,Wholesale,2,34991.0,17495.5
2022-01-28,2022,BMW i4,Asia,India,Wholesale,2,42626.0,21313.0
2022-01-28,2022,BMW 8 Series,Europe,Spain,Online,4,70910.0,17727.5
2022-01-30,2022,BMW X6,Africa,Nigeria,Dealership,1,56817.0,56817.0
2022-01-31,2022,BMW 4 Series,Asia,South Korea,Dealership,1,115549.0,115549.0
2022-01-31,2022,BMW M4,North America,Mexico,Dealership,2,87698.0,43849.0
2022-01-31,2022,BMW 4 Series,South America,Chile,Online,1,45405.0,45405.0
2022-01-31,2022,BMW X1,Asia,Japan,Wholesale,3,89251.0,29750.33
2022-01-31,2022,BMW 4 Series,South America,Chile,Dealership,5,77128.0,15425.6
2022-01-31,2022,BMW 6 Series,Africa,Morocco,Wholesale,3,42911.0,14303.67
2022-02-01,2022,BMW i4,Africa,Kenya,Wholesale,1,100656.0,100656.0
2022-02-02,2022,BMW X2,Europe,France,Wholesale,4,116653.0,29163.25
2022-02-02,2022,BMW M3,North America,Mexico,Dealership,5,76381.0,15276.2
2022-02-03,2022,BMW X2,Europe,Germany,Online,1,41631.0,41631.0
2022-02-03,2022,BMW 6 Series,Asia,South Korea,Wholesale,1,96421.0,96421.0
2022-02-03,2022,BMW 6 Series,South America,Argentina,Wholesale,3,40322.0,13440.67
2022-02-03,2022,BMW X7,Africa,South Africa,Dealership,4,56817.0,14204.25
2022-02-03,2022,BMW Z4,Asia,Thailand,Dealership,3,61460.0,20486.67
2022-02-03,2022,BMW 6 Series,Africa,Nigeria,Wholesale,5,87223.0,17444.6
2022-02-04,2022,BMW M4,South America,Argentina,Wholesale,5,74508.0,14901.6
2022-02-04,2022,BMW 2 Series,Europe,United Kingdom,Online,4,117940.0,29485.0
2022-02-04,2022,BMW M3,North America,Mexico,Online,3,75213.0,25071.0
2022-02-04,2022,BMW X3,North America,United States,Wholesale,4,66656.0,16664.0
2022-02-05,2022,BMW X7,North America,Canada,Dealership,4,35622.0,8905.5
2022-02-05,2022,BMW 3 Series,Africa,Morocco,Online,2,107271.0,53635.5
2022-02-05,2022,BMW Z4,South America,Brazil,Wholesale,3,33717.0,11239.0
2022-02-06,2022,BMW iX3,Africa,South Africa,Online,5,90178.0,18035.6
2022-02-06,2022,BMW X5,Africa,Egypt,Wholesale,3,106023.0,35341.0
2022-02-07,2022,BMW X3,Africa,Morocco,Online,2,119637.0,59818.5
2022-02-07,2022,BMW M5,Asia,Japan,Dealership,5,59895.0,11979.0
2022-02-07,2022,BMW i8,South America,Peru,Dealership,3,39615.0,13205.0
2022-02-08,2022,BMW X5,Asia,South Korea,Wholesale,2,68416.0,34208.0
2022-02-08,2022,BMW 1 Series,Africa,Egypt,Wholesale,5,56606.0,11321.2
2022-02-09,2022,BMW i8,Europe,Italy,Wholesale,5,42405.0,8481.0
2022-02-09,2022,BMW Z4,Africa,South Africa,Dealership,2,61334.0,30667.0
2022-02-09,2022,BMW i8,North America,United States,Online,5,109921.0,21984.2
2022-02-09,2022,BMW i4,South America,Argentina,Wholesale,3,63945.0,21315.0
2022-02-09,2022,BMW Z4,South America,Argentina,Dealership,3,71704.0,23901.33
2022-02-09,2022,BMW X3,South America,Chile,Dealership,5,74594.0,14918.8
2022-02-10,2022,BMW 6 Series,Africa,Egypt,Online,1,48773.0,48773.0
2022-02-10,2022,BMW iX3,Europe,United Kingdom,Dealership,2,102503.0,51251.5
2022-02-11,2022,BMW M8,North America,Canada,Dealership,3,102706.0,34235.33
2022-02-11,2022,BMW M8,Asia,South Korea,Online,1,35456.0,35456.0
2022-02-12,2022,BMW X5,North America,United States,Online,4,38802.0,9700.5
2022-02-12,2022,BMW 4 Series,Asia,China,Wholesale,1,57770.0,57770.0
2022-02-12,2022,BMW M2,Europe,Spain,Dealership,5,86492.0,17298.4
2022-02-12,2022,BMW X1,Africa,Kenya,Online,4,72011.0,18002.75
2022-02-13,2022,BMW 4 Series,South America,Peru,Online,1,42979.0,42979.0
2022-02-13,2022,BMW X2,Africa,Egypt,Dealership,3,58063.0,19354.33
2022-02-13,2022,BMW i3,Asia,Japan,Online,1,42516.0,42516.0
2022-02-14,2022,BMW i4,South America,Chile,Wholesale,3,41108.0,13702.67
2022-02-14,2022,BMW 7 Series,South America,Peru,Dealership,5,82340.0,16468.0
2022-02-14,2022,BMW 3 Series,Asia,Japan,Wholesale,3,119352.0,39784.0
2022-02-14,2022,BMW 6 Series,Asia,Thailand,Dealership,5,118348.0,23669.6
2022-02-15,2022,BMW M2,Europe,France,Dealership,5,81792.0,16358.4
2022-02-15,2022,BMW X4,North America,United States,Dealership,1,59519.0,59519.0
2022-02-16,2022,BMW X3,Europe,France,Wholesale,4,69866.0,17466.5
2022-02-16,2022,BMW 5 Series,Europe,Italy,Wholesale,3,110752.0,36917.33
2022-02-16,2022,BMW X7,North America,Canada,Online,2,98235.0,49117.5
2022-02-16,2022,BMW X1,South America,Argentina,Dealership,1,95481.0,95481.0
2022-02-16,2022,BMW M3,Asia,South Korea,Wholesale,4,78105.0,19526.25
2022-02-16,2022,BMW 4 Series,Europe,France,Wholesale,3,84470.0,28156.67
2022-02-17,2022,BMW 2 Series,North America,United States,Dealership,2,31825.0,15912.5
2022-02-17,2022,BMW Z4,South America,Chile,Wholesale,3,87999.0,29333.0
2022-02-17,2022,BMW 5 Series,South America,Argentina,Online,4,108270.0,27067.5
2022-02-17,2022,BMW 2 Series,Africa,Morocco,Online,2,61734.0,30867.0
2022-02-17,2022,BMW X7,South America,Brazil,Dealership,5,79824.0,15964.8
2022-02-18,2022,BMW i3,Asia,India,Wholesale,5,56409.0,11281.8
2022-02-18,2022,BMW Z4,North America,United States,Dealership,3,80060.0,26686.67
2022-02-19,2022,BMW X3,Asia,Japan,Online,1,74078.0,74078.0
2022-02-19,2022,BMW X6,South America,Chile,Wholesale,1,65183.0,65183.0
2022-02-19,2022,BMW X2,Asia,Japan,Wholesale,1,47340.0,47340.0
2022-02-20,2022,BMW 6 Series,Europe,Germany,Dealership,5,75610.0,15122.0
2022-02-20,2022,BMW i3,North America,United States,Online,1,52713.0,52713.0
2022-02-20,2022,BMW X7,Europe,France,Online,1,60785.0,60785.0
2022-02-20,2022,BMW X4,Africa,Egypt,Dealership,3,52586.0,17528.67
2022-02-20,2022,BMW i4,South America,Peru,Online,5,55525.0,11105.0
2022-02-22,2022,BMW X4,North America,Canada,Dealership,4,48229.0,12057.25
2022-02-23,2022,BMW 3 Series,Asia,Thailand,Wholesale,1,96877.0,96877.0
2022-02-24,2022,BMW X2,North America,United States,Online,2,100096.0,50048.0
2022-02-24,2022,BMW M5,Africa,Egypt,Online,4,47801.0,11950.25
2022-02-24,2022,BMW X3,South America,Chile,Wholesale,4,37386.0,9346.5
2022-02-24,2022,BMW 4 Series,Europe,France,Dealership,3,100871.0,33623.67
2022-02-24,2022,BMW i8,North America,United States,Dealership,4,89469.0,22367.25
2022-02-25,2022,BMW X6,South America,Peru,Wholesale,5,85566.0,17113.2
2022-02-25,2022,BMW X6,South America,Colombia,Dealership,4,54660.0,13665.0
2022-02-25,2022,BMW X3,South America,Brazil,Wholesale,2,39144.0,19572.0
2022-02-26,2022,BMW X7,South America,Peru,Wholesale,2,39542.0,19771.0
2022-02-26,2022,BMW X2,South America,Peru,Wholesale,3,50810.0,16936.67
2022-02-26,2022,BMW iX,Africa,Morocco,Online,1,86437.0,86437.0
2022-02-27,2022,BMW 5 Series,North America,United States,Online,1,60331.0,60331.0
2022-02-27,2022,BMW i8,Asia,China,Wholesale,4,97187.0,24296.75
2022-02-27,2022,BMW M8,Asia,Japan,Online,5,77838.0,15567.6
2022-02-27,2022,BMW Z4,South America,Argentina,Wholesale,3,46110.0,15370.0
2022-02-28,2022,BMW 3 Series,Africa,Kenya,Online,2,78296.0,39148.0
2022-02-28,2022,BMW X7,South America,Argentina,Online,5,110071.0,22014.2
2022-02-28,2022,BMW iX3,South America,Argentina,Dealership,2,33051.0,16525.5
2022-03-01,2022,BMW iX,Europe,Spain,Online,3,95430.0,31810.0
2022-03-01,2022,BMW M8,Africa,Nigeria,Online,3,53135.0,17711.67
2022-03-02,2022,BMW X5,South America,Peru,Wholesale,4,73263.0,18315.75
2022-03-02,2022,BMW iX,South America,Brazil,Online,2,68221.0,34110.5
2022-03-02,2022,BMW X6,Africa,Morocco,Dealership,4,67214.0,16803.5
2022-03-02,2022,BMW 3 Series,Asia,Thailand,Dealership,2,112151.0,56075.5
2022-03-02,2022,BMW i4,Africa,Nigeria,Online,2,82822.0,41411.0
2022-03-03,2022,BMW 5 Series,Asia,South Korea,Wholesale,1,89035.0,89035.0
2022-03-03,2022,BMW 6 Series,Asia,China,Wholesale,3,101600.0,33866.67
2022-03-03,2022,BMW 1 Series,Africa,Nigeria,Wholesale,2,90526.0,45263.0
2022-03-03,2022,BMW X6,Europe,United Kingdom,Dealership,2,70779.0,35389.5
2022-03-03,2022,BMW X7,Asia,China,Wholesale,4,75318.0,18829.5
2022-03-03,2022,BMW X6,Africa,South Africa,Online,1,46833.0,46833.0
2022-03-04,2022,BMW X2,Europe,United Kingdom,Online,3,106593.0,35531.0
2022-03-04,2022,BMW M5,Europe,United Kingdom,Online,4,104868.0,26217.0
2022-03-04,2022,BMW Z4,Africa,South Africa,Wholesale,4,119049.0,29762.25
2022-03-05,2022,BMW M5,North America,Mexico,Wholesale,2,37012.0,18506.0
2022-03-06,2022,BMW M3,North America,Canada,Online,5,48317.0,9663.4
2022-03-06,2022,BMW X2,Asia,South Korea,Wholesale,3,89797.0,29932.33
2022-03-06,2022,BMW M8,Europe,France,Dealership,4,75041.0,18760.25
2022-03-07,2022,BMW 3 Series,Africa,Egypt,Wholesale,2,107895.0,53947.5
2022-03-07,2022,BMW X5,Europe,United Kingdom,Online,2,79285.0,39642.5
2022-03-07,2022,BMW 8 Series,Europe,Spain,Wholesale,3,54031.0,18010.33
2022-03-08,2022,BMW X6,Asia,China,Online,2,71866.0,35933.0
2022-03-09,2022,BMW iX3,Africa,Nigeria,Online,1,57961.0,57961.0
2022-03-10,2022,BMW 7 Series,Africa,South Africa,Online,5,42554.0,8510.8
2022-03-10,2022,BMW 7 Series,North America,Canada,Online,3,48407.0,16135.67
2022-03-11,2022,BMW 3 Series,Africa,Kenya,Online,3,85283.0,28427.67
2022-03-11,2022,BMW X7,South America,Argentina,Dealership,3,40687.0,13562.33
2022-03-11,2022,BMW 6 Series,Europe,Spain,Dealership,2,93021.0,46510.5
2022-03-11,2022,BMW 5 Series,Europe,United Kingdom,Wholesale,2,110729.0,55364.5
2022-03-11,2022,BMW Z4,Asia,China,Online,3,92848.0,30949.33
2022-03-11,2022,BMW X1,Asia,South Korea,Dealership,3,98773.0,32924.33
2022-03-12,2022,BMW 3 Series,Europe,Germany,Wholesale,1,57328.0,57328.0
2022-03-12,2022,BMW i4,Asia,Japan,Wholesale,4,88247.0,22061.75
2022-03-12,2022,BMW i4,South America,Colombia,Dealership,1,97966.0,97966.0
2022-03-12,2022,BMW X5,Africa,Egypt,Dealership,3,37782.0,12594.0
2022-03-14,2022,BMW 6 Series,South America,Argentina,Dealership,5,95264.0,19052.8
2022-03-14,2022,BMW X7,Africa,Morocco,Wholesale,5,110066.0,22013.2
2022-03-14,2022,BMW 8 Series,Asia,India,Online,4,95150.0,23787.5
2022-03-14,2022,BMW X4,Africa,Kenya,Online,2,32962.0,16481.0
2022-03-14,2022,BMW 3 Series,Europe,United Kingdom,Wholesale,2,104826.0,52413.0
2022-03-14,2022,BMW X2,Asia,China,Dealership,3,75819.0,25273.0
2022-03-15,2022,BMW 6 Series,North America,Mexico,Dealership,4,34840.0,8710.0
2022-03-15,2022,BMW M3,North America,Canada,Wholesale,1,116934.0,116934.0
2022-03-15,2022,BMW i3,Europe,France,Dealership,4,65409.0,16352.25
2022-03-15,2022,BMW i8,Africa,Morocco,Wholesale,5,34902.0,6980.4
2022-03-15,2022,BMW iX,Africa,Morocco,Online,2,117114.0,58557.0
2022-03-16,2022,BMW M3,South America,Colombia,Dealership,2,83780.0,41890.0
2022-03-17,2022,BMW 8 Series,North America,Canada,Wholesale,4,101656.0,25414.0
2022-03-17,2022,BMW 4 Series,North America,Mexico,Online,3,80756.0,26918.67
2022-03-17,2022,BMW i4,South America,Colombia,Online,5,117630.0,23526.0
2022-03-18,2022,BMW iX3,South America,Brazil,Wholesale,5,109817.0,21963.4
2022-03-18,2022,BMW M3,Africa,Egypt,Wholesale,2,100793.0,50396.5
2022-03-18,2022,BMW M5,South America,Colombia,Online,1,88418.0,88418.0
2022-03-18,2022,BMW i4,Africa,Kenya,Dealership,5,42738.0,8547.6
2022-03-18,2022,BMW M4,Africa,Morocco,Wholesale,2,89269.0,44634.5
2022-03-19,2022,BMW X1,South America,Brazil,Dealership,4,59730.0,14932.5
2022-03-19,2022,BMW 3 Series,Asia,China,Wholesale,2,34125.0,17062.5
2022-03-20,2022,BMW X4,North America,United States,Wholesale,4,40269.0,10067.25
2022-03-20,2022,BMW iX3,South America,Chile,Online,4,55158.0,13789.5
2022-03-21,2022,BMW X2,North America,United States,Dealership,1,75015.0,75015.0
2022-03-21,2022,BMW X1,Europe,Germany,Wholesale,5,45740.0,9148.0
2022-03-21,2022,BMW X4,South America,Brazil,Dealership,1,56850.0,56850.0
2022-03-21,2022,BMW M4,South America,Colombia,Online,1,96533.0,96533.0
2022-03-21,2022,BMW X6,Asia,South Korea,Dealership,4,54844.0,13711.0
2022-03-22,2022,BMW 2 Series,Africa,Kenya,Wholesale,2,55785.0,27892.5
2022-03-22,2022,BMW X5,North America,Canada,Dealership,2,34804.0,17402.0
2022-03-22,2022,BMW M3,Europe,Spain,Dealership,3,105066.0,35022.0
2022-03-22,2022,BMW 4 Series,Africa,Nigeria,Online,2,56238.0,28119.0
2022-03-23,2022,BMW iX,North America,Mexico,Dealership,2,96786.0,48393.0
2022-03-23,2022,BMW iX3,North America,United States,Online,2,117095.0,58547.5
2022-03-24,2022,BMW i4,Europe,Spain,Dealership,1,35312.0,35312.0
2022-03-24,2022,BMW X1,Europe,France,Dealership,4,65489.0,16372.25
2022-03-24,2022,BMW 7 Series,Asia,Thailand,Online,4,73774.0,18443.5
2022-03-24,2022,BMW X7,Europe,Spain,Online,2,64075.0,32037.5
2022-03-25,2022,BMW X7,Asia,India,Wholesale,1,64320.0,64320.0
2022-03-25,2022,BMW 8 Series,Europe,Spain,Dealership,3,83918.0,27972.67
2022-03-25,2022,BMW X7,Asia,China,Wholesale,2,116518.0,58259.0
2022-03-25,2022,BMW 6 Series,Africa,Nigeria,Dealership,1,103285.0,103285.0
2022-03-25,2022,BMW 3 Series,Africa,Morocco,Online,2,100357.0,50178.5
2022-03-25,2022,BMW X6,Asia,India,Dealership,2,107780.0,53890.0
2022-03-25,2022,BMW X7,South America,Argentina,Dealership,5,51031.0,10206.2
2022-03-25,2022,BMW M2,Africa,Egypt,Dealership,3,54696.0,18232.0
2022-03-25,2022,BMW X6,Europe,Spain,Online,3,45091.0,15030.33
2022-03-26,2022,BMW i3,Africa,South Africa,Wholesale,2,87776.0,43888.0
2022-03-26,2022,BMW 6 Series,Asia,China,Dealership,1,115877.0,115877.0
2022-03-27,2022,BMW 1 Series,South America,Colombia,Online,2,53043.0,26521.5
2022-03-27,2022,BMW X2,Africa,Egypt,Online,1,68392.0,68392.0
2022-03-29,2022,BMW X2,South America,Peru,Online,2,38806.0,19403.0
2022-03-29,2022,BMW 6 Series,South America,Chile,Dealership,4,53363.0,13340.75
2022-03-29,2022,BMW X7,Africa,Egypt,Dealership,5,95957.0,19191.4
2022-03-30,2022,BMW 1 Series,Asia,China,Online,1,86414.0,86414.0
2022-03-30,2022,BMW X5,North America,United States,Wholesale,3,103836.0,34612.0
2022-03-30,2022,BMW iX3,North America,United States,Wholesale,4,53115.0,13278.75
2022-03-30,2022,BMW Z4,South America,Argentina,Dealership,4,67867.0,16966.75
2022-03-30,2022,BMW M2,South America,Argentina,Wholesale,5,76809.0,15361.8
2022-03-30,2022,BMW 8 Series,North America,Canada,Wholesale,2,53007.0,26503.5
2022-04-01,2022,BMW i3,Europe,United Kingdom,Wholesale,4,47279.0,11819.75
2022-04-01,2022,BMW 8 Series,Africa,Egypt,Online,4,93389.0,23347.25
2022-04-02,2022,BMW 6 Series,South America,Colombia,Wholesale,4,78122.0,19530.5
2022-04-03,2022,BMW M3,South America,Peru,Wholesale,5,47139.0,9427.8
2022-04-04,2022,BMW 3 Series,Europe,Germany,Dealership,4,108563.0,27140.75
2022-04-04,2022,BMW iX3,Africa,Kenya,Wholesale,2,104898.0,52449.0
2022-04-04,2022,BMW M4,Asia,Japan,Dealership,4,41465.0,10366.25
2022-04-05,2022,BMW X1,North America,United States,Online,3,36952.0,12317.33
2022-04-05,2022,BMW 5 Series,South America,Chile,Online,4,69883.0,17470.75
2022-04-06,2022,BMW 3 Series,North America,Mexico,Wholesale,4,57785.0,14446.25
2022-04-06,2022,BMW M3,Europe,Italy,Online,2,43763.0,21881.5
2022-04-06,2022,BMW M4,North America,Mexico,Online,1,107817.0,107817.0
2022-04-06,2022,BMW 6 Series,North America,Mexico,Dealership,3,85511.0,28503.67
2022-04-07,2022,BMW X2,Europe,Spain,Dealership,1,33055.0,33055.0
2022-04-07,2022,BMW i8,North America,United States,Online,1,48256.0,48256.0
2022-04-07,2022,BMW iX,Asia,China,Wholesale,2,96935.0,48467.5
2022-04-08,2022,BMW i8,South America,Argentina,Wholesale,3,75995.0,25331.67
2022-04-08,2022,BMW Z4,Europe,Spain,Wholesale,2,54459.0,27229.5
2022-04-09,2022,BMW i4,South America,Brazil,Dealership,2,81761.0,40880.5
2022-04-09,2022,BMW iX,Europe,United Kingdom,Online,3,93118.0,31039.33
2022-04-09,2022,BMW 3 Series,South America,Argentina,Dealership,1,82136.0,82136.0
2022-04-10,2022,BMW X7,Europe,France,Dealership,1,47408.0,47408.0
2022-04-10,2022,BMW i8,South America,Chile,Wholesale,2,103622.0,51811.0
2022-04-10,2022,BMW i4,South America,Brazil,Wholesale,4,77984.0,19496.0
2022-04-10,2022,BMW X4,Africa,Nigeria,Wholesale,4,88504.0,22126.0
2022-04-11,2022,BMW M2,Europe,Spain,Online,3,92233.0,30744.33
2022-04-11,2022,BMW X1,Asia,Japan,Online,2,93565.0,46782.5
2022-04-11,2022,BMW 7 Series,Europe,Germany,Online,2,110684.0,55342.0
2022-04-12,2022,BMW Z4,South America,Peru,Dealership,2,53360.0,26680.0
2022-04-12,2022,BMW i8,Europe,Italy,Dealership,1,44947.0,44947.0
2022-04-12,2022,BMW Z4,South America,Colombia,Wholesale,1,109347.0,109347.0
2022-04-13,2022,BMW M8,Africa,Nigeria,Online,4,93534.0,23383.5
2022-04-13,2022,BMW M5,Africa,Egypt,Online,1,107735.0,107735.0
2022-04-14,2022,BMW 7 Series,North America,Canada,Online,1,106637.0,106637.0
2022-04-14,2022,BMW i3,Europe,Italy,Wholesale,5,87993.0,17598.6
2022-04-14,2022,BMW X2,Africa,Nigeria,Dealership,3,92119.0,30706.33
2022-04-14,2022,BMW X4,South America,Chile,Online,3,108735.0,36245.0
2022-04-14,2022,BMW X4,South America,Colombia,Online,1,65587.0,65587.0
2022-04-14,2022,BMW 5 Series,Africa,South Africa,Online,3,44867.0,14955.67
2022-04-14,2022,BMW 3 Series,Europe,Spain,Dealership,1,49958.0,49958.0
2022-04-15,2022,BMW X5,Europe,United Kingdom,Wholesale,4,78419.0,19604.75
2022-04-15,2022,BMW X7,Africa,Egypt,Dealership,1,103226.0,103226.0
2022-04-16,2022,BMW M4,Europe,France,Wholesale,3,81588.0,27196.0
2022-04-16,2022,BMW 2 Series,South America,Chile,Online,5,96918.0,19383.6
2022-04-16,2022,BMW 1 Series,Europe,Spain,Online,2,95689.0,47844.5
2022-04-18,2022,BMW X5,Africa,Kenya,Online,3,62078.0,20692.67
2022-04-18,2022,BMW iX,Africa,Kenya,Online,5,111438.0,22287.6
2022-04-18,2022,BMW 5 Series,Asia,Thailand,Dealership,3,40911.0,13637.0
2022-04-18,2022,BMW 6 Series,North America,Mexico,Online,5,75517.0,15103.4
2022-04-19,2022,BMW 2 Series,South America,Colombia,Dealership,2,55259.0,27629.5
2022-04-19,2022,BMW X2,South America,Chile,Wholesale,3,50872.0,16957.33
2022-04-20,2022,BMW X7,Africa,South Africa,Wholesale,4,42268.0,10567.0
2022-04-20,2022,BMW M4,Europe,Spain,Online,4,45933.0,11483.25
2022-04-21,2022,BMW X3,North America,Canada,Wholesale,2,118197.0,59098.5
2022-04-21,2022,BMW 2 Series,Europe,United Kingdom,Dealership,3,117414.0,39138.0
2022-04-21,2022,BMW Z4,Africa,Kenya,Online,5,52635.0,10527.0
2022-04-22,2022,BMW M5,North America,Mexico,Wholesale,2,85277.0,42638.5
2022-04-22,2022,BMW X2,Asia,India,Wholesale,4,40705.0,10176.25
2022-04-22,2022,BMW i3,Asia,India,Online,1,44245.0,44245.0
2022-04-22,2022,BMW X6,Africa,South Africa,Wholesale,3,75258.0,25086.0
2022-04-23,2022,BMW i8,Africa,Morocco,Online,4,64515.0,16128.75
2022-04-23,2022,BMW X5,Africa,Kenya,Online,3,64360.0,21453.33
2022-04-23,2022,BMW X7,North America,United States,Online,5,87886.0,17577.2
2022-04-24,2022,BMW M8,North America,United States,Wholesale,2,82396.0,41198.0
2022-04-24,2022,BMW M4,North America,Canada,Wholesale,2,86936.0,43468.0
2022-04-25,2022,BMW M8,South America,Argentina,Online,3,31374.0,10458.0
2022-04-25,2022,BMW iX3,Africa,South Africa,Online,5,94260.0,18852.0
2022-04-25,2022,BMW X1,South America,Argentina,Dealership,5,106434.0,21286.8
2022-04-26,2022,BMW X2,North America,United States,Online,4,76923.0,19230.75
2022-04-26,2022,BMW iX3,Africa,Nigeria,Dealership,3,45772.0,15257.33
2022-04-26,2022,BMW X2,Europe,United Kingdom,Dealership,4,100921.0,25230.25
2022-04-27,2022,BMW iX3,North America,Mexico,Wholesale,5,50642.0,10128.4
2022-04-27,2022,BMW 1 Series,Europe,United Kingdom,Wholesale,1,76556.0,76556.0
2022-04-27,2022,BMW 3 Series,Africa,Kenya,Wholesale,1,95265.0,95265.0
2022-04-27,2022,BMW X6,North America,Canada,Online,1,36032.0,36032.0
2022-04-27,2022,BMW X6,Asia,India,Dealership,2,46318.0,23159.0
2022-04-27,2022,BMW X5,Asia,Japan,Wholesale,3,50897.0,16965.67
2022-04-28,2022,BMW X1,Africa,Kenya,Dealership,4,52546.0,13136.5
2022-04-28,2022,BMW Z4,Asia,Thailand,Wholesale,5,79884.0,15976.8
2022-04-29,2022,BMW 5 Series,Europe,Spain,Dealership,1,102981.0,102981.0
2022-04-29,2022,BMW M3,North America,Mexico,Wholesale,4,54919.0,13729.75
2022-04-30,2022,BMW i4,Africa,South Africa,Wholesale,3,96171.0,32057.0
2022-04-30,2022,BMW X2,South America,Colombia,Wholesale,5,107474.0,21494.8
2022-04-30,2022,BMW 2 Series,Asia,South Korea,Online,1,81570.0,81570.0
2022-05-01,2022,BMW 2 Series,Asia,Thailand,Wholesale,1,50191.0,50191.0
2022-05-02,2022,BMW X2,Europe,Germany,Dealership,3,74630.0,24876.67
2022-05-02,2022,BMW 1 Series,Europe,Germany,Dealership,4,39993.0,9998.25
2022-05-02,2022,BMW M4,North America,Canada,Dealership,5,107090.0,21418.0
2022-05-03,2022,BMW i4,South America,Peru,Online,3,33139.0,11046.33
2022-05-03,2022,BMW i8,Europe,Italy,Wholesale,5,56998.0,11399.6
2022-05-03,2022,BMW X5,Asia,South Korea,Online,2,100423.0,50211.5
2022-05-03,2022,BMW i3,Europe,Italy,Online,4,49606.0,12401.5
2022-05-03,2022,BMW 7 Series,Europe,Germany,Dealership,4,80615.0,20153.75
2022-05-03,2022,BMW X6,South America,Peru,Wholesale,4,45817.0,11454.25
2022-05-03,2022,BMW 2 Series,North America,Mexico,Wholesale,4,94366.0,23591.5
2022-05-03,2022,BMW M2,Europe,Spain,Dealership,3,46802.0,15600.67
2022-05-03,2022,BMW iX3,South America,Argentina,Online,1,90403.0,90403.0
2022-05-04,2022,BMW 5 Series,Africa,South Africa,Dealership,3,58731.0,19577.0
2022-05-04,2022,BMW iX,Africa,Egypt,Wholesale,4,39933.0,9983.25
2022-05-04,2022,BMW M4,Africa,Nigeria,Online,1,112404.0,112404.0
2022-05-05,2022,BMW 6 Series,South America,Chile,Dealership,5,82689.0,16537.8
2022-05-05,2022,BMW Z4,Africa,Egypt,Online,5,75032.0,15006.4
2022-05-05,2022,BMW M4,Africa,Morocco,Online,3,109973.0,36657.67
2022-05-05,2022,BMW M5,Europe,France,Online,5,105740.0,21148.0
2022-05-06,2022,BMW X5,North America,Canada,Dealership,5,41137.0,8227.4
2022-05-06,2022,BMW i8,North America,Mexico,Online,3,41801.0,13933.67
2022-05-06,2022,BMW X7,Europe,Germany,Wholesale,5,55223.0,11044.6
2022-05-06,2022,BMW 5 Series,Africa,South Africa,Wholesale,2,33213.0,16606.5
2022-05-07,2022,BMW iX3,Europe,Spain,Dealership,4,87942.0,21985.5
2022-05-07,2022,BMW M2,Europe,Germany,Wholesale,1,43878.0,43878.0
2022-05-07,2022,BMW i4,Europe,Germany,Online,4,99558.0,24889.5
2022-05-07,2022,BMW 7 Series,Africa,Egypt,Dealership,2,119276.0,59638.0
2022-05-08,2022,BMW M3,Europe,United Kingdom,Online,2,98422.0,49211.0
2022-05-08,2022,BMW X5,Africa,Morocco,Online,1,50700.0,50700.0
2022-05-08,2022,BMW i3,Africa,Egypt,Dealership,1,85535.0,85535.0
2022-05-09,2022,BMW 7 Series,North America,Mexico,Wholesale,1,109302.0,109302.0
2022-05-09,2022,BMW X4,Asia,Japan,Wholesale,1,92099.0,92099.0
2022-05-10,2022,BMW X6,Europe,Germany,Dealership,5,38752.0,7750.4
2022-05-10,2022,BMW Z4,Europe,United Kingdom,Wholesale,4,60401.0,15100.25
2022-05-10,2022,BMW M2,Europe,Germany,Wholesale,2,34340.0,17170.0
2022-05-10,2022,BMW X6,Europe,Italy,Dealership,5,109017.0,21803.4
2022-05-10,2022,BMW X7,Europe,Germany,Wholesale,1,99683.0,99683.0
2022-05-11,2022,BMW Z4,Africa,Nigeria,Wholesale,2,109386.0,54693.0
2022-05-11,2022,BMW 2 Series,Europe,United Kingdom,Wholesale,4,69441.0,17360.25
2022-05-11,2022,BMW iX,Asia,South Korea,Wholesale,3,40165.0,13388.33
2022-05-11,2022,BMW Z4,Europe,United Kingdom,Dealership,3,58285.0,19428.33
2022-05-12,2022,BMW 5 Series,Africa,Kenya,Online,2,42669.0,21334.5
2022-05-13,2022,BMW X5,Asia,China,Wholesale,4,83270.0,20817.5
2022-05-14,2022,BMW X1,North America,United States,Dealership,1,59470.0,59470.0
2022-05-15,2022,BMW iX,North America,Canada,Dealership,2,57135.0,28567.5
2022-05-15,2022,BMW X7,South America,Peru,Wholesale,2,110459.0,55229.5
2022-05-15,2022,BMW i3,North America,Canada,Online,1,44923.0,44923.0
2022-05-15,2022,BMW iX3,Europe,United Kingdom,Online,1,102089.0,102089.0
2022-05-15,2022,BMW 3 Series,South America,Brazil,Dealership,2,98972.0,49486.0
2022-05-16,2022,BMW 7 Series,Asia,China,Dealership,3,78526.0,26175.33
2022-05-17,2022,BMW 6 Series,North America,Canada,Dealership,4,96551.0,24137.75
2022-05-17,2022,BMW X3,South America,Colombia,Dealership,4,108314.0,27078.5
2022-05-18,2022,BMW 8 Series,Asia,China,Wholesale,5,66827.0,13365.4
2022-05-19,2022,BMW X2,North America,Canada,Online,5,78899.0,15779.8
2022-05-19,2022,BMW 4 Series,Asia,Thailand,Online,3,98071.0,32690.33
2022-05-20,2022,BMW 8 Series,South America,Chile,Dealership,4,108986.0,27246.5
2022-05-20,2022,BMW M4,Europe,United Kingdom,Wholesale,3,78777.0,26259.0
2022-05-20,2022,BMW X3,Asia,Thailand,Wholesale,5,50645.0,10129.0
2022-05-20,2022,BMW M3,Asia,China,Wholesale,3,44099.0,14699.67
2022-05-20,2022,BMW X1,South America,Argentina,Dealership,2,62726.0,31363.0
2022-05-20,2022,BMW X4,Europe,Italy,Dealership,5,117533.0,23506.6
2022-05-21,2022,BMW X4,Europe,United Kingdom,Dealership,1,84740.0,84740.0
2022-05-21,2022,BMW 1 Series,South America,Argentina,Wholesale,5,67972.0,13594.4
2022-05-22,2022,BMW X3,Asia,Thailand,Online,4,32260.0,8065.0
2022-05-23,2022,BMW 3 Series,Asia,China,Dealership,2,74162.0,37081.0
2022-05-23,2022,BMW M4,South America,Brazil,Online,3,69350.0,23116.67
2022-05-23,2022,BMW Z4,North America,Canada,Online,5,117157.0,23431.4
2022-05-23,2022,BMW 1 Series,Africa,South Africa,Online,1,108874.0,108874.0
2022-05-24,2022,BMW 8 Series,Africa,South Africa,Wholesale,5,55617.0,11123.4
2022-05-24,2022,BMW X1,Africa,Nigeria,Wholesale,1,104374.0,104374.0
2022-05-24,2022,BMW i3,Asia,India,Wholesale,3,84104.0,28034.67
2022-05-24,2022,BMW X4,Africa,Nigeria,Dealership,1,70225.0,70225.0
2022-05-25,2022,BMW M3,Europe,France,Wholesale,1,105692.0,105692.0
2022-05-25,2022,BMW 3 Series,Africa,Kenya,Online,4,48904.0,12226.0
2022-05-26,2022,BMW 1 Series,Europe,France,Wholesale,3,54110.0,18036.67
2022-05-26,2022,BMW M2,South America,Colombia,Wholesale,2,70883.0,35441.5
2022-05-26,2022,BMW M5,Asia,South Korea,Wholesale,3,94102.0,31367.33
2022-05-26,2022,BMW X2,Africa,Kenya,Online,5,39260.0,7852.0
2022-05-26,2022,BMW iX3,Europe,Italy,Dealership,5,76814.0,15362.8
2022-05-26,2022,BMW X2,Africa,South Africa,Online,3,72586.0,24195.33
2022-05-26,2022,BMW 8 Series,Europe,Spain,Online,2,87219.0,43609.5
2022-05-27,2022,BMW 7 Series,South America,Brazil,Online,5,77223.0,15444.6
2022-05-27,2022,BMW X3,Asia,Japan,Wholesale,2,77602.0,38801.0
2022-05-27,2022,BMW iX3,Africa,Nigeria,Online,4,85704.0,21426.0
2022-05-27,2022,BMW 8 Series,North America,Canada,Dealership,5,53115.0,10623.0
2022-05-28,2022,BMW X3,North America,Mexico,Dealership,3,42822.0,14274.0
2022-05-28,2022,BMW 1 Series,North America,Canada,Wholesale,4,82646.0,20661.5
2022-05-28,2022,BMW i3,Europe,Spain,Online,1,68751.0,68751.0
2022-05-28,2022,BMW i4,South America,Argentina,Online,5,47670.0,9534.0
2022-05-28,2022,BMW X7,Africa,Morocco,Dealership,1,101060.0,101060.0
2022-05-28,2022,BMW X1,North America,United States,Online,4,39033.0,9758.25
2022-05-29,2022,BMW 5 Series,North America,Mexico,Dealership,5,76939.0,15387.8
2022-05-29,2022,BMW 7 Series,South America,Argentina,Wholesale,2,72019.0,36009.5
2022-05-29,2022,BMW M4,Asia,Thailand,Wholesale,1,69440.0,69440.0
2022-05-30,2022,BMW iX,North America,Canada,Wholesale,3,105761.0,35253.67
2022-05-31,2022,BMW M3,Asia,South Korea,Dealership,3,99447.0,33149.0
2022-05-31,2022,BMW i8,South America,Colombia,Wholesale,1,100422.0,100422.0
2022-06-01,2022,BMW Z4,South America,Colombia,Online,3,69437.0,23145.67
2022-06-01,2022,BMW X7,Europe,Spain,Dealership,3,90332.0,30110.67
2022-06-01,2022,BMW iX,Asia,Japan,Dealership,2,109018.0,54509.0
2022-06-02,2022,BMW X3,South America,Chile,Online,2,31946.0,15973.0
2022-06-02,2022,BMW X3,South America,Brazil,Online,1,117754.0,117754.0
2022-06-02,2022,BMW M3,Europe,United Kingdom,Online,2,55336.0,27668.0
2022-06-03,2022,BMW iX3,Asia,South Korea,Wholesale,4,87109.0,21777.25
2022-06-04,2022,BMW X6,Asia,South Korea,Online,1,32082.0,32082.0
2022-06-04,2022,BMW 8 Series,North America,United States,Wholesale,2,88144.0,44072.0
2022-06-05,2022,BMW Z4,North America,United States,Wholesale,5,99400.0,19880.0
2022-06-05,2022,BMW 5 Series,South America,Brazil,Dealership,3,58554.0,19518.0
2022-06-05,2022,BMW 7 Series,Africa,Egypt,Online,1,41683.0,41683.0
2022-06-05,2022,BMW iX,North America,United States,Online,4,49760.0,12440.0
2022-06-05,2022,BMW M2,Europe,Italy,Wholesale,2,73534.0,36767.0
2022-06-06,2022,BMW 7 Series,Europe,United Kingdom,Online,3,80974.0,26991.33
2022-06-06,2022,BMW X1,South America,Peru,Online,3,113562.0,37854.0
2022-06-06,2022,BMW M4,Europe,Spain,Online,5,70517.0,14103.4
2022-06-07,2022,BMW i3,North America,Mexico,Wholesale,5,54172.0,10834.4
2022-06-07,2022,BMW 2 Series,Europe,Germany,Online,1,42735.0,42735.0
2022-06-07,2022,BMW i4,Asia,Japan,Dealership,3,43690.0,14563.33
2022-06-08,2022,BMW 6 Series,South America,Brazil,Dealership,3,32583.0,10861.0
2022-06-08,2022,BMW M3,Africa,Nigeria,Wholesale,3,82774.0,27591.33
2022-06-08,2022,BMW X4,Europe,Italy,Online,2,48888.0,24444.0
2022-06-08,2022,BMW M2,Europe,Spain,Online,2,88654.0,44327.0
2022-06-09,2022,BMW M2,Africa,South Africa,Online,4,80541.0,20135.25
2022-06-09,2022,BMW i8,Asia,South Korea,Dealership,3,108701.0,36233.67
2022-06-10,2022,BMW X3,Africa,Nigeria,Wholesale,4,58037.0,14509.25
2022-06-10,2022,BMW 4 Series,North America,Canada,Dealership,3,112558.0,37519.33
2022-06-10,2022,BMW 3 Series,Europe,Germany,Wholesale,1,69602.0,69602.0
2022-06-11,2022,BMW i3,Europe,Germany,Wholesale,1,100714.0,100714.0
2022-06-11,2022,BMW 3 Series,Europe,Spain,Online,5,73937.0,14787.4
2022-06-12,2022,BMW 3 Series,Asia,China,Online,5,104745.0,20949.0
2022-06-12,2022,BMW i8,Africa,Egypt,Online,2,109220.0,54610.0
2022-06-13,2022,BMW X7,Africa,Morocco,Wholesale,2,48640.0,24320.0
2022-06-13,2022,BMW M3,Europe,Germany,Wholesale,2,36505.0,18252.5
2022-06-13,2022,BMW M2,Europe,France,Dealership,5,99305.0,19861.0
2022-06-14,2022,BMW i3,North America,Mexico,Wholesale,1,32936.0,32936.0
2022-06-14,2022,BMW X2,Europe,Italy,Wholesale,4,35834.0,8958.5
2022-06-15,2022,BMW M3,North America,Canada,Online,2,44876.0,22438.0
2022-06-17,2022,BMW 5 Series,North America,Canada,Dealership,5,72635.0,14527.0
2022-06-17,2022,BMW M5,Africa,South Africa,Online,2,79615.0,39807.5
2022-06-18,2022,BMW iX,North America,Mexico,Online,1,106213.0,106213.0
2022-06-18,2022,BMW 3 Series,North America,Canada,Dealership,2,78429.0,39214.5
2022-06-18,2022,BMW M8,South America,Peru,Wholesale,3,84869.0,28289.67
2022-06-18,2022,BMW i4,South America,Argentina,Dealership,4,46691.0,11672.75
2022-06-19,2022,BMW 7 Series,Europe,France,Dealership,3,117983.0,39327.67
2022-06-19,2022,BMW 4 Series,North America,Canada,Dealership,3,75820.0,25273.33
2022-06-19,2022,BMW 7 Series,Asia,South Korea,Wholesale,4,104904.0,26226.0
2022-06-19,2022,BMW iX,Africa,Morocco,Online,5,32843.0,6568.6
2022-06-20,2022,BMW iX3,North America,United States,Wholesale,1,49300.0,49300.0
2022-06-20,2022,BMW 2 Series,North America,Canada,Wholesale,5,110048.0,22009.6
2022-06-20,2022,BMW i4,North America,Mexico,Wholesale,2,96573.0,48286.5
2022-06-20,2022,BMW i8,Africa,South Africa,Dealership,2,92160.0,46080.0
2022-06-20,2022,BMW X4,Asia,India,Wholesale,5,68488.0,13697.6
2022-06-20,2022,BMW M4,North America,Canada,Wholesale,1,72861.0,72861.0
2022-06-21,2022,BMW M4,South America,Colombia,Wholesale,1,98089.0,98089.0
2022-06-21,2022,BMW i4,South America,Argentina,Wholesale,2,115443.0,57721.5
2022-06-21,2022,BMW M3,Africa,Kenya,Wholesale,3,86400.0,28800.0
2022-06-21,2022,BMW 6 Series,Asia,India,Dealership,4,69865.0,17466.25
2022-06-22,2022,BMW 5 Series,South America,Argentina,Wholesale,4,53091.0,13272.75
2022-06-22,2022,BMW X5,North America,Canada,Dealership,2,86298.0,43149.0
2022-06-22,2022,BMW i3,Africa,South Africa,Online,1,93730.0,93730.0
2022-06-23,2022,BMW X3,North America,Canada,Online,4,100976.0,25244.0
2022-06-23,2022,BMW X6,Africa,Morocco,Online,2,35060.0,17530.0
2022-06-23,2022,BMW X4,South America,Peru,Online,4,61362.0,15340.5
2022-06-23,2022,BMW 2 Series,Asia,India,Wholesale,4,116700.0,29175.0
2022-06-23,2022,BMW 6 Series,North America,Mexico,Online,4,115799.0,28949.75
2022-06-23,2022,BMW Z4,Europe,Spain,Wholesale,4,51762.0,12940.5
2022-06-23,2022,BMW X5,Europe,France,Online,4,68052.0,17013.0
2022-06-23,2022,BMW X4,Africa,Nigeria,Wholesale,5,51571.0,10314.2
2022-06-24,2022,BMW M2,North America,Mexico,Wholesale,3,60936.0,20312.0
2022-06-24,2022,BMW 7 Series,Africa,South Africa,Online,2,44610.0,22305.0
2022-06-24,2022,BMW X1,North America,Canada,Dealership,4,43910.0,10977.5
2022-06-25,2022,BMW M5,North America,United States,Wholesale,1,115669.0,115669.0
2022-06-25,2022,BMW i3,Africa,South Africa,Dealership,4,119666.0,29916.5
2022-06-27,2022,BMW X7,Africa,South Africa,Dealership,1,91920.0,91920.0
2022-06-28,2022,BMW 3 Series,Asia,Japan,Wholesale,5,31722.0,6344.4
2022-06-28,2022,BMW X5,Asia,Thailand,Dealership,5,30832.0,6166.4
2022-06-28,2022,BMW 7 Series,Africa,South Africa,Online,2,40736.0,20368.0
2022-06-28,2022,BMW M3,North America,United States,Online,2,95298.0,47649.0
2022-06-28,2022,BMW i8,Africa,Egypt,Dealership,5,61131.0,12226.2
2022-06-29,2022,BMW 2 Series,South America,Colombia,Dealership,1,118765.0,118765.0
2022-06-29,2022,BMW X7,South America,Colombia,Wholesale,2,119012.0,59506.0
2022-06-30,2022,BMW M4,North America,United States,Wholesale,2,43891.0,21945.5
2022-06-30,2022,BMW X4,North America,United States,Dealership,1,49918.0,49918.0
2022-06-30,2022,BMW 4 Series,North America,Mexico,Online,3,119422.0,39807.33
2022-07-01,2022,BMW X1,South America,Brazil,Dealership,2,38280.0,19140.0
2022-07-01,2022,BMW i4,Africa,Egypt,Wholesale,3,95375.0,31791.67
2022-07-01,2022,BMW M5,South America,Chile,Wholesale,4,70566.0,17641.5
2022-07-01,2022,BMW M4,Europe,Germany,Online,1,100272.0,100272.0
2022-07-02,2022,BMW 4 Series,South America,Chile,Dealership,4,100499.0,25124.75
2022-07-02,2022,BMW M3,South America,Chile,Online,3,78093.0,26031.0
2022-07-02,2022,BMW X3,South America,Argentina,Dealership,2,74790.0,37395.0
2022-07-04,2022,BMW X5,Africa,Morocco,Online,4,32424.0,8106.0
2022-07-04,2022,BMW i3,Europe,United Kingdom,Wholesale,2,112392.0,56196.0
2022-07-04,2022,BMW X7,Asia,Thailand,Wholesale,3,97434.0,32478.0
2022-07-05,2022,BMW 1 Series,Africa,Nigeria,Dealership,5,108066.0,21613.2
2022-07-05,2022,BMW X5,Europe,Germany,Dealership,2,74935.0,37467.5
2022-07-06,2022,BMW 2 Series,Africa,Kenya,Wholesale,1,44378.0,44378.0
2022-07-06,2022,BMW iX,North America,United States,Wholesale,3,73239.0,24413.0
2022-07-06,2022,BMW 8 Series,South America,Chile,Dealership,4,53950.0,13487.5
2022-07-06,2022,BMW 1 Series,South America,Chile,Dealership,4,81658.0,20414.5
2022-07-06,2022,BMW X6,South America,Brazil,Dealership,4,40844.0,10211.0
2022-07-07,2022,BMW Z4,Europe,Spain,Dealership,2,98769.0,49384.5
2022-07-07,2022,BMW X4,Asia,China,Online,1,115890.0,115890.0
2022-07-07,2022,BMW X6,North America,Mexico,Online,3,103608.0,34536.0
2022-07-07,2022,BMW 7 Series,South America,Brazil,Dealership,1,35057.0,35057.0
2022-07-07,2022,BMW M3,Africa,South Africa,Online,1,37661.0,37661.0
2022-07-07,2022,BMW X2,Asia,China,Wholesale,2,99177.0,49588.5
2022-07-08,2022,BMW M2,Asia,India,Wholesale,2,30794.0,15397.0
2022-07-08,2022,BMW M4,Africa,Egypt,Wholesale,5,116665.0,23333.0
2022-07-08,2022,BMW 4 Series,Africa,Nigeria,Wholesale,1,51629.0,51629.0
2022-07-08,2022,BMW iX3,Europe,Spain,Dealership,2,113744.0,56872.0
2022-07-09,2022,BMW X3,South America,Brazil,Online,1,114194.0,114194.0
2022-07-09,2022,BMW X3,South America,Chile,Wholesale,1,55261.0,55261.0
2022-07-09,2022,BMW M4,North America,United States,Online,3,69906.0,23302.0
2022-07-09,2022,BMW X6,South America,Colombia,Wholesale,3,62476.0,20825.33
2022-07-10,2022,BMW Z4,Europe,Italy,Online,3,66855.0,22285.0
2022-07-10,2022,BMW i8,North America,Canada,Dealership,1,45475.0,45475.0
2022-07-11,2022,BMW i3,Europe,France,Dealership,2,56111.0,28055.5
2022-07-11,2022,BMW 7 Series,Europe,Germany,Dealership,1,46793.0,46793.0
2022-07-12,2022,BMW X5,Africa,Egypt,Online,3,119680.0,39893.33
2022-07-12,2022,BMW X1,Europe,Italy,Online,2,119299.0,59649.5
2022-07-12,2022,BMW X6,North America,Mexico,Online,1,64787.0,64787.0
2022-07-12,2022,BMW X3,Africa,Kenya,Online,1,108966.0,108966.0
2022-07-13,2022,BMW X2,South America,Argentina,Dealership,2,44853.0,22426.5
2022-07-13,2022,BMW X6,Africa,Morocco,Dealership,3,115083.0,38361.0
2022-07-14,2022,BMW X2,Africa,Kenya,Online,1,60976.0,60976.0
2022-07-15,2022,BMW 5 Series,Europe,Germany,Online,1,68919.0,68919.0
2022-07-15,2022,BMW Z4,North America,Mexico,Dealership,5,64303.0,12860.6
2022-07-16,2022,BMW M8,South America,Chile,Dealership,1,75692.0,75692.0
2022-07-16,2022,BMW M5,Europe,United Kingdom,Wholesale,5,69513.0,13902.6
2022-07-16,2022,BMW i4,Africa,Nigeria,Dealership,5,70459.0,14091.8
2022-07-16,2022,BMW M2,Asia,Japan,Dealership,2,81850.0,40925.0
2022-07-16,2022,BMW i3,South America,Peru,Dealership,4,68541.0,17135.25
2022-07-17,2022,BMW iX,Europe,France,Wholesale,5,45058.0,9011.6
2022-07-17,2022,BMW M3,North America,Canada,Dealership,2,81055.0,40527.5
2022-07-18,2022,BMW X2,South America,Brazil,Wholesale,5,33492.0,6698.4
2022-07-18,2022,BMW 8 Series,Africa,Kenya,Wholesale,3,95355.0,31785.0
2022-07-18,2022,BMW 8 Series,Africa,Nigeria,Dealership,4,64890.0,16222.5
2022-07-18,2022,BMW 6 Series,Europe,United Kingdom,Wholesale,5,44413.0,8882.6
2022-07-18,2022,BMW 8 Series,North America,United States,Online,3,92000.0,30666.67
2022-07-19,2022,BMW X6,Asia,Japan,Online,5,41391.0,8278.2
2022-07-19,2022,BMW 6 Series,Europe,France,Online,4,70720.0,17680.0
2022-07-20,2022,BMW X4,Africa,Egypt,Online,1,89398.0,89398.0
2022-07-21,2022,BMW iX3,South America,Peru,Dealership,4,61182.0,15295.5
2022-07-22,2022,BMW M5,Africa,Kenya,Online,2,51747.0,25873.5
2022-07-22,2022,BMW X7,North America,Canada,Dealership,2,90914.0,45457.0
2022-07-22,2022,BMW iX3,North America,Canada,Wholesale,4,53103.0,13275.75
2022-07-22,2022,BMW 5 Series,South America,Brazil,Dealership,4,42416.0,10604.0
2022-07-23,2022,BMW 7 Series,Europe,Italy,Online,4,33756.0,8439.0
2022-07-23,2022,BMW 8 Series,South America,Brazil,Online,4,91816.0,22954.0
2022-07-23,2022,BMW 3 Series,Europe,Germany,Dealership,4,103424.0,25856.0
2022-07-23,2022,BMW i8,Africa,South Africa,Dealership,5,72517.0,14503.4
2022-07-24,2022,BMW 8 Series,Asia,Thailand,Dealership,4,67260.0,16815.0
2022-07-24,2022,BMW 6 Series,North America,Mexico,Wholesale,3,58780.0,19593.33
2022-07-24,2022,BMW X3,Asia,South Korea,Online,3,32479.0,10826.33
2022-07-24,2022,BMW Z4,Asia,India,Wholesale,2,112160.0,56080.0
2022-07-24,2022,BMW iX3,Africa,Kenya,Online,3,119851.0,39950.33
2022-07-24,2022,BMW i3,North America,Canada,Dealership,2,112976.0,56488.0
2022-07-25,2022,BMW X7,Africa,South Africa,Wholesale,4,114811.0,28702.75
2022-07-26,2022,BMW 4 Series,South America,Argentina,Dealership,2,107424.0,53712.0
2022-07-26,2022,BMW M2,Africa,South Africa,Wholesale,1,43987.0,43987.0
2022-07-26,2022,BMW X7,South America,Colombia,Dealership,2,35305.0,17652.5
2022-07-27,2022,BMW 1 Series,Europe,Germany,Dealership,2,83591.0,41795.5
2022-07-27,2022,BMW iX,Asia,India,Dealership,1,82878.0,82878.0
2022-07-28,2022,BMW X7,Europe,Italy,Wholesale,5,30254.0,6050.8
2022-07-28,2022,BMW i4,South America,Chile,Online,3,46639.0,15546.33
2022-07-29,2022,BMW 5 Series,South America,Peru,Dealership,4,54325.0,13581.25
2022-07-29,2022,BMW M3,South America,Brazil,Wholesale,4,113254.0,28313.5
2022-07-30,2022,BMW X5,North America,Canada,Dealership,2,61247.0,30623.5
2022-07-30,2022,BMW M5,South America,Argentina,Wholesale,1,108694.0,108694.0
2022-08-01,2022,BMW X2,Europe,United Kingdom,Wholesale,2,43138.0,21569.0
2022-08-01,2022,BMW i8,Asia,Thailand,Dealership,2,59543.0,29771.5
2022-08-01,2022,BMW X7,Asia,India,Wholesale,3,58285.0,19428.33
2022-08-01,2022,BMW X5,Europe,Italy,Wholesale,4,91276.0,22819.0
2022-08-02,2022,BMW i8,North America,United States,Online,5,51865.0,10373.0
2022-08-03,2022,BMW X1,North America,United States,Wholesale,3,113492.0,37830.67
2022-08-03,2022,BMW 2 Series,North America,United States,Wholesale,4,32063.0,8015.75
2022-08-03,2022,BMW i8,North America,Canada,Wholesale,1,72981.0,72981.0
2022-08-03,2022,BMW 1 Series,North America,United States,Wholesale,5,115077.0,23015.4
2022-08-03,2022,BMW X5,Asia,South Korea,Wholesale,1,34424.0,34424.0
2022-08-04,2022,BMW 8 Series,South America,Peru,Dealership,5,46303.0,9260.6
2022-08-04,2022,BMW X4,North America,Canada,Dealership,1,38583.0,38583.0
2022-08-05,2022,BMW iX3,North America,United States,Wholesale,2,43127.0,21563.5
2022-08-05,2022,BMW M4,Africa,Morocco,Online,4,114366.0,28591.5
2022-08-05,2022,BMW X5,North America,Mexico,Dealership,3,96297.0,32099.0
2022-08-06,2022,BMW 1 Series,South America,Chile,Dealership,2,119289.0,59644.5
2022-08-06,2022,BMW M4,Asia,Thailand,Dealership,3,109158.0,36386.0
2022-08-07,2022,BMW 4 Series,Europe,Italy,Dealership,1,43403.0,43403.0
2022-08-07,2022,BMW Z4,Asia,Thailand,Online,2,96603.0,48301.5
2022-08-08,2022,BMW i3,North America,Mexico,Wholesale,3,97475.0,32491.67
2022-08-08,2022,BMW M4,North America,Mexico,Dealership,4,54315.0,13578.75
2022-08-08,2022,BMW 3 Series,North America,Canada,Dealership,5,90188.0,18037.6
2022-08-09,2022,BMW 5 Series,Africa,Egypt,Online,4,99507.0,24876.75
2022-08-09,2022,BMW 4 Series,North America,Mexico,Online,4,66098.0,16524.5
2022-08-09,2022,BMW M8,South America,Colombia,Wholesale,5,98498.0,19699.6
2022-08-09,2022,BMW X3,Africa,Egypt,Online,2,45993.0,22996.5
2022-08-10,2022,BMW M3,South America,Colombia,Online,3,104501.0,34833.67
2022-08-10,2022,BMW i4,South America,Argentina,Wholesale,2,105763.0,52881.5
2022-08-10,2022,BMW Z4,Africa,South Africa,Dealership,4,81113.0,20278.25
2022-08-10,2022,BMW i8,South America,Brazil,Dealership,3,62655.0,20885.0
2022-08-11,2022,BMW X1,Asia,India,Online,4,31119.0,7779.75
2022-08-11,2022,BMW M8,Africa,South Africa,Wholesale,4,118161.0,29540.25
2022-08-11,2022,BMW Z4,Europe,Spain,Dealership,4,84524.0,21131.0
2022-08-11,2022,BMW X7,South America,Brazil,Wholesale,2,53075.0,26537.5
2022-08-12,2022,BMW X4,Europe,France,Wholesale,4,65740.0,16435.0
2022-08-13,2022,BMW M2,South America,Chile,Online,5,32039.0,6407.8
2022-08-13,2022,BMW 4 Series,Europe,Spain,Dealership,1,98802.0,98802.0
2022-08-13,2022,BMW M3,Europe,Germany,Wholesale,2,75741.0,37870.5
2022-08-13,2022,BMW 5 Series,Africa,Morocco,Wholesale,5,73322.0,14664.4
2022-08-13,2022,BMW i4,South America,Colombia,Wholesale,1,30797.0,30797.0
2022-08-14,2022,BMW 2 Series,Europe,Italy,Online,5,95544.0,19108.8
2022-08-14,2022,BMW iX3,Asia,Japan,Dealership,4,89643.0,22410.75
2022-08-14,2022,BMW 4 Series,Asia,China,Dealership,4,77165.0,19291.25
2022-08-15,2022,BMW X1,Asia,Thailand,Wholesale,1,91491.0,91491.0
2022-08-15,2022,BMW M8,Europe,Spain,Dealership,2,107481.0,53740.5
2022-08-15,2022,BMW 3 Series,Europe,Italy,Wholesale,3,92288.0,30762.67
2022-08-16,2022,BMW 5 Series,Europe,United Kingdom,Online,4,54941.0,13735.25
2022-08-16,2022,BMW 7 Series,North America,Canada,Wholesale,2,99764.0,49882.0
2022-08-17,2022,BMW 3 Series,South America,Argentina,Wholesale,4,75147.0,18786.75
2022-08-17,2022,BMW 5 Series,South America,Argentina,Dealership,4,97656.0,24414.0
2022-08-18,2022,BMW X3,Africa,Morocco,Dealership,4,57204.0,14301.0
2022-08-18,2022,BMW i8,Africa,Kenya,Online,2,93452.0,46726.0
2022-08-18,2022,BMW M5,Europe,Spain,Dealership,5,118719.0,23743.8
2022-08-19,2022,BMW 3 Series,Asia,Thailand,Dealership,3,58185.0,19395.0
2022-08-19,2022,BMW i3,South America,Chile,Dealership,2,51971.0,25985.5
2022-08-19,2022,BMW M2,Europe,Spain,Dealership,2,105477.0,52738.5
2022-08-20,2022,BMW 1 Series,North America,Canada,Dealership,3,53838.0,17946.0
2022-08-20,2022,BMW 5 Series,Africa,Kenya,Dealership,5,55060.0,11012.0
2022-08-20,2022,BMW M2,North America,Canada,Dealership,3,106028.0,35342.67
2022-08-21,2022,BMW X4,Asia,South Korea,Dealership,5,43065.0,8613.0
2022-08-22,2022,BMW M2,Asia,Japan,Wholesale,4,118118.0,29529.5
2022-08-22,2022,BMW X1,South America,Colombia,Online,4,91760.0,22940.0
2022-08-23,2022,BMW X6,South America,Peru,Online,4,76873.0,19218.25
2022-08-23,2022,BMW i3,North America,Mexico,Wholesale,2,36771.0,18385.5
2022-08-24,2022,BMW X6,North America,Canada,Wholesale,3,66123.0,22041.0
2022-08-24,2022,BMW M5,North America,Mexico,Dealership,1,88896.0,88896.0
2022-08-24,2022,BMW X2,Europe,Italy,Online,2,47505.0,23752.5
2022-08-24,2022,BMW 8 Series,North America,Canada,Online,5,35094.0,7018.8
2022-08-24,2022,BMW M3,Europe,Spain,Wholesale,4,114860.0,28715.0
2022-08-24,2022,BMW 7 Series,South America,Argentina,Wholesale,2,77373.0,38686.5
2022-08-25,2022,BMW X5,North America,United States,Dealership,2,100350.0,50175.0
2022-08-25,2022,BMW 7 Series,Africa,Egypt,Wholesale,5,119897.0,23979.4
2022-08-25,2022,BMW M5,Asia,China,Wholesale,4,32214.0,8053.5
2022-08-25,2022,BMW 6 Series,South America,Argentina,Online,2,83574.0,41787.0
2022-08-25,2022,BMW 3 Series,Africa,Egypt,Dealership,2,71603.0,35801.5
2022-08-26,2022,BMW 2 Series,Africa,Kenya,Online,2,42965.0,21482.5
2022-08-26,2022,BMW 5 Series,North America,Canada,Wholesale,2,48565.0,24282.5
2022-08-26,2022,BMW 4 Series,Europe,United Kingdom,Online,4,87858.0,21964.5
2022-08-26,2022,BMW Z4,South America,Colombia,Dealership,3,43531.0,14510.33
2022-08-26,2022,BMW i4,North America,Canada,Wholesale,5,58812.0,11762.4
2022-08-27,2022,BMW X3,Europe,Spain,Dealership,2,54394.0,27197.0
2022-08-27,2022,BMW M2,South America,Argentina,Wholesale,2,46472.0,23236.0
2022-08-27,2022,BMW X2,North America,United States,Dealership,2,43736.0,21868.0
2022-08-28,2022,BMW iX,Europe,United Kingdom,Dealership,4,64058.0,16014.5
2022-08-28,2022,BMW i3,North America,Mexico,Wholesale,3,52522.0,17507.33
2022-08-29,2022,BMW X3,Asia,Japan,Online,2,55432.0,27716.0
2022-08-29,2022,BMW 6 Series,Africa,Nigeria,Online,2,39157.0,19578.5
2022-08-29,2022,BMW X5,Africa,South Africa,Dealership,4,107027.0,26756.75
2022-08-30,2022,BMW iX3,Africa,Kenya,Online,5,117493.0,23498.6
2022-08-30,2022,BMW 3 Series,South America,Argentina,Online,5,109721.0,21944.2
2022-08-31,2022,BMW X3,Asia,Japan,Dealership,3,57506.0,19168.67
2022-09-01,2022,BMW M4,North America,Canada,Wholesale,2,33794.0,16897.0
2022-09-01,2022,BMW 2 Series,Europe,Spain,Dealership,5,119932.0,23986.4
2022-09-02,2022,BMW 1 Series,South America,Argentina,Wholesale,4,57524.0,14381.0
2022-09-03,2022,BMW i3,Europe,Germany,Wholesale,2,75447.0,37723.5
2022-09-03,2022,BMW 6 Series,Africa,Nigeria,Online,2,59469.0,29734.5
2022-09-03,2022,BMW X6,Africa,Nigeria,Wholesale,3,81169.0,27056.33
2022-09-03,2022,BMW iX,Africa,Egypt,Dealership,5,55692.0,11138.4
2022-09-04,2022,BMW i3,Europe,United Kingdom,Wholesale,5,102607.0,20521.4
2022-09-05,2022,BMW X7,North America,Canada,Online,1,104651.0,104651.0
2022-09-05,2022,BMW M4,South America,Chile,Online,4,89207.0,22301.75
2022-09-05,2022,BMW 4 Series,Europe,France,Wholesale,2,89570.0,44785.0
2022-09-05,2022,BMW X5,Asia,China,Online,2,70831.0,35415.5
2022-09-05,2022,BMW Z4,Asia,India,Dealership,5,66312.0,13262.4
2022-09-05,2022,BMW iX3,Asia,South Korea,Online,2,74310.0,37155.0
2022-09-05,2022,BMW iX,North America,Mexico,Online,4,43725.0,10931.25
2022-09-06,2022,BMW 6 Series,Africa,Nigeria,Online,5,35492.0,7098.4
2022-09-07,2022,BMW X6,Europe,United Kingdom,Online,2,118121.0,59060.5
2022-09-07,2022,BMW X4,Europe,Germany,Wholesale,1,37071.0,37071.0
2022-09-07,2022,BMW 2 Series,South America,Brazil,Dealership,2,59545.0,29772.5
2022-09-08,2022,BMW X3,Asia,India,Wholesale,5,109882.0,21976.4
2022-09-09,2022,BMW X5,Africa,Kenya,Online,3,65571.0,21857.0
2022-09-09,2022,BMW i4,Asia,South Korea,Online,4,70273.0,17568.25
2022-09-10,2022,BMW X6,Africa,Nigeria,Dealership,1,73660.0,73660.0
2022-09-10,2022,BMW Z4,South America,Argentina,Dealership,3,68718.0,22906.0
2022-09-11,2022,BMW 5 Series,Africa,South Africa,Online,3,54054.0,18018.0
2022-09-11,2022,BMW Z4,North America,United States,Dealership,4,118760.0,29690.0
2022-09-12,2022,BMW i3,South America,Chile,Dealership,2,55406.0,27703.0
2022-09-13,2022,BMW 6 Series,North America,Mexico,Wholesale,4,68217.0,17054.25
2022-09-13,2022,BMW iX3,South America,Colombia,Wholesale,2,74294.0,37147.0
2022-09-13,2022,BMW iX,South America,Colombia,Wholesale,4,104755.0,26188.75
2022-09-14,2022,BMW iX,South America,Brazil,Dealership,2,97963.0,48981.5
2022-09-14,2022,BMW i8,North America,United States,Wholesale,2,50180.0,25090.0
2022-09-14,2022,BMW 1 Series,Africa,Egypt,Wholesale,4,74561.0,18640.25
2022-09-15,2022,BMW iX,Asia,Japan,Wholesale,5,38079.0,7615.8
2022-09-15,2022,BMW M5,Asia,South Korea,Dealership,5,70696.0,14139.2
2022-09-15,2022,BMW X1,Africa,Egypt,Dealership,4,56378.0,14094.5
2022-09-15,2022,BMW 3 Series,North America,Mexico,Wholesale,4,64826.0,16206.5
2022-09-16,2022,BMW i4,Europe,Italy,Online,2,63464.0,31732.0
2022-09-16,2022,BMW i8,Europe,Spain,Wholesale,5,111259.0,22251.8
2022-09-16,2022,BMW i8,Asia,South Korea,Wholesale,1,51021.0,51021.0
2022-09-17,2022,BMW i8,Asia,China,Dealership,2,53074.0,26537.0
2022-09-17,2022,BMW 6 Series,Europe,Germany,Wholesale,1,40316.0,40316.0
2022-09-17,2022,BMW i8,Europe,Spain,Dealership,3,48354.0,16118.0
2022-09-18,2022,BMW M3,North America,Canada,Online,1,108539.0,108539.0
2022-09-19,2022,BMW M4,South America,Colombia,Online,2,33909.0,16954.5
2022-09-19,2022,BMW M3,Africa,Nigeria,Online,3,95841.0,31947.0
2022-09-19,2022,BMW M5,North America,United States,Online,3,31511.0,10503.67
2022-09-19,2022,BMW M8,South America,Chile,Dealership,1,104944.0,104944.0
2022-09-19,2022,BMW X5,South America,Chile,Online,3,59039.0,19679.67
2022-09-20,2022,BMW M4,North America,Canada,Dealership,3,64638.0,21546.0
2022-09-20,2022,BMW M4,Asia,South Korea,Dealership,4,93560.0,23390.0
2022-09-20,2022,BMW X6,Asia,South Korea,Wholesale,4,74023.0,18505.75
2022-09-20,2022,BMW 8 Series,South America,Brazil,Wholesale,2,62308.0,31154.0
2022-09-21,2022,BMW M4,Africa,South Africa,Dealership,1,94102.0,94102.0
2022-09-21,2022,BMW 4 Series,Europe,Spain,Online,4,69970.0,17492.5
2022-09-21,2022,BMW X1,South America,Chile,Wholesale,4,117893.0,29473.25
2022-09-22,2022,BMW M4,North America,United States,Online,5,68459.0,13691.8
2022-09-22,2022,BMW X1,Africa,Kenya,Online,2,112138.0,56069.0
2022-09-22,2022,BMW X7,Asia,South Korea,Wholesale,5,56414.0,11282.8
2022-09-22,2022,BMW X3,South America,Argentina,Wholesale,3,95250.0,31750.0
2022-09-22,2022,BMW 4 Series,North America,Canada,Wholesale,1,78001.0,78001.0
2022-09-22,2022,BMW X1,North America,Mexico,Online,4,96896.0,24224.0
2022-09-23,2022,BMW M3,North America,Mexico,Wholesale,1,58677.0,58677.0
2022-09-23,2022,BMW iX3,Africa,Nigeria,Dealership,3,88126.0,29375.33
2022-09-23,2022,BMW X7,Europe,France,Wholesale,2,65402.0,32701.0
2022-09-23,2022,BMW M5,Asia,Thailand,Dealership,1,98688.0,98688.0
2022-09-24,2022,BMW 3 Series,Europe,France,Wholesale,1,98737.0,98737.0
2022-09-24,2022,BMW 5 Series,Africa,Kenya,Wholesale,1,31737.0,31737.0
2022-09-24,2022,BMW 6 Series,Europe,France,Dealership,4,43173.0,10793.25
2022-09-25,2022,BMW 2 Series,South America,Colombia,Dealership,3,49638.0,16546.0
2022-09-25,2022,BMW Z4,South America,Brazil,Online,4,112128.0,28032.0
2022-09-26,2022,BMW iX3,Asia,China,Dealership,5,96550.0,19310.0
2022-09-26,2022,BMW i4,South America,Argentina,Wholesale,4,60036.0,15009.0
2022-09-26,2022,BMW 3 Series,South America,Argentina,Dealership,2,72581.0,36290.5
2022-09-26,2022,BMW 1 Series,South America,Chile,Wholesale,1,41263.0,41263.0
2022-09-26,2022,BMW i8,Asia,Japan,Dealership,4,114856.0,28714.0
2022-09-27,2022,BMW Z4,Europe,Germany,Online,5,118623.0,23724.6
2022-09-27,2022,BMW M4,Asia,Japan,Wholesale,2,74264.0,37132.0
2022-09-27,2022,BMW 2 Series,South America,Colombia,Online,2,41809.0,20904.5
2022-09-27,2022,BMW i4,South America,Brazil,Online,4,87649.0,21912.25
2022-09-27,2022,BMW 6 Series,Europe,Germany,Wholesale,4,103878.0,25969.5
2022-09-28,2022,BMW 4 Series,Asia,Japan,Wholesale,3,63208.0,21069.33
2022-09-28,2022,BMW M2,Africa,Nigeria,Dealership,5,62827.0,12565.4
2022-09-28,2022,BMW 5 Series,Europe,France,Wholesale,5,51500.0,10300.0
2022-09-28,2022,BMW X6,Europe,Italy,Wholesale,3,62187.0,20729.0
2022-09-28,2022,BMW M2,Europe,Germany,Wholesale,4,117995.0,29498.75
2022-09-29,2022,BMW 3 Series,North America,Canada,Wholesale,3,70522.0,23507.33
2022-09-30,2022,BMW M3,Africa,Egypt,Wholesale,1,67126.0,67126.0
2022-09-30,2022,BMW 8 Series,South America,Peru,Dealership,3,42332.0,14110.67
2022-09-30,2022,BMW 1 Series,Europe,United Kingdom,Online,2,57188.0,28594.0
2022-09-30,2022,BMW 7 Series,Africa,Egypt,Wholesale,1,86342.0,86342.0
2022-09-30,2022,BMW X1,Africa,Egypt,Dealership,1,93872.0,93872.0
2022-10-01,2022,BMW iX,Europe,Germany,Online,4,59044.0,14761.0
2022-10-01,2022,BMW 6 Series,Europe,Italy,Online,1,38323.0,38323.0
2022-10-01,2022,BMW M4,Asia,China,Wholesale,5,87690.0,17538.0
2022-10-01,2022,BMW i4,Africa,Morocco,Dealership,3,102209.0,34069.67
2022-10-01,2022,BMW 5 Series,Asia,India,Dealership,1,110196.0,110196.0
2022-10-01,2022,BMW 5 Series,Europe,United Kingdom,Wholesale,4,88396.0,22099.0
2022-10-04,2022,BMW 4 Series,North America,United States,Online,3,93887.0,31295.67
2022-10-04,2022,BMW M5,Asia,China,Online,2,53710.0,26855.0
2022-10-04,2022,BMW 1 Series,South America,Peru,Dealership,3,52628.0,17542.67
2022-10-04,2022,BMW Z4,North America,Canada,Online,4,109211.0,27302.75
2022-10-05,2022,BMW 4 Series,Africa,Egypt,Dealership,5,33463.0,6692.6
2022-10-05,2022,BMW X1,North America,Canada,Wholesale,3,63043.0,21014.33
2022-10-05,2022,BMW Z4,South America,Argentina,Dealership,2,56427.0,28213.5
2022-10-05,2022,BMW 5 Series,South America,Argentina,Online,2,36309.0,18154.5
2022-10-06,2022,BMW X4,Africa,South Africa,Dealership,3,65687.0,21895.67
2022-10-06,2022,BMW M5,North America,Mexico,Wholesale,5,96220.0,19244.0
2022-10-06,2022,BMW X1,Africa,Nigeria,Online,1,90051.0,90051.0
2022-10-06,2022,BMW 5 Series,Europe,Germany,Online,3,33311.0,11103.67
2022-10-06,2022,BMW i3,North America,Canada,Dealership,2,111122.0,55561.0
2022-10-07,2022,BMW M2,Asia,Japan,Dealership,3,49121.0,16373.67
2022-10-07,2022,BMW X3,South America,Argentina,Online,4,113081.0,28270.25
2022-10-08,2022,BMW i3,Africa,Nigeria,Online,4,40247.0,10061.75
2022-10-08,2022,BMW 4 Series,North America,Mexico,Wholesale,2,82784.0,41392.0
2022-10-11,2022,BMW X3,Africa,Kenya,Dealership,1,111823.0,111823.0
2022-10-11,2022,BMW X5,Europe,United Kingdom,Wholesale,1,62353.0,62353.0
2022-10-11,2022,BMW M4,North America,United States,Online,2,89207.0,44603.5
2022-10-12,2022,BMW Z4,Asia,China,Dealership,2,96038.0,48019.0
2022-10-13,2022,BMW X6,North America,United States,Dealership,1,77060.0,77060.0
2022-10-15,2022,BMW iX,North America,Canada,Wholesale,2,75984.0,37992.0
2022-10-15,2022,BMW X2,South America,Chile,Dealership,5,91456.0,18291.2
2022-10-15,2022,BMW M2,South America,Brazil,Dealership,3,55176.0,18392.0
2022-10-15,2022,BMW 6 Series,Europe,France,Online,5,45646.0,9129.2
2022-10-16,2022,BMW 2 Series,South America,Chile,Dealership,4,36722.0,9180.5
2022-10-16,2022,BMW M5,North America,United States,Dealership,2,113031.0,56515.5
2022-10-16,2022,BMW Z4,Africa,Morocco,Wholesale,2,43882.0,21941.0
2022-10-16,2022,BMW i3,South America,Brazil,Wholesale,4,42011.0,10502.75
2022-10-17,2022,BMW X7,Europe,United Kingdom,Online,3,34409.0,11469.67
2022-10-17,2022,BMW i3,Asia,India,Online,1,93883.0,93883.0
2022-10-18,2022,BMW M5,North America,United States,Dealership,3,68682.0,22894.0
2022-10-18,2022,BMW X6,Asia,China,Online,1,36121.0,36121.0
2022-10-18,2022,BMW X3,North America,Canada,Dealership,5,80486.0,16097.2
2022-10-19,2022,BMW X1,Asia,Thailand,Wholesale,1,45987.0,45987.0
2022-10-20,2022,BMW 5 Series,Europe,France,Online,2,43472.0,21736.0
2022-10-20,2022,BMW iX3,Asia,India,Dealership,2,104607.0,52303.5
2022-10-20,2022,BMW M5,Africa,Egypt,Wholesale,4,114239.0,28559.75
2022-10-20,2022,BMW i3,Asia,China,Wholesale,2,44141.0,22070.5
2022-10-20,2022,BMW 8 Series,Asia,South Korea,Online,4,107058.0,26764.5
2022-10-20,2022,BMW iX3,Africa,Kenya,Dealership,2,69441.0,34720.5
2022-10-20,2022,BMW M4,South America,Argentina,Wholesale,5,58443.0,11688.6
2022-10-21,2022,BMW X5,North America,Mexico,Wholesale,5,57387.0,11477.4
2022-10-22,2022,BMW 3 Series,South America,Peru,Online,3,100624.0,33541.33
2022-10-22,2022,BMW 2 Series,Europe,Italy,Dealership,3,42466.0,14155.33
2022-10-23,2022,BMW i8,Asia,South Korea,Dealership,2,74867.0,37433.5
2022-10-23,2022,BMW M2,Africa,Nigeria,Wholesale,3,68180.0,22726.67
2022-10-24,2022,BMW X3,Africa,South Africa,Dealership,5,87399.0,17479.8
2022-10-24,2022,BMW X4,Asia,India,Wholesale,4,111855.0,27963.75
2022-10-24,2022,BMW X7,South America,Argentina,Dealership,1,78298.0,78298.0
2022-10-25,2022,BMW i4,South America,Chile,Dealership,3,103390.0,34463.33
2022-10-25,2022,BMW M3,South America,Argentina,Online,3,83821.0,27940.33
2022-10-25,2022,BMW 8 Series,Europe,Spain,Wholesale,5,97777.0,19555.4
2022-10-25,2022,BMW i8,Africa,South Africa,Wholesale,2,99647.0,49823.5
2022-10-26,2022,BMW 2 Series,Africa,Morocco,Online,1,64608.0,64608.0
2022-10-26,2022,BMW 7 Series,North America,Canada,Online,3,95310.0,31770.0
2022-10-26,2022,BMW i4,South America,Argentina,Dealership,2,117964.0,58982.0
2022-10-27,2022,BMW 3 Series,Asia,South Korea,Dealership,2,81940.0,40970.0
2022-10-27,2022,BMW M2,South America,Chile,Wholesale,4,112445.0,28111.25
2022-10-28,2022,BMW M4,Asia,China,Wholesale,5,103180.0,20636.0
2022-10-29,2022,BMW 3 Series,Africa,Kenya,Dealership,5,58534.0,11706.8
2022-10-29,2022,BMW X5,Europe,Italy,Dealership,5,58460.0,11692.0
2022-10-30,2022,BMW i4,Africa,Kenya,Online,4,106827.0,26706.75
2022-10-30,2022,BMW i3,Europe,Spain,Online,4,65061.0,16265.25
2022-10-30,2022,BMW i8,Asia,India,Online,4,63808.0,15952.0
2022-10-31,2022,BMW X6,South America,Colombia,Wholesale,1,102131.0,102131.0
2022-10-31,2022,BMW 7 Series,Africa,South Africa,Online,4,96911.0,24227.75
2022-10-31,2022,BMW M8,North America,Canada,Wholesale,3,58842.0,19614.0
2022-10-31,2022,BMW M8,Asia,Japan,Wholesale,1,111848.0,111848.0
2022-11-01,2022,BMW X2,South America,Chile,Wholesale,3,45352.0,15117.33
2022-11-02,2022,BMW 5 Series,North America,United States,Dealership,5,99817.0,19963.4
2022-11-02,2022,BMW 5 Series,Africa,Nigeria,Wholesale,4,118324.0,29581.0
2022-11-02,2022,BMW 5 Series,South America,Colombia,Dealership,2,71607.0,35803.5
2022-11-02,2022,BMW M5,Europe,United Kingdom,Wholesale,5,34076.0,6815.2
2022-11-03,2022,BMW 2 Series,Asia,Japan,Wholesale,2,81661.0,40830.5
2022-11-04,2022,BMW i8,North America,Mexico,Wholesale,5,117521.0,23504.2
2022-11-04,2022,BMW M4,South America,Peru,Wholesale,1,61696.0,61696.0
2022-11-04,2022,BMW Z4,Europe,Italy,Online,4,31872.0,7968.0
2022-11-04,2022,BMW 5 Series,Asia,Japan,Dealership,5,62894.0,12578.8
2022-11-05,2022,BMW 4 Series,Asia,China,Dealership,1,116889.0,116889.0
2022-11-05,2022,BMW 2 Series,North America,Canada,Dealership,5,71129.0,14225.8
2022-11-05,2022,BMW i3,South America,Colombia,Dealership,2,39906.0,19953.0
2022-11-05,2022,BMW X6,North America,United States,Dealership,3,90112.0,30037.33
2022-11-06,2022,BMW i4,Europe,United Kingdom,Dealership,2,107402.0,53701.0
2022-11-06,2022,BMW i4,North America,Mexico,Dealership,5,112941.0,22588.2
2022-11-06,2022,BMW 5 Series,North America,Mexico,Wholesale,3,98446.0,32815.33
2022-11-06,2022,BMW M8,Europe,Spain,Wholesale,4,50707.0,12676.75
2022-11-07,2022,BMW 3 Series,South America,Peru,Dealership,4,109923.0,27480.75
2022-11-07,2022,BMW M4,North America,United States,Dealership,4,72736.0,18184.0
2022-11-07,2022,BMW Z4,Europe,Germany,Online,2,86063.0,43031.5
2022-11-08,2022,BMW 3 Series,Asia,South Korea,Dealership,3,105690.0,35230.0
2022-11-08,2022,BMW X4,North America,Mexico,Online,3,117889.0,39296.33
2022-11-09,2022,BMW X7,Africa,Morocco,Dealership,5,34078.0,6815.6
2022-11-10,2022,BMW 3 Series,Africa,Nigeria,Wholesale,4,80139.0,20034.75
2022-11-10,2022,BMW 2 Series,Europe,United Kingdom,Online,2,71004.0,35502.0
2022-11-11,2022,BMW M8,Asia,India,Online,4,38652.0,9663.0
2022-11-11,2022,BMW 7 Series,Africa,South Africa,Wholesale,4,70326.0,17581.5
2022-11-12,2022,BMW i4,Europe,United Kingdom,Online,5,107093.0,21418.6
2022-11-12,2022,BMW M2,Asia,Japan,Dealership,5,79630.0,15926.0
2022-11-12,2022,BMW 4 Series,Asia,India,Wholesale,5,102171.0,20434.2
2022-11-13,2022,BMW 2 Series,South America,Chile,Online,2,81457.0,40728.5
2022-11-13,2022,BMW Z4,North America,Canada,Dealership,1,60054.0,60054.0
2022-11-13,2022,BMW 7 Series,Europe,France,Wholesale,1,39903.0,39903.0
2022-11-14,2022,BMW M4,Asia,China,Dealership,2,46637.0,23318.5
2022-11-14,2022,BMW iX3,South America,Colombia,Dealership,5,112511.0,22502.2
2022-11-14,2022,BMW X2,Africa,Morocco,Wholesale,3,115958.0,38652.67
2022-11-14,2022,BMW iX,South America,Argentina,Dealership,2,59665.0,29832.5
2022-11-15,2022,BMW 8 Series,Africa,South Africa,Wholesale,1,56038.0,56038.0
2022-11-16,2022,BMW 8 Series,Africa,Nigeria,Dealership,1,118612.0,118612.0
2022-11-16,2022,BMW i8,South America,Colombia,Dealership,4,114606.0,28651.5
2022-11-17,2022,BMW 2 Series,North America,Canada,Wholesale,5,66735.0,13347.0
2022-11-17,2022,BMW 2 Series,South America,Argentina,Online,3,104332.0,34777.33
2022-11-17,2022,BMW i8,North America,Canada,Dealership,5,31649.0,6329.8
2022-11-18,2022,BMW Z4,Asia,South Korea,Wholesale,1,70023.0,70023.0
2022-11-19,2022,BMW X1,Africa,Kenya,Dealership,3,37824.0,12608.0
2022-11-20,2022,BMW iX,South America,Chile,Dealership,2,102195.0,51097.5
2022-11-20,2022,BMW M8,South America,Chile,Online,4,99814.0,24953.5
2022-11-20,2022,BMW M2,Asia,India,Online,1,110901.0,110901.0
2022-11-21,2022,BMW M2,South America,Chile,Wholesale,4,85186.0,21296.5
2022-11-21,2022,BMW i8,North America,United States,Wholesale,5,36180.0,7236.0
2022-11-22,2022,BMW X3,Asia,Thailand,Online,1,31869.0,31869.0
2022-11-22,2022,BMW 1 Series,North America,United States,Wholesale,4,51716.0,12929.0
2022-11-22,2022,BMW 3 Series,Europe,United Kingdom,Online,3,102928.0,34309.33
2022-11-22,2022,BMW Z4,South America,Chile,Online,5,102074.0,20414.8
2022-11-23,2022,BMW X7,Asia,Japan,Wholesale,4,110396.0,27599.0
2022-11-23,2022,BMW X1,Europe,United Kingdom,Dealership,1,88172.0,88172.0
2022-11-23,2022,BMW X1,South America,Colombia,Dealership,4,83516.0,20879.0
2022-11-25,2022,BMW M5,Africa,Kenya,Online,4,106831.0,26707.75
2022-11-25,2022,BMW X6,Asia,South Korea,Online,5,68148.0,13629.6
2022-11-26,2022,BMW M3,Asia,China,Online,4,85162.0,21290.5
2022-11-26,2022,BMW 6 Series,Asia,South Korea,Wholesale,5,39895.0,7979.0
2022-11-26,2022,BMW 1 Series,South America,Brazil,Online,2,97323.0,48661.5
2022-11-27,2022,BMW 3 Series,Asia,South Korea,Dealership,4,54992.0,13748.0
2022-11-27,2022,BMW M2,Europe,Spain,Online,3,32068.0,10689.33
2022-11-28,2022,BMW 3 Series,South America,Peru,Dealership,5,91365.0,18273.0
2022-11-28,2022,BMW iX3,South America,Peru,Online,3,35585.0,11861.67
2022-11-29,2022,BMW iX3,South America,Chile,Dealership,2,83092.0,41546.0
2022-11-29,2022,BMW i3,North America,United States,Wholesale,5,70797.0,14159.4
2022-11-29,2022,BMW X5,South America,Peru,Online,4,75162.0,18790.5
2022-11-29,2022,BMW i8,South America,Chile,Dealership,1,64798.0,64798.0
2022-11-29,2022,BMW M3,Africa,South Africa,Wholesale,5,30424.0,6084.8
2022-11-29,2022,BMW M3,Africa,Egypt,Wholesale,5,38086.0,7617.2
2022-11-30,2022,BMW Z4,North America,Mexico,Wholesale,5,59288.0,11857.6
2022-11-30,2022,BMW 8 Series,Africa,Kenya,Wholesale,3,78987.0,26329.0
2022-12-01,2022,BMW 5 Series,Africa,Nigeria,Dealership,2,68188.0,34094.0
2022-12-01,2022,BMW X3,Europe,France,Wholesale,5,96403.0,19280.6
2022-12-01,2022,BMW Z4,North America,Canada,Dealership,2,108160.0,54080.0
2022-12-01,2022,BMW Z4,Asia,Japan,Dealership,1,88238.0,88238.0
2022-12-01,2022,BMW M8,Asia,China,Wholesale,2,68260.0,34130.0
2022-12-02,2022,BMW i8,North America,United States,Online,3,75532.0,25177.33
2022-12-02,2022,BMW M8,North America,Mexico,Online,3,107795.0,35931.67
2022-12-02,2022,BMW iX3,Asia,Thailand,Wholesale,1,84986.0,84986.0
2022-12-02,2022,BMW 8 Series,South America,Argentina,Wholesale,2,53826.0,26913.0
2022-12-02,2022,BMW M2,North America,Mexico,Online,2,96219.0,48109.5
2022-12-03,2022,BMW i8,Africa,Kenya,Online,4,70409.0,17602.25
2022-12-03,2022,BMW X1,Africa,Kenya,Online,2,40185.0,20092.5
2022-12-03,2022,BMW 5 Series,Asia,Japan,Online,1,118454.0,118454.0
2022-12-04,2022,BMW iX3,Africa,South Africa,Online,2,96408.0,48204.0
2022-12-04,2022,BMW M8,Asia,India,Online,5,74327.0,14865.4
2022-12-07,2022,BMW iX,South America,Chile,Dealership,4,60697.0,15174.25
2022-12-07,2022,BMW 8 Series,Asia,China,Wholesale,5,35361.0,7072.2
2022-12-07,2022,BMW 7 Series,South America,Chile,Online,5,111573.0,22314.6
2022-12-07,2022,BMW 7 Series,Europe,United Kingdom,Dealership,1,74828.0,74828.0
2022-12-07,2022,BMW i3,Europe,Spain,Online,4,36503.0,9125.75
2022-12-08,2022,BMW X3,North America,Canada,Online,4,64600.0,16150.0
2022-12-09,2022,BMW iX,Europe,Germany,Online,4,67459.0,16864.75
2022-12-09,2022,BMW X6,Africa,South Africa,Wholesale,4,117941.0,29485.25
2022-12-09,2022,BMW Z4,North America,Mexico,Online,5,77769.0,15553.8
2022-12-10,2022,BMW Z4,Europe,Spain,Wholesale,3,95573.0,31857.67
2022-12-10,2022,BMW 3 Series,North America,United States,Wholesale,2,67602.0,33801.0
2022-12-10,2022,BMW i4,Europe,Spain,Wholesale,4,43952.0,10988.0
2022-12-11,2022,BMW X4,Asia,India,Dealership,4,45316.0,11329.0
2022-12-12,2022,BMW Z4,South America,Peru,Dealership,1,38174.0,38174.0
2022-12-12,2022,BMW Z4,North America,Mexico,Dealership,1,52597.0,52597.0
2022-12-13,2022,BMW Z4,Europe,Germany,Wholesale,3,118325.0,39441.67
2022-12-13,2022,BMW X4,North America,United States,Dealership,5,41360.0,8272.0
2022-12-13,2022,BMW X6,Africa,Egypt,Online,5,89092.0,17818.4
2022-12-14,2022,BMW 2 Series,Asia,China,Online,5,37807.0,7561.4
2022-12-15,2022,BMW M8,Asia,South Korea,Wholesale,5,70916.0,14183.2
2022-12-15,2022,BMW X1,South America,Chile,Online,4,66126.0,16531.5
2022-12-16,2022,BMW M8,Asia,China,Dealership,5,102807.0,20561.4
2022-12-16,2022,BMW 2 Series,Africa,Morocco,Dealership,2,118247.0,59123.5
2022-12-17,2022,BMW 6 Series,Asia,China,Wholesale,4,84554.0,21138.5
2022-12-17,2022,BMW X7,Africa,Nigeria,Online,4,33960.0,8490.0
2022-12-18,2022,BMW 3 Series,Africa,Kenya,Online,1,114675.0,114675.0
2022-12-18,2022,BMW 6 Series,North America,United States,Dealership,1,33553.0,33553.0
2022-12-18,2022,BMW M4,South America,Peru,Online,2,70721.0,35360.5
2022-12-19,2022,BMW 2 Series,South America,Colombia,Wholesale,4,72996.0,18249.0
2022-12-19,2022,BMW X4,South America,Peru,Wholesale,1,36531.0,36531.0
2022-12-19,2022,BMW X2,North America,Canada,Online,3,76051.0,25350.33
2022-12-20,2022,BMW 1 Series,Asia,South Korea,Online,5,96345.0,19269.0
2022-12-21,2022,BMW M2,Europe,Italy,Dealership,4,88989.0,22247.25
2022-12-22,2022,BMW 4 Series,Africa,Egypt,Wholesale,4,53238.0,13309.5
2022-12-22,2022,BMW iX,Africa,South Africa,Online,4,39607.0,9901.75
2022-12-22,2022,BMW iX,North America,Canada,Dealership,1,101587.0,101587.0
2022-12-22,2022,BMW 8 Series,Africa,Kenya,Online,2,118018.0,59009.0
2022-12-23,2022,BMW 5 Series,Asia,Thailand,Wholesale,5,63158.0,12631.6
2022-12-23,2022,BMW X5,South America,Argentina,Online,1,67289.0,67289.0
2022-12-25,2022,BMW 3 Series,Africa,Nigeria,Wholesale,5,37135.0,7427.0
2022-12-26,2022,BMW i4,South America,Chile,Dealership,3,72541.0,24180.33
2022-12-26,2022,BMW i3,South America,Brazil,Dealership,1,58340.0,58340.0
2022-12-26,2022,BMW X4,Asia,Thailand,Online,1,68660.0,68660.0
2022-12-26,2022,BMW 6 Series,Asia,China,Dealership,3,69103.0,23034.33
2022-12-28,2022,BMW i4,North America,United States,Online,3,116962.0,38987.33
2022-12-29,2022,BMW i8,Africa,Kenya,Dealership,4,117694.0,29423.5
2022-12-29,2022,BMW X6,Asia,China,Wholesale,4,41842.0,10460.5
2022-12-30,2022,BMW M5,Asia,India,Online,2,87840.0,43920.0
2022-12-30,2022,BMW iX,South America,Chile,Online,5,118762.0,23752.4
2022-12-31,2022,BMW iX3,North America,United States,Wholesale,2,51278.0,25639.0
2022-12-31,2022,BMW iX,North America,United States,Wholesale,1,113816.0,113816.0
2022-12-31,2022,BMW i4,Asia,Japan,Online,5,104891.0,20978.2
2023-01-01,2023,BMW iX3,Africa,Kenya,Wholesale,4,116541.0,29135.25
2023-01-01,2023,BMW 3 Series,Europe,United Kingdom,Online,3,102988.0,34329.33
2023-01-02,2023,BMW 8 Series,South America,Peru,Online,3,79240.0,26413.33
2023-01-03,2023,BMW X1,Africa,South Africa,Wholesale,5,97178.0,19435.6
2023-01-03,2023,BMW 8 Series,Asia,India,Online,1,59402.0,59402.0
2023-01-04,2023,BMW X6,Africa,Morocco,Online,5,93696.0,18739.2
2023-01-04,2023,BMW Z4,South America,Peru,Online,5,95824.0,19164.8
2023-01-04,2023,BMW 1 Series,Africa,Egypt,Wholesale,1,113817.0,113817.0
2023-01-04,2023,BMW X4,North America,United States,Wholesale,3,105965.0,35321.67
2023-01-05,2023,BMW X6,Africa,South Africa,Dealership,4,108473.0,27118.25
2023-01-05,2023,BMW i8,Africa,Morocco,Dealership,4,58794.0,14698.5
2023-01-05,2023,BMW X4,Africa,South Africa,Wholesale,4,80154.0,20038.5
2023-01-06,2023,BMW M3,South America,Argentina,Dealership,2,102944.0,51472.0
2023-01-07,2023,BMW 2 Series,North America,Mexico,Wholesale,5,92391.0,18478.2
2023-01-07,2023,BMW 5 Series,North America,Mexico,Dealership,5,119860.0,23972.0
2023-01-08,2023,BMW 2 Series,Africa,Morocco,Online,4,75485.0,18871.25
2023-01-08,2023,BMW 8 Series,North America,Mexico,Online,3,57728.0,19242.67
2023-01-08,2023,BMW M8,Europe,Germany,Dealership,4,87872.0,21968.0
2023-01-09,2023,BMW X2,Africa,Egypt,Wholesale,2,89608.0,44804.0
2023-01-10,2023,BMW Z4,Asia,China,Dealership,3,39676.0,13225.33
2023-01-10,2023,BMW X4,North America,United States,Dealership,5,95364.0,19072.8
2023-01-10,2023,BMW 8 Series,Asia,India,Dealership,2,103118.0,51559.0
2023-01-11,2023,BMW 3 Series,Europe,United Kingdom,Wholesale,2,64754.0,32377.0
2023-01-11,2023,BMW 8 Series,North America,Mexico,Dealership,3,49584.0,16528.0
2023-01-12,2023,BMW X3,South America,Brazil,Dealership,4,53265.0,13316.25
2023-01-12,2023,BMW 4 Series,Africa,Nigeria,Wholesale,4,65388.0,16347.0
2023-01-12,2023,BMW i8,Europe,United Kingdom,Dealership,1,93874.0,93874.0
2023-01-12,2023,BMW M4,Europe,Spain,Online,3,55035.0,18345.0
2023-01-12,2023,BMW 5 Series,Africa,Kenya,Online,4,69899.0,17474.75
2023-01-13,2023,BMW M5,North America,Canada,Dealership,2,98683.0,49341.5
2023-01-13,2023,BMW 6 Series,South America,Peru,Wholesale,4,56866.0,14216.5
2023-01-13,2023,BMW X4,South America,Argentina,Wholesale,3,114727.0,38242.33
2023-01-13,2023,BMW M8,North America,United States,Online,2,96833.0,48416.5
2023-01-13,2023,BMW 3 Series,Africa,Nigeria,Wholesale,4,37322.0,9330.5
2023-01-14,2023,BMW M3,North America,Mexico,Dealership,1,74954.0,74954.0
2023-01-15,2023,BMW X5,Europe,Italy,Online,4,53492.0,13373.0
2023-01-15,2023,BMW M2,Africa,Kenya,Dealership,4,89722.0,22430.5
2023-01-16,2023,BMW M3,Asia,South Korea,Dealership,3,77397.0,25799.0
2023-01-16,2023,BMW iX,Europe,Germany,Dealership,4,109914.0,27478.5
2023-01-17,2023,BMW i3,Asia,India,Wholesale,2,36157.0,18078.5
2023-01-17,2023,BMW iX3,North America,Mexico,Online,2,33926.0,16963.0
2023-01-18,2023,BMW 8 Series,South America,Chile,Online,2,48733.0,24366.5
2023-01-18,2023,BMW 1 Series,Europe,Spain,Online,2,64484.0,32242.0
2023-01-19,2023,BMW i8,Asia,South Korea,Wholesale,4,84470.0,21117.5
2023-01-19,2023,BMW X3,South America,Chile,Online,4,73382.0,18345.5
2023-01-19,2023,BMW i3,South America,Argentina,Dealership,2,110195.0,55097.5
2023-01-19,2023,BMW X2,Europe,Italy,Dealership,2,118509.0,59254.5
2023-01-19,2023,BMW M3,Africa,Nigeria,Wholesale,2,76517.0,38258.5
2023-01-20,2023,BMW X7,Africa,South Africa,Wholesale,2,87805.0,43902.5
2023-01-20,2023,BMW 1 Series,North America,Canada,Dealership,3,96433.0,32144.33
2023-01-21,2023,BMW 3 Series,Africa,Egypt,Wholesale,3,65175.0,21725.0
2023-01-21,2023,BMW 1 Series,North America,Canada,Online,5,110759.0,22151.8
2023-01-21,2023,BMW X7,Asia,Japan,Dealership,4,117157.0,29289.25
2023-01-22,2023,BMW X1,Africa,Egypt,Online,5,44542.0,8908.4
2023-01-22,2023,BMW X5,North America,Canada,Wholesale,2,60530.0,30265.0
2023-01-22,2023,BMW i8,South America,Chile,Wholesale,4,98367.0,24591.75
2023-01-23,2023,BMW 6 Series,South America,Brazil,Wholesale,1,77401.0,77401.0
2023-01-23,2023,BMW i4,Europe,France,Dealership,3,89739.0,29913.0
2023-01-23,2023,BMW M8,Europe,France,Dealership,5,77285.0,15457.0
2023-01-25,2023,BMW 2 Series,North America,Mexico,Dealership,3,105730.0,35243.33
2023-01-26,2023,BMW M8,Africa,Egypt,Online,4,63380.0,15845.0
2023-01-26,2023,BMW 7 Series,Asia,India,Wholesale,3,32594.0,10864.67
2023-01-26,2023,BMW i4,Africa,South Africa,Online,5,85444.0,17088.8
2023-01-26,2023,BMW X2,Africa,Kenya,Wholesale,2,68736.0,34368.0
2023-01-26,2023,BMW 4 Series,Asia,India,Online,5,59870.0,11974.0
2023-01-27,2023,BMW M5,North America,Canada,Wholesale,5,72368.0,14473.6
2023-01-28,2023,BMW X1,South America,Colombia,Online,2,33774.0,16887.0
2023-01-29,2023,BMW 2 Series,North America,Mexico,Dealership,4,98305.0,24576.25
2023-01-29,2023,BMW X2,Europe,United Kingdom,Online,4,103916.0,25979.0
2023-01-29,2023,BMW 6 Series,Africa,Nigeria,Wholesale,3,94566.0,31522.0
2023-01-30,2023,BMW iX,South America,Argentina,Dealership,2,71168.0,35584.0
2023-01-30,2023,BMW 1 Series,Africa,Morocco,Wholesale,1,114560.0,114560.0
2023-01-30,2023,BMW 8 Series,Asia,South Korea,Wholesale,5,99561.0,19912.2
2023-01-30,2023,BMW i3,North America,Mexico,Dealership,3,55839.0,18613.0
2023-01-31,2023,BMW 3 Series,Africa,South Africa,Dealership,3,99142.0,33047.33
2023-01-31,2023,BMW 2 Series,Asia,India,Wholesale,4,114021.0,28505.25
2023-01-31,2023,BMW iX3,Europe,France,Dealership,2,88215.0,44107.5
2023-01-31,2023,BMW 1 Series,Africa,Nigeria,Dealership,4,43550.0,10887.5
2023-02-01,2023,BMW 3 Series,Asia,South Korea,Wholesale,1,117189.0,117189.0
2023-02-01,2023,BMW 8 Series,North America,United States,Wholesale,5,41651.0,8330.2
2023-02-03,2023,BMW M2,South America,Chile,Online,4,88611.0,22152.75
2023-02-03,2023,BMW M2,Asia,India,Wholesale,5,36116.0,7223.2
2023-02-03,2023,BMW X4,North America,United States,Online,3,118198.0,39399.33
2023-02-03,2023,BMW 6 Series,Europe,Spain,Dealership,4,113822.0,28455.5
2023-02-04,2023,BMW i3,South America,Argentina,Online,3,107228.0,35742.67
2023-02-05,2023,BMW M3,Asia,Thailand,Dealership,3,111119.0,37039.67
2023-02-05,2023,BMW M5,North America,Mexico,Dealership,5,41817.0,8363.4
2023-02-06,2023,BMW 2 Series,North America,United States,Online,3,100880.0,33626.67
2023-02-06,2023,BMW iX,Europe,Spain,Online,3,70285.0,23428.33
2023-02-07,2023,BMW 7 Series,Africa,Morocco,Online,2,34284.0,17142.0
2023-02-07,2023,BMW M3,Asia,Japan,Dealership,2,37472.0,18736.0
2023-02-07,2023,BMW 2 Series,North America,United States,Dealership,4,93647.0,23411.75
2023-02-07,2023,BMW M8,Europe,Spain,Wholesale,3,69782.0,23260.67
2023-02-07,2023,BMW i4,Asia,Thailand,Dealership,3,106661.0,35553.67
2023-02-08,2023,BMW Z4,Europe,Germany,Online,5,76775.0,15355.0
2023-02-08,2023,BMW X1,Africa,South Africa,Online,3,94551.0,31517.0
2023-02-08,2023,BMW X1,North America,Mexico,Online,2,63485.0,31742.5
2023-02-09,2023,BMW M5,North America,Mexico,Dealership,3,45973.0,15324.33
2023-02-09,2023,BMW 4 Series,Africa,Egypt,Online,1,65777.0,65777.0
2023-02-09,2023,BMW iX,Asia,India,Dealership,4,106181.0,26545.25
2023-02-10,2023,BMW 5 Series,Africa,Egypt,Online,2,32634.0,16317.0
2023-02-10,2023,BMW 8 Series,Europe,France,Dealership,5,57653.0,11530.6
2023-02-11,2023,BMW 7 Series,Europe,United Kingdom,Dealership,1,106345.0,106345.0
2023-02-11,2023,BMW M8,Africa,Egypt,Wholesale,3,63756.0,21252.0
2023-02-11,2023,BMW iX3,Europe,United Kingdom,Dealership,2,75854.0,37927.0
2023-02-12,2023,BMW iX,Asia,China,Dealership,3,32057.0,10685.67
2023-02-12,2023,BMW i3,Africa,Egypt,Dealership,4,46220.0,11555.0
2023-02-13,2023,BMW X6,Africa,South Africa,Wholesale,2,34509.0,17254.5
2023-02-13,2023,BMW X5,Africa,Morocco,Wholesale,1,113890.0,113890.0
2023-02-14,2023,BMW 1 Series,South America,Brazil,Online,5,96083.0,19216.6
2023-02-14,2023,BMW 8 Series,South America,Peru,Dealership,5,92876.0,18575.2
2023-02-15,2023,BMW i3,South America,Peru,Wholesale,5,101922.0,20384.4
2023-02-15,2023,BMW X4,Europe,France,Online,4,117581.0,29395.25
2023-02-15,2023,BMW 4 Series,Europe,France,Online,5,79641.0,15928.2
2023-02-16,2023,BMW X6,Europe,Spain,Dealership,1,85258.0,85258.0
2023-02-16,2023,BMW 2 Series,Asia,Thailand,Wholesale,4,59063.0,14765.75
2023-02-17,2023,BMW iX,North America,Canada,Wholesale,2,98867.0,49433.5
2023-02-17,2023,BMW M3,Africa,Nigeria,Wholesale,2,65435.0,32717.5
2023-02-18,2023,BMW M4,Asia,China,Dealership,4,103709.0,25927.25
2023-02-18,2023,BMW M2,Europe,United Kingdom,Online,3,53806.0,17935.33
2023-02-19,2023,BMW i8,Europe,Germany,Dealership,4,119944.0,29986.0
2023-02-19,2023,BMW 6 Series,Europe,Italy,Wholesale,4,79383.0,19845.75
2023-02-19,2023,BMW 6 Series,South America,Chile,Dealership,4,55278.0,13819.5
2023-02-19,2023,BMW M5,North America,Canada,Online,4,81738.0,20434.5
2023-02-20,2023,BMW M4,Europe,France,Wholesale,5,97891.0,19578.2
2023-02-21,2023,BMW i8,North America,Mexico,Wholesale,5,50405.0,10081.0
2023-02-22,2023,BMW M8,Africa,South Africa,Wholesale,1,111622.0,111622.0
2023-02-22,2023,BMW Z4,South America,Argentina,Dealership,4,63268.0,15817.0
2023-02-23,2023,BMW Z4,South America,Colombia,Dealership,2,86195.0,43097.5
2023-02-23,2023,BMW M4,North America,Canada,Online,3,80338.0,26779.33
2023-02-24,2023,BMW 4 Series,Africa,Nigeria,Online,2,71074.0,35537.0
2023-02-24,2023,BMW Z4,Africa,South Africa,Wholesale,5,118333.0,23666.6
2023-02-25,2023,BMW X4,Asia,South Korea,Dealership,5,61518.0,12303.6
2023-02-25,2023,BMW M3,South America,Peru,Dealership,3,77083.0,25694.33
2023-02-25,2023,BMW X2,South America,Peru,Online,5,113795.0,22759.0
2023-02-25,2023,BMW X6,Europe,Spain,Dealership,1,97494.0,97494.0
2023-02-27,2023,BMW iX,Africa,Egypt,Dealership,3,94940.0,31646.67
2023-02-27,2023,BMW iX,Africa,South Africa,Dealership,3,48394.0,16131.33
2023-02-27,2023,BMW 2 Series,South America,Chile,Online,2,105043.0,52521.5
2023-02-28,2023,BMW iX3,Asia,Japan,Wholesale,5,97262.0,19452.4
2023-02-28,2023,BMW X1,Europe,France,Wholesale,3,67252.0,22417.33
2023-02-28,2023,BMW 2 Series,South America,Colombia,Online,4,106821.0,26705.25
2023-03-01,2023,BMW X7,Europe,Italy,Online,3,41151.0,13717.0
2023-03-01,2023,BMW M3,South America,Brazil,Wholesale,5,69708.0,13941.6
2023-03-01,2023,BMW 5 Series,Africa,Nigeria,Online,3,99126.0,33042.0
2023-03-02,2023,BMW X2,North America,Canada,Dealership,4,59472.0,14868.0
2023-03-02,2023,BMW X5,South America,Argentina,Wholesale,3,50428.0,16809.33
2023-03-02,2023,BMW X4,Europe,Italy,Wholesale,5,88896.0,17779.2
2023-03-02,2023,BMW 5 Series,Europe,Spain,Online,5,108655.0,21731.0
2023-03-03,2023,BMW 1 Series,South America,Peru,Wholesale,3,30076.0,10025.33
2023-03-04,2023,BMW X7,South America,Chile,Wholesale,1,86812.0,86812.0
2023-03-04,2023,BMW iX3,Africa,South Africa,Dealership,2,74894.0,37447.0
2023-03-04,2023,BMW iX,Africa,Egypt,Online,1,70770.0,70770.0
2023-03-05,2023,BMW M8,Asia,South Korea,Dealership,1,68930.0,68930.0
2023-03-05,2023,BMW Z4,North America,United States,Wholesale,1,37404.0,37404.0
2023-03-06,2023,BMW 2 Series,South America,Brazil,Online,5,61594.0,12318.8
2023-03-07,2023,BMW i3,North America,Canada,Dealership,5,37288.0,7457.6
2023-03-07,2023,BMW M2,Africa,South Africa,Dealership,3,106803.0,35601.0
2023-03-09,2023,BMW 6 Series,North America,United States,Wholesale,3,81235.0,27078.33
2023-03-09,2023,BMW M8,Africa,Egypt,Dealership,5,35605.0,7121.0
2023-03-09,2023,BMW 7 Series,North America,Canada,Online,3,111462.0,37154.0
2023-03-09,2023,BMW 1 Series,South America,Brazil,Online,5,58821.0,11764.2
2023-03-10,2023,BMW 2 Series,Asia,Thailand,Dealership,3,53461.0,17820.33
2023-03-10,2023,BMW 3 Series,Africa,South Africa,Online,2,110000.0,55000.0
2023-03-10,2023,BMW 3 Series,Asia,Thailand,Wholesale,3,119468.0,39822.67
2023-03-10,2023,BMW 7 Series,North America,Mexico,Dealership,1,85305.0,85305.0
2023-03-10,2023,BMW 6 Series,Africa,Kenya,Online,1,70194.0,70194.0
2023-03-11,2023,BMW X2,North America,Canada,Wholesale,5,57446.0,11489.2
2023-03-12,2023,BMW X6,Africa,Morocco,Wholesale,5,63712.0,12742.4
2023-03-12,2023,BMW Z4,Europe,Spain,Online,2,93948.0,46974.0
2023-03-13,2023,BMW i8,North America,Canada,Dealership,4,110908.0,27727.0
2023-03-13,2023,BMW 3 Series,Africa,Kenya,Online,4,63375.0,15843.75
2023-03-13,2023,BMW X3,Europe,Spain,Dealership,2,73050.0,36525.0
2023-03-13,2023,BMW Z4,Asia,South Korea,Online,5,116538.0,23307.6
2023-03-13,2023,BMW i3,Africa,Kenya,Online,1,90503.0,90503.0
2023-03-13,2023,BMW i4,South America,Peru,Wholesale,5,105973.0,21194.6
2023-03-14,2023,BMW iX3,North America,Mexico,Wholesale,1,44096.0,44096.0
2023-03-14,2023,BMW iX3,North America,Canada,Wholesale,4,50578.0,12644.5
2023-03-15,2023,BMW X5,North America,Mexico,Online,5,115030.0,23006.0
2023-03-15,2023,BMW 3 Series,Europe,United Kingdom,Wholesale,2,88958.0,44479.0
2023-03-15,2023,BMW i8,Africa,Nigeria,Online,1,85803.0,85803.0
2023-03-16,2023,BMW Z4,South America,Colombia,Dealership,5,47977.0,9595.4
2023-03-16,2023,BMW X2,Africa,Morocco,Dealership,4,60289.0,15072.25
2023-03-17,2023,BMW i3,North America,Canada,Online,5,58962.0,11792.4
2023-03-17,2023,BMW X5,North America,Mexico,Online,3,32665.0,10888.33
2023-03-17,2023,BMW X7,Europe,Germany,Dealership,3,37377.0,12459.0
2023-03-18,2023,BMW 4 Series,North America,United States,Wholesale,4,88014.0,22003.5
2023-03-18,2023,BMW Z4,Asia,Japan,Online,2,91338.0,45669.0
2023-03-18,2023,BMW X3,North America,Canada,Online,1,105121.0,105121.0
2023-03-18,2023,BMW M3,Africa,South Africa,Online,4,40683.0,10170.75
2023-03-19,2023,BMW iX,Asia,Thailand,Wholesale,5,115907.0,23181.4
2023-03-20,2023,BMW M2,South America,Brazil,Dealership,1,83537.0,83537.0
2023-03-20,2023,BMW X2,Asia,China,Online,3,43950.0,14650.0
2023-03-20,2023,BMW X4,North America,Mexico,Online,5,35973.0,7194.6
2023-03-20,2023,BMW X7,Africa,Kenya,Online,2,38911.0,19455.5
2023-03-20,2023,BMW M8,South America,Brazil,Online,4,36511.0,9127.75
2023-03-21,2023,BMW iX3,Africa,Morocco,Dealership,5,74549.0,14909.8
2023-03-21,2023,BMW X4,South America,Colombia,Dealership,4,43790.0,10947.5
2023-03-22,2023,BMW M4,North America,Canada,Dealership,2,116649.0,58324.5
2023-03-22,2023,BMW 2 Series,Asia,China,Dealership,1,94936.0,94936.0
2023-03-23,2023,BMW X4,Africa,South Africa,Online,5,39868.0,7973.6
2023-03-23,2023,BMW X1,South America,Argentina,Dealership,4,110220.0,27555.0
2023-03-23,2023,BMW i4,South America,Brazil,Dealership,5,119579.0,23915.8
2023-03-24,2023,BMW iX,Africa,Egypt,Dealership,3,46333.0,15444.33
2023-03-24,2023,BMW X3,North America,Canada,Dealership,1,64533.0,64533.0
2023-03-24,2023,BMW iX,Africa,Egypt,Wholesale,1,64828.0,64828.0
2023-03-24,2023,BMW X4,Africa,Nigeria,Wholesale,4,97762.0,24440.5
2023-03-24,2023,BMW 2 Series,South America,Argentina,Online,3,42017.0,14005.67
2023-03-25,2023,BMW X6,Africa,Egypt,Online,3,114935.0,38311.67
2023-03-25,2023,BMW iX3,North America,Canada,Wholesale,4,111096.0,27774.0
2023-03-25,2023,BMW 5 Series,Europe,Italy,Wholesale,5,61230.0,12246.0
2023-03-26,2023,BMW iX3,Asia,India,Dealership,4,65674.0,16418.5
2023-03-26,2023,BMW M5,Asia,Japan,Dealership,1,119782.0,119782.0
2023-03-26,2023,BMW 7 Series,Asia,India,Wholesale,1,84833.0,84833.0
2023-03-26,2023,BMW X2,North America,United States,Online,2,104613.0,52306.5
2023-03-26,2023,BMW i4,Asia,Japan,Wholesale,5,65949.0,13189.8
2023-03-27,2023,BMW X4,South America,Colombia,Online,4,82599.0,20649.75
2023-03-27,2023,BMW 8 Series,Asia,South Korea,Wholesale,2,102941.0,51470.5
2023-03-28,2023,BMW i8,Africa,South Africa,Dealership,2,119694.0,59847.0
2023-03-29,2023,BMW X6,Asia,South Korea,Online,3,59415.0,19805.0
2023-03-29,2023,BMW X2,North America,Mexico,Online,2,38348.0,19174.0
2023-03-30,2023,BMW X1,Europe,Germany,Wholesale,5,64422.0,12884.4
2023-03-30,2023,BMW X6,South America,Argentina,Wholesale,2,63379.0,31689.5
2023-03-30,2023,BMW 5 Series,Africa,Kenya,Wholesale,5,105888.0,21177.6
2023-03-30,2023,BMW M3,South America,Argentina,Online,3,88335.0,29445.0
2023-03-31,2023,BMW M8,Africa,Morocco,Online,1,78960.0,78960.0
2023-03-31,2023,BMW i4,North America,Mexico,Online,5,49088.0,9817.6
2023-03-31,2023,BMW 1 Series,Europe,France,Online,3,117843.0,39281.0
2023-03-31,2023,BMW 8 Series,Africa,Egypt,Dealership,3,82191.0,27397.0
2023-03-31,2023,BMW M8,North America,United States,Dealership,5,58833.0,11766.6
2023-03-31,2023,BMW X1,Europe,Germany,Wholesale,4,47428.0,11857.0
2023-03-31,2023,BMW 7 Series,Asia,China,Wholesale,3,68199.0,22733.0
2023-04-01,2023,BMW X3,North America,Canada,Dealership,2,91645.0,45822.5
2023-04-01,2023,BMW 4 Series,South America,Argentina,Wholesale,4,82616.0,20654.0
2023-04-01,2023,BMW iX3,Africa,Nigeria,Wholesale,1,90572.0,90572.0
2023-04-02,2023,BMW X3,Asia,Thailand,Dealership,3,72980.0,24326.67
2023-04-02,2023,BMW 8 Series,Asia,South Korea,Dealership,3,64850.0,21616.67
2023-04-02,2023,BMW M4,Africa,Egypt,Dealership,5,65751.0,13150.2
2023-04-02,2023,BMW X1,South America,Chile,Online,3,31267.0,10422.33
2023-04-03,2023,BMW 7 Series,South America,Chile,Dealership,1,77401.0,77401.0
2023-04-03,2023,BMW X1,Africa,Nigeria,Dealership,4,107930.0,26982.5
2023-04-03,2023,BMW X3,Europe,Spain,Wholesale,2,64889.0,32444.5
2023-04-04,2023,BMW 6 Series,Asia,China,Dealership,4,82062.0,20515.5
2023-04-05,2023,BMW 3 Series,Europe,Italy,Wholesale,1,60475.0,60475.0
2023-04-05,2023,BMW 1 Series,Asia,Thailand,Wholesale,2,69767.0,34883.5
2023-04-05,2023,BMW Z4,Africa,Kenya,Dealership,5,93056.0,18611.2
2023-04-06,2023,BMW i4,North America,Mexico,Online,2,95152.0,47576.0
2023-04-06,2023,BMW 5 Series,Asia,Thailand,Dealership,4,39849.0,9962.25
2023-04-06,2023,BMW M5,Asia,Thailand,Online,5,105923.0,21184.6
2023-04-06,2023,BMW X3,North America,United States,Wholesale,1,61716.0,61716.0
2023-04-06,2023,BMW X7,Africa,Morocco,Wholesale,5,72154.0,14430.8
2023-04-06,2023,BMW M3,Asia,India,Wholesale,1,109199.0,109199.0
2023-04-06,2023,BMW 5 Series,Europe,Italy,Online,3,58787.0,19595.67
2023-04-06,2023,BMW Z4,Africa,Egypt,Wholesale,3,44003.0,14667.67
2023-04-07,2023,BMW X2,North America,Mexico,Wholesale,4,110350.0,27587.5
2023-04-07,2023,BMW 2 Series,North America,United States,Online,5,63545.0,12709.0
2023-04-07,2023,BMW 8 Series,South America,Brazil,Wholesale,3,54774.0,18258.0
2023-04-08,2023,BMW 6 Series,South America,Peru,Wholesale,5,86558.0,17311.6
2023-04-09,2023,BMW 6 Series,Asia,Japan,Online,5,117951.0,23590.2
2023-04-09,2023,BMW X3,Africa,Egypt,Dealership,3,62161.0,20720.33
2023-04-10,2023,BMW 8 Series,Europe,United Kingdom,Online,5,95138.0,19027.6
2023-04-10,2023,BMW i8,South America,Chile,Wholesale,4,104548.0,26137.0
2023-04-10,2023,BMW 1 Series,Europe,Germany,Dealership,3,112158.0,37386.0
2023-04-10,2023,BMW M2,North America,Mexico,Wholesale,4,36716.0,9179.0
2023-04-10,2023,BMW X3,Europe,United Kingdom,Dealership,3,72706.0,24235.33
2023-04-11,2023,BMW M3,Europe,Spain,Dealership,2,36228.0,18114.0
2023-04-11,2023,BMW X4,Asia,China,Wholesale,2,49703.0,24851.5
2023-04-11,2023,BMW X4,Africa,Morocco,Dealership,2,104305.0,52152.5
2023-04-11,2023,BMW X4,Africa,Egypt,Dealership,1,47798.0,47798.0
2023-04-12,2023,BMW i8,Africa,Nigeria,Online,4,30818.0,7704.5
2023-04-12,2023,BMW iX,North America,Canada,Dealership,4,70494.0,17623.5
2023-04-13,2023,BMW iX3,North America,United States,Online,5,46205.0,9241.0
2023-04-13,2023,BMW M3,South America,Peru,Online,2,33590.0,16795.0
2023-04-14,2023,BMW X1,Africa,Morocco,Wholesale,4,83105.0,20776.25
2023-04-14,2023,BMW M5,South America,Chile,Wholesale,3,45569.0,15189.67
2023-04-15,2023,BMW 8 Series,Africa,Kenya,Wholesale,4,118619.0,29654.75
2023-04-15,2023,BMW i3,Europe,France,Dealership,4,113750.0,28437.5
2023-04-15,2023,BMW 4 Series,Africa,Kenya,Wholesale,3,89051.0,29683.67
2023-04-15,2023,BMW X5,South America,Chile,Online,2,34019.0,17009.5
2023-04-15,2023,BMW X5,Asia,South Korea,Dealership,2,110824.0,55412.0
2023-04-16,2023,BMW i3,Africa,Egypt,Dealership,4,75487.0,18871.75
2023-04-16,2023,BMW iX,Europe,France,Dealership,3,109152.0,36384.0
2023-04-17,2023,BMW 1 Series,North America,United States,Dealership,4,58875.0,14718.75
2023-04-17,2023,BMW 6 Series,North America,Canada,Wholesale,2,51459.0,25729.5
2023-04-17,2023,BMW 6 Series,Africa,South Africa,Dealership,1,46010.0,46010.0
2023-04-18,2023,BMW iX3,South America,Chile,Dealership,2,37739.0,18869.5
2023-04-18,2023,BMW X3,Europe,Germany,Dealership,3,56209.0,18736.33
2023-04-19,2023,BMW X6,North America,Canada,Wholesale,1,51545.0,51545.0
2023-04-20,2023,BMW X4,Asia,Japan,Online,4,68639.0,17159.75
2023-04-20,2023,BMW X6,North America,Mexico,Wholesale,2,95526.0,47763.0
2023-04-20,2023,BMW 7 Series,Asia,South Korea,Online,5,100529.0,20105.8
2023-04-20,2023,BMW X1,Europe,United Kingdom,Wholesale,3,108346.0,36115.33
2023-04-20,2023,BMW X6,South America,Colombia,Wholesale,1,95057.0,95057.0
2023-04-21,2023,BMW iX,South America,Peru,Wholesale,2,110987.0,55493.5
2023-04-21,2023,BMW 4 Series,North America,Canada,Wholesale,3,87824.0,29274.67
2023-04-21,2023,BMW M2,Africa,Egypt,Online,4,57675.0,14418.75
2023-04-21,2023,BMW 3 Series,North America,Canada,Wholesale,5,108754.0,21750.8
2023-04-21,2023,BMW 3 Series,Africa,Egypt,Online,3,52625.0,17541.67
2023-04-22,2023,BMW X6,North America,United States,Online,2,109244.0,54622.0
2023-04-23,2023,BMW 2 Series,North America,Mexico,Online,1,92167.0,92167.0
2023-04-24,2023,BMW M4,South America,Argentina,Online,3,69935.0,23311.67
2023-04-26,2023,BMW 1 Series,Africa,Morocco,Wholesale,3,79322.0,26440.67
2023-04-26,2023,BMW X1,Asia,India,Online,2,88132.0,44066.0
2023-04-26,2023,BMW Z4,North America,United States,Dealership,5,73915.0,14783.0
2023-04-26,2023,BMW M8,Europe,United Kingdom,Online,2,92761.0,46380.5
2023-04-27,2023,BMW iX3,South America,Brazil,Wholesale,2,106593.0,53296.5
2023-04-27,2023,BMW 4 Series,Asia,Japan,Wholesale,5,90532.0,18106.4
2023-04-29,2023,BMW i8,Asia,India,Dealership,5,79803.0,15960.6
2023-04-30,2023,BMW X3,Europe,Spain,Online,1,87477.0,87477.0
2023-04-30,2023,BMW X7,North America,Mexico,Wholesale,3,87142.0,29047.33
2023-05-01,2023,BMW 2 Series,North America,United States,Online,2,53089.0,26544.5
2023-05-01,2023,BMW i3,South America,Peru,Dealership,1,86395.0,86395.0
2023-05-01,2023,BMW 3 Series,South America,Argentina,Online,5,46236.0,9247.2
2023-05-02,2023,BMW i8,Africa,Kenya,Wholesale,5,80699.0,16139.8
2023-05-02,2023,BMW 4 Series,Europe,France,Wholesale,2,45362.0,22681.0
2023-05-03,2023,BMW i8,Asia,South Korea,Dealership,3,46531.0,15510.33
2023-05-04,2023,BMW X6,Asia,South Korea,Dealership,2,110169.0,55084.5
2023-05-05,2023,BMW X6,Africa,Morocco,Dealership,3,109852.0,36617.33
2023-05-05,2023,BMW 5 Series,South America,Brazil,Dealership,4,45369.0,11342.25
2023-05-06,2023,BMW 8 Series,North America,Mexico,Online,3,31767.0,10589.0
2023-05-06,2023,BMW Z4,Europe,United Kingdom,Dealership,2,111776.0,55888.0
2023-05-06,2023,BMW M2,Africa,Morocco,Wholesale,2,95196.0,47598.0
2023-05-06,2023,BMW X4,Asia,India,Online,3,39973.0,13324.33
2023-05-07,2023,BMW i4,North America,Mexico,Wholesale,1,64968.0,64968.0
2023-05-08,2023,BMW i8,Europe,United Kingdom,Dealership,1,78797.0,78797.0
2023-05-08,2023,BMW M8,South America,Peru,Online,4,73552.0,18388.0
2023-05-08,2023,BMW M5,Asia,Japan,Dealership,4,99222.0,24805.5
2023-05-08,2023,BMW 6 Series,Africa,Kenya,Wholesale,3,64047.0,21349.0
2023-05-09,2023,BMW M4,Europe,France,Online,4,57955.0,14488.75
2023-05-09,2023,BMW X4,South America,Colombia,Wholesale,2,117359.0,58679.5
2023-05-09,2023,BMW Z4,Asia,Thailand,Wholesale,1,39495.0,39495.0
2023-05-11,2023,BMW X2,North America,United States,Dealership,1,72836.0,72836.0
2023-05-11,2023,BMW 7 Series,South America,Chile,Wholesale,1,65455.0,65455.0
2023-05-11,2023,BMW M5,South America,Colombia,Wholesale,3,48898.0,16299.33
2023-05-11,2023,BMW X6,Africa,Egypt,Dealership,3,101571.0,33857.0
2023-05-11,2023,BMW X1,Europe,Spain,Dealership,1,112731.0,112731.0
2023-05-11,2023,BMW iX,Europe,Italy,Online,4,31132.0,7783.0
2023-05-13,2023,BMW X2,Asia,South Korea,Wholesale,2,114285.0,57142.5
2023-05-13,2023,BMW M2,Africa,Kenya,Online,2,77941.0,38970.5
2023-05-13,2023,BMW iX3,South America,Peru,Online,3,94813.0,31604.33
2023-05-13,2023,BMW X5,North America,United States,Online,5,95326.0,19065.2
2023-05-14,2023,BMW X1,Asia,China,Online,1,108243.0,108243.0
2023-05-14,2023,BMW X1,Asia,Thailand,Dealership,5,69288.0,13857.6
2023-05-15,2023,BMW 5 Series,Africa,Egypt,Dealership,3,78100.0,26033.33
2023-05-15,2023,BMW 3 Series,Asia,India,Dealership,2,93535.0,46767.5
2023-05-16,2023,BMW X6,Asia,South Korea,Wholesale,3,107702.0,35900.67
2023-05-16,2023,BMW M2,Africa,Nigeria,Wholesale,3,50760.0,16920.0
2023-05-16,2023,BMW 6 Series,Europe,Germany,Dealership,3,102934.0,34311.33
2023-05-16,2023,BMW X5,South America,Peru,Dealership,3,57005.0,19001.67
2023-05-17,2023,BMW i3,South America,Peru,Wholesale,2,90282.0,45141.0
2023-05-17,2023,BMW 4 Series,Europe,Italy,Online,1,52236.0,52236.0
2023-05-17,2023,BMW X6,North America,Canada,Wholesale,5,33280.0,6656.0
2023-05-18,2023,BMW X7,South America,Chile,Dealership,2,91971.0,45985.5
2023-05-18,2023,BMW 4 Series,Asia,Thailand,Online,3,53107.0,17702.33
2023-05-19,2023,BMW i4,North America,United States,Wholesale,3,83606.0,27868.67
2023-05-19,2023,BMW X1,Africa,Nigeria,Wholesale,3,89790.0,29930.0
2023-05-19,2023,BMW M3,Europe,United Kingdom,Dealership,4,38255.0,9563.75
2023-05-20,2023,BMW 6 Series,North America,United States,Online,4,87357.0,21839.25
2023-05-20,2023,BMW 1 Series,Asia,India,Dealership,1,98577.0,98577.0
2023-05-20,2023,BMW M8,Asia,South Korea,Dealership,4,117467.0,29366.75
2023-05-20,2023,BMW M4,South America,Argentina,Wholesale,5,37591.0,7518.2
2023-05-20,2023,BMW X4,Africa,Kenya,Wholesale,3,42992.0,14330.67
2023-05-20,2023,BMW X1,South America,Argentina,Dealership,2,57431.0,28715.5
2023-05-21,2023,BMW iX,Europe,Germany,Wholesale,4,94948.0,23737.0
2023-05-21,2023,BMW M4,Asia,India,Dealership,4,77782.0,19445.5
2023-05-21,2023,BMW X4,Asia,China,Wholesale,5,108348.0,21669.6
2023-05-21,2023,BMW 2 Series,Africa,Kenya,Online,2,58557.0,29278.5
2023-05-22,2023,BMW 1 Series,North America,Mexico,Wholesale,5,114661.0,22932.2
2023-05-22,2023,BMW X7,North America,United States,Dealership,5,93428.0,18685.6
2023-05-22,2023,BMW i4,Asia,Thailand,Online,3,52416.0,17472.0
2023-05-23,2023,BMW i3,Africa,Kenya,Dealership,3,41654.0,13884.67
2023-05-23,2023,BMW i4,South America,Brazil,Dealership,4,59018.0,14754.5
2023-05-24,2023,BMW 1 Series,South America,Argentina,Dealership,1,116708.0,116708.0
2023-05-24,2023,BMW 7 Series,Europe,United Kingdom,Online,4,53426.0,13356.5
2023-05-24,2023,BMW i8,South America,Argentina,Online,4,104583.0,26145.75
2023-05-24,2023,BMW M2,South America,Colombia,Wholesale,2,38689.0,19344.5
2023-05-25,2023,BMW X2,Europe,Spain,Dealership,5,102778.0,20555.6
2023-05-25,2023,BMW 1 Series,Africa,Nigeria,Online,1,88236.0,88236.0
2023-05-25,2023,BMW X6,Asia,Japan,Dealership,4,34808.0,8702.0
2023-05-26,2023,BMW 8 Series,Europe,Germany,Online,4,80106.0,20026.5
2023-05-26,2023,BMW 5 Series,Asia,China,Online,5,94399.0,18879.8
2023-05-27,2023,BMW X4,South America,Argentina,Wholesale,2,35778.0,17889.0
2023-05-27,2023,BMW 4 Series,Europe,Germany,Online,1,108886.0,108886.0
2023-05-27,2023,BMW M5,Asia,India,Online,3,78745.0,26248.33
2023-05-27,2023,BMW X3,South America,Argentina,Dealership,3,49465.0,16488.33
2023-05-27,2023,BMW X1,South America,Argentina,Dealership,2,109503.0,54751.5
2023-05-28,2023,BMW M4,Europe,France,Dealership,5,39629.0,7925.8
2023-05-28,2023,BMW 4 Series,Africa,Nigeria,Wholesale,2,103450.0,51725.0
2023-05-28,2023,BMW Z4,North America,Canada,Online,1,51307.0,51307.0
2023-05-30,2023,BMW M5,North America,Canada,Wholesale,4,53696.0,13424.0
2023-05-30,2023,BMW M5,Asia,China,Dealership,5,31363.0,6272.6
2023-05-31,2023,BMW 4 Series,South America,Argentina,Online,4,89417.0,22354.25
2023-06-01,2023,BMW 6 Series,Asia,Japan,Online,4,102024.0,25506.0
2023-06-01,2023,BMW X5,Europe,United Kingdom,Wholesale,5,105824.0,21164.8
2023-06-02,2023,BMW X2,Europe,United Kingdom,Wholesale,4,109671.0,27417.75
2023-06-02,2023,BMW 1 Series,Asia,South Korea,Wholesale,3,69125.0,23041.67
2023-06-03,2023,BMW 2 Series,South America,Chile,Wholesale,5,105073.0,21014.6
2023-06-03,2023,BMW X4,North America,Mexico,Online,2,83283.0,41641.5
2023-06-04,2023,BMW Z4,North America,Canada,Wholesale,3,107551.0,35850.33
2023-06-04,2023,BMW M4,Asia,South Korea,Online,2,52887.0,26443.5
2023-06-05,2023,BMW Z4,South America,Brazil,Online,1,67820.0,67820.0
2023-06-05,2023,BMW M4,Asia,Thailand,Dealership,2,119446.0,59723.0
2023-06-06,2023,BMW iX,Africa,Nigeria,Online,3,91429.0,30476.33
2023-06-06,2023,BMW i3,Europe,United Kingdom,Wholesale,5,51085.0,10217.0
2023-06-06,2023,BMW 5 Series,North America,United States,Wholesale,4,41231.0,10307.75
2023-06-06,2023,BMW iX,Europe,Germany,Wholesale,2,105439.0,52719.5
2023-06-06,2023,BMW i3,North America,Canada,Dealership,5,83441.0,16688.2
2023-06-06,2023,BMW i8,North America,Canada,Wholesale,1,96473.0,96473.0
2023-06-07,2023,BMW X1,Asia,Thailand,Dealership,3,36982.0,12327.33
2023-06-08,2023,BMW i3,South America,Colombia,Dealership,2,90874.0,45437.0
2023-06-08,2023,BMW i3,North America,Mexico,Online,3,67375.0,22458.33
2023-06-08,2023,BMW X6,Asia,Thailand,Online,1,87254.0,87254.0
2023-06-10,2023,BMW 1 Series,Europe,United Kingdom,Dealership,3,55178.0,18392.67
2023-06-10,2023,BMW i4,South America,Argentina,Online,4,110873.0,27718.25
2023-06-10,2023,BMW 4 Series,Africa,Kenya,Wholesale,2,36586.0,18293.0
2023-06-10,2023,BMW M5,South America,Peru,Online,3,42228.0,14076.0
2023-06-11,2023,BMW M8,North America,Mexico,Dealership,4,111069.0,27767.25
2023-06-11,2023,BMW 7 Series,Africa,Egypt,Online,3,110906.0,36968.67
2023-06-11,2023,BMW M8,North America,Mexico,Online,5,77042.0,15408.4
2023-06-12,2023,BMW 3 Series,North America,Mexico,Dealership,3,39795.0,13265.0
2023-06-12,2023,BMW M4,Europe,France,Dealership,4,116924.0,29231.0
2023-06-12,2023,BMW 4 Series,South America,Colombia,Wholesale,4,117030.0,29257.5
2023-06-13,2023,BMW 3 Series,South America,Peru,Online,1,89783.0,89783.0
2023-06-13,2023,BMW X4,North America,Canada,Online,2,83639.0,41819.5
2023-06-14,2023,BMW 6 Series,North America,Canada,Online,5,112368.0,22473.6
2023-06-14,2023,BMW X7,Asia,Japan,Dealership,1,72331.0,72331.0
2023-06-15,2023,BMW 3 Series,Africa,Egypt,Wholesale,3,72255.0,24085.0
2023-06-15,2023,BMW X1,Africa,Egypt,Wholesale,3,107665.0,35888.33
2023-06-15,2023,BMW 4 Series,South America,Brazil,Dealership,2,110314.0,55157.0
2023-06-16,2023,BMW 1 Series,Europe,France,Wholesale,5,35213.0,7042.6
2023-06-16,2023,BMW 4 Series,South America,Brazil,Online,4,35474.0,8868.5
2023-06-16,2023,BMW 4 Series,North America,United States,Dealership,3,103839.0,34613.0
2023-06-16,2023,BMW 3 Series,South America,Colombia,Online,1,34490.0,34490.0
2023-06-16,2023,BMW 5 Series,South America,Chile,Online,4,47813.0,11953.25
2023-06-17,2023,BMW X3,South America,Chile,Online,3,83651.0,27883.67
2023-06-17,2023,BMW i4,Africa,Egypt,Online,3,61051.0,20350.33
2023-06-17,2023,BMW Z4,Africa,Nigeria,Wholesale,2,87428.0,43714.0
2023-06-17,2023,BMW 1 Series,North America,Mexico,Dealership,4,102836.0,25709.0
2023-06-17,2023,BMW 8 Series,North America,Canada,Dealership,3,30721.0,10240.33
2023-06-18,2023,BMW X6,South America,Brazil,Dealership,4,35922.0,8980.5
2023-06-18,2023,BMW X3,Asia,Thailand,Wholesale,2,117638.0,58819.0
2023-06-19,2023,BMW M2,Africa,South Africa,Online,1,69355.0,69355.0
2023-06-19,2023,BMW 5 Series,Asia,Japan,Wholesale,2,81676.0,40838.0
2023-06-19,2023,BMW i3,Europe,Italy,Online,1,94213.0,94213.0
2023-06-20,2023,BMW 4 Series,Europe,Italy,Wholesale,2,39574.0,19787.0
2023-06-20,2023,BMW X2,Africa,Egypt,Online,1,50826.0,50826.0
2023-06-20,2023,BMW Z4,North America,Mexico,Online,5,99551.0,19910.2
2023-06-21,2023,BMW i4,North America,Canada,Dealership,4,102053.0,25513.25
2023-06-21,2023,BMW X2,Africa,Egypt,Dealership,1,52474.0,52474.0
2023-06-21,2023,BMW 2 Series,Africa,Kenya,Online,5,106629.0,21325.8
2023-06-22,2023,BMW X7,Asia,China,Wholesale,1,44870.0,44870.0
2023-06-22,2023,BMW 1 Series,South America,Colombia,Online,2,112628.0,56314.0
2023-06-23,2023,BMW X2,Africa,Kenya,Dealership,1,31665.0,31665.0
2023-06-23,2023,BMW M5,North America,Mexico,Dealership,2,74802.0,37401.0
2023-06-24,2023,BMW 2 Series,Asia,Japan,Dealership,5,35091.0,7018.2
2023-06-25,2023,BMW Z4,South America,Argentina,Online,1,61601.0,61601.0
2023-06-25,2023,BMW X2,Africa,Egypt,Dealership,1,96981.0,96981.0
2023-06-26,2023,BMW X5,North America,United States,Online,5,85505.0,17101.0
2023-06-26,2023,BMW i3,Africa,South Africa,Online,1,85155.0,85155.0
2023-06-26,2023,BMW X1,South America,Chile,Online,2,100921.0,50460.5
2023-06-26,2023,BMW X4,Asia,South Korea,Wholesale,3,45050.0,15016.67
2023-06-28,2023,BMW X7,Asia,India,Online,3,47718.0,15906.0
2023-06-28,2023,BMW Z4,Europe,Italy,Wholesale,2,119523.0,59761.5
2023-06-28,2023,BMW X5,Asia,Japan,Online,1,69587.0,69587.0
2023-06-29,2023,BMW 7 Series,Asia,China,Online,2,109397.0,54698.5
2023-06-29,2023,BMW iX,North America,Canada,Dealership,5,117389.0,23477.8
2023-06-30,2023,BMW X1,Asia,China,Dealership,2,102660.0,51330.0
2023-07-01,2023,BMW 1 Series,South America,Argentina,Wholesale,3,82703.0,27567.67
2023-07-02,2023,BMW 6 Series,Africa,Morocco,Wholesale,4,35678.0,8919.5
2023-07-02,2023,BMW Z4,North America,United States,Dealership,5,109756.0,21951.2
2023-07-03,2023,BMW X1,North America,Mexico,Wholesale,1,96025.0,96025.0
2023-07-04,2023,BMW 1 Series,South America,Peru,Online,2,119825.0,59912.5
2023-07-04,2023,BMW 4 Series,Africa,Egypt,Online,5,59230.0,11846.0
2023-07-04,2023,BMW i8,Asia,Japan,Dealership,3,105866.0,35288.67
2023-07-05,2023,BMW X2,Asia,South Korea,Online,1,32221.0,32221.0
2023-07-05,2023,BMW 7 Series,North America,Mexico,Wholesale,2,44862.0,22431.0
2023-07-06,2023,BMW X2,North America,Mexico,Online,1,50100.0,50100.0
2023-07-06,2023,BMW X6,Africa,Nigeria,Wholesale,2,36780.0,18390.0
2023-07-07,2023,BMW X7,Africa,Nigeria,Dealership,4,114170.0,28542.5
2023-07-07,2023,BMW i4,South America,Peru,Dealership,4,49650.0,12412.5
2023-07-07,2023,BMW 6 Series,North America,United States,Dealership,5,33399.0,6679.8
2023-07-07,2023,BMW M8,Asia,South Korea,Wholesale,2,77201.0,38600.5
2023-07-08,2023,BMW 1 Series,North America,United States,Online,5,48290.0,9658.0
2023-07-09,2023,BMW iX,South America,Argentina,Wholesale,1,97117.0,97117.0
2023-07-09,2023,BMW M4,North America,Mexico,Wholesale,5,84462.0,16892.4
2023-07-10,2023,BMW iX3,Asia,South Korea,Wholesale,4,78634.0,19658.5
2023-07-10,2023,BMW iX,South America,Chile,Dealership,2,117193.0,58596.5
2023-07-11,2023,BMW 7 Series,Africa,South Africa,Online,4,91720.0,22930.0
2023-07-11,2023,BMW X3,Asia,Japan,Wholesale,1,109215.0,109215.0
2023-07-11,2023,BMW X7,North America,United States,Online,3,51694.0,17231.33
2023-07-11,2023,BMW 4 Series,Europe,Italy,Dealership,5,106502.0,21300.4
2023-07-11,2023,BMW 4 Series,Asia,Japan,Wholesale,1,62976.0,62976.0
2023-07-12,2023,BMW 2 Series,Asia,Japan,Dealership,4,107903.0,26975.75
2023-07-12,2023,BMW i3,Europe,United Kingdom,Online,2,35725.0,17862.5
2023-07-12,2023,BMW X1,North America,United States,Wholesale,2,34793.0,17396.5
2023-07-13,2023,BMW i8,Asia,Japan,Wholesale,3,109951.0,36650.33
2023-07-13,2023,BMW 4 Series,South America,Brazil,Online,4,70499.0,17624.75
2023-07-13,2023,BMW M2,South America,Argentina,Wholesale,3,111229.0,37076.33
2023-07-13,2023,BMW i8,Africa,South Africa,Online,3,77351.0,25783.67
2023-07-14,2023,BMW 1 Series,Africa,Morocco,Online,3,59080.0,19693.33
2023-07-14,2023,BMW 3 Series,Europe,United Kingdom,Wholesale,2,117533.0,58766.5
2023-07-14,2023,BMW 4 Series,Africa,Morocco,Online,5,97278.0,19455.6
2023-07-15,2023,BMW Z4,Asia,India,Online,2,77440.0,38720.0
2023-07-15,2023,BMW M2,Asia,South Korea,Online,2,33216.0,16608.0
2023-07-16,2023,BMW 1 Series,North America,United States,Dealership,4,75321.0,18830.25
2023-07-16,2023,BMW 1 Series,South America,Colombia,Wholesale,4,61408.0,15352.0
2023-07-17,2023,BMW X5,Africa,Egypt,Online,5,63161.0,12632.2
2023-07-17,2023,BMW X4,Asia,India,Wholesale,1,75952.0,75952.0
2023-07-18,2023,BMW X5,Asia,India,Online,3,67924.0,22641.33
2023-07-18,2023,BMW iX,Europe,Spain,Dealership,3,32871.0,10957.0
2023-07-18,2023,BMW X6,Europe,Italy,Online,2,35044.0,17522.0
2023-07-19,2023,BMW 5 Series,Europe,Spain,Wholesale,3,66139.0,22046.33
2023-07-19,2023,BMW 7 Series,North America,Canada,Dealership,2,32422.0,16211.0
2023-07-19,2023,BMW X1,South America,Brazil,Online,2,93229.0,46614.5
2023-07-19,2023,BMW X5,South America,Brazil,Wholesale,5,88458.0,17691.6
2023-07-20,2023,BMW M8,Asia,Thailand,Wholesale,2,38629.0,19314.5
2023-07-21,2023,BMW 8 Series,South America,Colombia,Wholesale,4,32482.0,8120.5
2023-07-22,2023,BMW X4,Europe,United Kingdom,Wholesale,5,42785.0,8557.0
2023-07-22,2023,BMW Z4,Asia,Thailand,Wholesale,1,96105.0,96105.0
2023-07-22,2023,BMW 1 Series,Europe,France,Online,5,36066.0,7213.2
2023-07-22,2023,BMW iX,Asia,China,Online,1,87163.0,87163.0
2023-07-22,2023,BMW M2,Asia,India,Online,1,112966.0,112966.0
2023-07-23,2023,BMW X5,South America,Argentina,Dealership,5,94669.0,18933.8
2023-07-23,2023,BMW M4,Europe,Germany,Wholesale,2,54732.0,27366.0
2023-07-23,2023,BMW 7 Series,South America,Chile,Dealership,3,97967.0,32655.67
2023-07-24,2023,BMW 1 Series,South America,Colombia,Dealership,2,97557.0,48778.5
2023-07-24,2023,BMW 6 Series,Africa,Nigeria,Online,4,87822.0,21955.5
2023-07-25,2023,BMW M5,Asia,Thailand,Dealership,1,99969.0,99969.0
2023-07-25,2023,BMW iX,Asia,China,Online,4,107988.0,26997.0
2023-07-26,2023,BMW X1,Europe,Italy,Dealership,5,106400.0,21280.0
2023-07-26,2023,BMW M4,North America,United States,Wholesale,3,79094.0,26364.67
2023-07-26,2023,BMW 4 Series,South America,Peru,Dealership,1,94136.0,94136.0
2023-07-26,2023,BMW iX3,North America,Mexico,Wholesale,3,63655.0,21218.33
2023-07-27,2023,BMW 1 Series,Europe,Italy,Dealership,1,86786.0,86786.0
2023-07-27,2023,BMW iX3,North America,Canada,Online,4,80467.0,20116.75
2023-07-27,2023,BMW Z4,Asia,China,Dealership,1,49237.0,49237.0
2023-07-28,2023,BMW i8,Africa,Morocco,Dealership,3,40924.0,13641.33
2023-07-28,2023,BMW 6 Series,South America,Chile,Dealership,3,114509.0,38169.67
2023-07-28,2023,BMW M4,Africa,Nigeria,Dealership,4,73087.0,18271.75
2023-07-29,2023,BMW 8 Series,South America,Colombia,Online,5,87607.0,17521.4
2023-07-29,2023,BMW X1,North America,Canada,Wholesale,1,34122.0,34122.0
2023-07-29,2023,BMW X3,Africa,Nigeria,Online,3,58022.0,19340.67
2023-07-29,2023,BMW 5 Series,North America,United States,Online,3,35591.0,11863.67
2023-07-29,2023,BMW iX3,Africa,South Africa,Online,1,91957.0,91957.0
2023-07-29,2023,BMW X2,South America,Colombia,Wholesale,4,54881.0,13720.25
2023-07-30,2023,BMW 1 Series,North America,Mexico,Dealership,5,118148.0,23629.6
2023-07-30,2023,BMW X3,South America,Brazil,Online,3,66108.0,22036.0
2023-07-30,2023,BMW M5,North America,United States,Wholesale,5,111658.0,22331.6
2023-07-30,2023,BMW M4,Africa,Egypt,Dealership,2,72077.0,36038.5
2023-07-30,2023,BMW M2,Africa,Egypt,Dealership,1,73819.0,73819.0
2023-07-31,2023,BMW iX3,Europe,Spain,Dealership,2,73780.0,36890.0
2023-07-31,2023,BMW X7,Asia,India,Wholesale,3,65196.0,21732.0
2023-07-31,2023,BMW X5,South America,Brazil,Online,1,61742.0,61742.0
2023-07-31,2023,BMW Z4,Africa,South Africa,Online,4,65162.0,16290.5
2023-07-31,2023,BMW iX3,Europe,Germany,Dealership,2,62143.0,31071.5
2023-07-31,2023,BMW 7 Series,Europe,Germany,Wholesale,1,97147.0,97147.0
2023-08-01,2023,BMW X4,South America,Chile,Wholesale,5,119399.0,23879.8
2023-08-01,2023,BMW X5,Europe,United Kingdom,Dealership,1,42213.0,42213.0
2023-08-01,2023,BMW Z4,Africa,Egypt,Dealership,2,56951.0,28475.5
2023-08-01,2023,BMW i4,North America,Canada,Online,3,56823.0,18941.0
2023-08-02,2023,BMW M5,Europe,Germany,Dealership,1,58015.0,58015.0
2023-08-02,2023,BMW i4,South America,Colombia,Online,2,110573.0,55286.5
2023-08-03,2023,BMW 5 Series,Africa,Egypt,Dealership,2,92546.0,46273.0
2023-08-03,2023,BMW X7,Asia,China,Online,1,85920.0,85920.0
2023-08-04,2023,BMW M8,South America,Peru,Online,2,113554.0,56777.0
2023-08-04,2023,BMW X6,Europe,Spain,Dealership,1,104189.0,104189.0
2023-08-04,2023,BMW i4,South America,Peru,Online,3,95270.0,31756.67
2023-08-04,2023,BMW 8 Series,South America,Argentina,Dealership,1,46088.0,46088.0
2023-08-05,2023,BMW M4,Africa,Egypt,Online,1,30146.0,30146.0
2023-08-05,2023,BMW 4 Series,Africa,Nigeria,Wholesale,3,107286.0,35762.0
2023-08-05,2023,BMW 2 Series,Asia,South Korea,Wholesale,1,75797.0,75797.0
2023-08-06,2023,BMW X7,Europe,Germany,Online,5,40933.0,8186.6
2023-08-07,2023,BMW i3,Asia,South Korea,Online,2,98881.0,49440.5
2023-08-07,2023,BMW X5,Europe,Spain,Dealership,5,106990.0,21398.0
2023-08-07,2023,BMW 3 Series,Asia,Thailand,Online,5,73831.0,14766.2
2023-08-08,2023,BMW iX3,North America,Canada,Online,4,115187.0,28796.75
2023-08-08,2023,BMW i8,Africa,Nigeria,Online,1,70185.0,70185.0
2023-08-08,2023,BMW i4,South America,Chile,Wholesale,4,117163.0,29290.75
2023-08-08,2023,BMW 3 Series,North America,United States,Wholesale,5,97082.0,19416.4
2023-08-08,2023,BMW Z4,South America,Peru,Online,3,102571.0,34190.33
2023-08-09,2023,BMW 7 Series,Asia,South Korea,Online,3,115256.0,38418.67
2023-08-09,2023,BMW i8,Europe,Italy,Online,2,104528.0,52264.0
2023-08-09,2023,BMW X3,Asia,India,Online,4,86198.0,21549.5
2023-08-09,2023,BMW X7,Europe,United Kingdom,Dealership,4,86480.0,21620.0
2023-08-09,2023,BMW X4,South America,Peru,Online,1,80193.0,80193.0
2023-08-09,2023,BMW M5,Asia,Japan,Dealership,5,52074.0,10414.8
2023-08-10,2023,BMW 3 Series,Europe,France,Dealership,5,94120.0,18824.0
2023-08-10,2023,BMW i4,North America,United States,Online,3,30893.0,10297.67
2023-08-10,2023,BMW X7,Africa,South Africa,Wholesale,1,114076.0,114076.0
2023-08-10,2023,BMW X7,Africa,Morocco,Wholesale,2,106668.0,53334.0
2023-08-10,2023,BMW X4,South America,Argentina,Online,5,44866.0,8973.2
2023-08-11,2023,BMW X4,North America,Mexico,Wholesale,3,90843.0,30281.0
2023-08-11,2023,BMW iX3,South America,Colombia,Dealership,5,104674.0,20934.8
2023-08-11,2023,BMW 2 Series,North America,Mexico,Dealership,3,104992.0,34997.33
2023-08-11,2023,BMW X5,South America,Brazil,Wholesale,1,74390.0,74390.0
2023-08-11,2023,BMW i8,Africa,Egypt,Online,2,35378.0,17689.0
2023-08-12,2023,BMW 2 Series,Africa,Morocco,Online,5,100825.0,20165.0
2023-08-13,2023,BMW 1 Series,Europe,Italy,Dealership,2,84211.0,42105.5
2023-08-13,2023,BMW M2,Asia,Thailand,Wholesale,2,52105.0,26052.5
2023-08-14,2023,BMW 5 Series,Asia,Japan,Dealership,2,57663.0,28831.5
2023-08-14,2023,BMW X2,Africa,Kenya,Dealership,4,108961.0,27240.25
2023-08-14,2023,BMW M8,North America,Canada,Wholesale,1,54838.0,54838.0
2023-08-14,2023,BMW M2,Africa,Nigeria,Online,3,65319.0,21773.0
2023-08-14,2023,BMW 7 Series,North America,Canada,Online,5,30125.0,6025.0
2023-08-15,2023,BMW i4,Africa,Morocco,Dealership,5,80150.0,16030.0
2023-08-15,2023,BMW X2,Asia,South Korea,Dealership,3,70834.0,23611.33
2023-08-15,2023,BMW M4,South America,Argentina,Dealership,3,49517.0,16505.67
2023-08-15,2023,BMW M2,North America,Canada,Online,2,88028.0,44014.0
2023-08-15,2023,BMW 7 Series,Asia,Thailand,Dealership,2,54144.0,27072.0
2023-08-16,2023,BMW M8,Africa,Nigeria,Wholesale,4,64070.0,16017.5
2023-08-16,2023,BMW 2 Series,Asia,South Korea,Wholesale,3,72346.0,24115.33
2023-08-17,2023,BMW X3,Asia,South Korea,Wholesale,5,56490.0,11298.0
2023-08-17,2023,BMW i4,Africa,Egypt,Online,1,33608.0,33608.0
2023-08-17,2023,BMW 2 Series,Europe,Italy,Dealership,1,95827.0,95827.0
2023-08-17,2023,BMW Z4,Asia,China,Dealership,4,62206.0,15551.5
2023-08-18,2023,BMW M8,South America,Colombia,Wholesale,5,43627.0,8725.4
2023-08-18,2023,BMW 1 Series,South America,Brazil,Wholesale,1,90663.0,90663.0
2023-08-18,2023,BMW M3,South America,Colombia,Online,1,32566.0,32566.0
2023-08-19,2023,BMW i4,South America,Peru,Online,5,54312.0,10862.4
2023-08-19,2023,BMW X1,South America,Colombia,Online,5,78169.0,15633.8
2023-08-19,2023,BMW X1,Africa,Egypt,Online,2,63733.0,31866.5
2023-08-20,2023,BMW M3,Africa,Nigeria,Wholesale,1,64117.0,64117.0
2023-08-21,2023,BMW M4,Asia,South Korea,Online,1,68636.0,68636.0
2023-08-21,2023,BMW M3,Africa,Kenya,Dealership,4,76557.0,19139.25
2023-08-21,2023,BMW X4,North America,United States,Online,2,115898.0,57949.0
2023-08-21,2023,BMW iX,North America,United States,Wholesale,2,110429.0,55214.5
2023-08-21,2023,BMW M4,Asia,South Korea,Online,1,112203.0,112203.0
2023-08-21,2023,BMW 7 Series,North America,Mexico,Dealership,3,117862.0,39287.33
2023-08-21,2023,BMW M5,South America,Colombia,Online,3,85611.0,28537.0
2023-08-22,2023,BMW 6 Series,South America,Peru,Online,2,41537.0,20768.5
2023-08-22,2023,BMW M8,Europe,Spain,Online,1,119998.0,119998.0
2023-08-22,2023,BMW X5,South America,Argentina,Online,5,115621.0,23124.2
2023-08-23,2023,BMW X1,Asia,India,Wholesale,1,109783.0,109783.0
2023-08-23,2023,BMW X3,Africa,South Africa,Wholesale,1,57003.0,57003.0
2023-08-24,2023,BMW 4 Series,Asia,India,Dealership,4,49654.0,12413.5
2023-08-25,2023,BMW M8,Europe,United Kingdom,Wholesale,3,69974.0,23324.67
2023-08-26,2023,BMW Z4,Asia,India,Wholesale,4,54807.0,13701.75
2023-08-26,2023,BMW 4 Series,North America,Canada,Dealership,1,54544.0,54544.0
2023-08-26,2023,BMW 6 Series,Africa,South Africa,Wholesale,1,62691.0,62691.0
2023-08-26,2023,BMW 1 Series,Asia,Japan,Dealership,2,57608.0,28804.0
2023-08-27,2023,BMW X4,Europe,France,Dealership,1,96382.0,96382.0
2023-08-27,2023,BMW i8,Africa,Egypt,Dealership,5,36356.0,7271.2
2023-08-27,2023,BMW M3,Europe,United Kingdom,Wholesale,2,91396.0,45698.0
2023-08-27,2023,BMW M2,South America,Brazil,Online,3,43348.0,14449.33
2023-08-28,2023,BMW X2,Europe,United Kingdom,Dealership,2,85614.0,42807.0
2023-08-29,2023,BMW 8 Series,Asia,India,Online,3,96250.0,32083.33
2023-08-29,2023,BMW X5,Europe,Germany,Wholesale,4,69585.0,17396.25
2023-08-29,2023,BMW X1,Europe,Spain,Online,1,115293.0,115293.0
2023-08-29,2023,BMW M4,Africa,South Africa,Wholesale,5,60178.0,12035.6
2023-08-30,2023,BMW 1 Series,Africa,Kenya,Dealership,3,83948.0,27982.67
2023-08-30,2023,BMW X2,Africa,Nigeria,Wholesale,5,91472.0,18294.4
2023-09-01,2023,BMW 3 Series,Asia,India,Online,1,119410.0,119410.0
2023-09-01,2023,BMW M5,Asia,Thailand,Wholesale,3,101445.0,33815.0
2023-09-02,2023,BMW M5,Africa,Nigeria,Dealership,2,69583.0,34791.5
2023-09-02,2023,BMW i8,South America,Peru,Online,5,118961.0,23792.2
2023-09-02,2023,BMW i4,Asia,South Korea,Wholesale,4,86045.0,21511.25
2023-09-03,2023,BMW 1 Series,Europe,Germany,Wholesale,4,49565.0,12391.25
2023-09-04,2023,BMW 6 Series,South America,Argentina,Online,4,43795.0,10948.75
2023-09-04,2023,BMW X3,North America,United States,Wholesale,1,99741.0,99741.0
2023-09-04,2023,BMW 3 Series,Africa,Egypt,Wholesale,1,59152.0,59152.0
2023-09-04,2023,BMW 3 Series,Africa,Kenya,Dealership,1,80555.0,80555.0
2023-09-04,2023,BMW X6,Africa,Egypt,Dealership,5,47301.0,9460.2
2023-09-05,2023,BMW 1 Series,North America,Canada,Online,4,72585.0,18146.25
2023-09-05,2023,BMW M2,South America,Peru,Dealership,2,43091.0,21545.5
2023-09-05,2023,BMW i4,Africa,Nigeria,Wholesale,1,57702.0,57702.0
2023-09-06,2023,BMW X6,Europe,Italy,Wholesale,4,62544.0,15636.0
2023-09-06,2023,BMW M3,Africa,Kenya,Dealership,4,106572.0,26643.0
2023-09-06,2023,BMW 2 Series,North America,United States,Dealership,1,37826.0,37826.0
2023-09-07,2023,BMW 3 Series,South America,Brazil,Wholesale,1,89595.0,89595.0
2023-09-08,2023,BMW X1,Africa,Kenya,Dealership,4,86310.0,21577.5
2023-09-09,2023,BMW 1 Series,Africa,Nigeria,Wholesale,5,95550.0,19110.0
2023-09-09,2023,BMW 1 Series,Europe,Germany,Dealership,4,72861.0,18215.25
2023-09-10,2023,BMW X2,South America,Brazil,Online,2,88676.0,44338.0
2023-09-10,2023,BMW X3,Europe,France,Online,3,47565.0,15855.0
2023-09-11,2023,BMW M2,South America,Argentina,Wholesale,4,32912.0,8228.0
2023-09-11,2023,BMW 4 Series,Africa,Morocco,Online,5,42675.0,8535.0
2023-09-11,2023,BMW i3,Asia,India,Wholesale,3,56999.0,18999.67
2023-09-11,2023,BMW i4,Europe,United Kingdom,Online,1,107904.0,107904.0
2023-09-11,2023,BMW X2,South America,Colombia,Online,2,72423.0,36211.5
2023-09-12,2023,BMW i3,North America,United States,Dealership,1,88859.0,88859.0
2023-09-12,2023,BMW Z4,North America,Mexico,Online,4,52604.0,13151.0
2023-09-13,2023,BMW X6,South America,Chile,Online,2,71132.0,35566.0
2023-09-13,2023,BMW 1 Series,South America,Colombia,Wholesale,1,103072.0,103072.0
2023-09-14,2023,BMW X3,Africa,Nigeria,Online,2,55960.0,27980.0
2023-09-14,2023,BMW 2 Series,South America,Colombia,Dealership,4,78352.0,19588.0
2023-09-14,2023,BMW X4,North America,Canada,Dealership,1,117798.0,117798.0
2023-09-14,2023,BMW 3 Series,South America,Colombia,Wholesale,4,72674.0,18168.5
2023-09-15,2023,BMW Z4,North America,Mexico,Wholesale,3,64684.0,21561.33
2023-09-15,2023,BMW Z4,Africa,Nigeria,Wholesale,5,32808.0,6561.6
2023-09-15,2023,BMW M3,Asia,Thailand,Wholesale,4,77025.0,19256.25
2023-09-15,2023,BMW 2 Series,Africa,Egypt,Online,1,42540.0,42540.0
2023-09-15,2023,BMW X3,Africa,Morocco,Wholesale,4,49089.0,12272.25
2023-09-16,2023,BMW X2,Africa,Nigeria,Wholesale,2,119971.0,59985.5
2023-09-16,2023,BMW 4 Series,Asia,Japan,Wholesale,1,113940.0,113940.0
2023-09-17,2023,BMW 3 Series,South America,Argentina,Dealership,4,46719.0,11679.75
2023-09-17,2023,BMW M4,Africa,Nigeria,Wholesale,2,110587.0,55293.5
2023-09-17,2023,BMW iX,North America,United States,Wholesale,5,101386.0,20277.2
2023-09-17,2023,BMW X6,Africa,Egypt,Dealership,1,40518.0,40518.0
2023-09-18,2023,BMW 4 Series,Europe,Italy,Wholesale,3,46550.0,15516.67
2023-09-18,2023,BMW 8 Series,South America,Brazil,Online,4,58562.0,14640.5
2023-09-19,2023,BMW i3,Asia,China,Dealership,5,91745.0,18349.0
2023-09-19,2023,BMW X4,Europe,Germany,Wholesale,2,98637.0,49318.5
2023-09-21,2023,BMW i3,Africa,South Africa,Online,4,65763.0,16440.75
2023-09-21,2023,BMW X1,North America,Mexico,Online,1,67487.0,67487.0
2023-09-21,2023,BMW M4,North America,Canada,Online,1,71534.0,71534.0
2023-09-21,2023,BMW X3,South America,Brazil,Dealership,4,102454.0,25613.5
2023-09-21,2023,BMW M2,Asia,India,Wholesale,1,89529.0,89529.0
2023-09-22,2023,BMW M5,Africa,South Africa,Wholesale,2,100325.0,50162.5
2023-09-22,2023,BMW M4,South America,Brazil,Dealership,5,115061.0,23012.2
2023-09-22,2023,BMW X6,Asia,Japan,Dealership,1,52849.0,52849.0
2023-09-22,2023,BMW X5,North America,Mexico,Online,4,112424.0,28106.0
2023-09-22,2023,BMW i3,South America,Colombia,Online,4,84716.0,21179.0
2023-09-22,2023,BMW X7,Europe,France,Online,5,78640.0,15728.0
2023-09-22,2023,BMW 5 Series,Asia,South Korea,Dealership,2,47077.0,23538.5
2023-09-22,2023,BMW M4,Asia,China,Online,4,111596.0,27899.0
2023-09-23,2023,BMW 1 Series,Africa,Egypt,Dealership,2,54717.0,27358.5
2023-09-24,2023,BMW X3,North America,United States,Dealership,3,77405.0,25801.67
2023-09-24,2023,BMW 5 Series,North America,Mexico,Wholesale,5,73898.0,14779.6
2023-09-24,2023,BMW M5,Europe,Germany,Wholesale,4,72240.0,18060.0
2023-09-25,2023,BMW M5,Africa,Nigeria,Online,2,88775.0,44387.5
2023-09-25,2023,BMW iX,North America,Canada,Wholesale,2,43194.0,21597.0
2023-09-26,2023,BMW i8,South America,Brazil,Dealership,5,60639.0,12127.8
2023-09-26,2023,BMW X7,South America,Argentina,Online,1,48007.0,48007.0
2023-09-27,2023,BMW 4 Series,North America,Mexico,Wholesale,5,64734.0,12946.8
2023-09-27,2023,BMW M5,South America,Brazil,Dealership,1,115544.0,115544.0
2023-09-27,2023,BMW 5 Series,Europe,France,Dealership,2,106000.0,53000.0
2023-09-28,2023,BMW X2,Asia,China,Wholesale,4,107678.0,26919.5
2023-09-29,2023,BMW M8,South America,Chile,Online,1,101616.0,101616.0
2023-09-30,2023,BMW 4 Series,Europe,United Kingdom,Wholesale,2,67165.0,33582.5
2023-09-30,2023,BMW 2 Series,North America,United States,Dealership,4,66801.0,16700.25
2023-09-30,2023,BMW i8,Europe,United Kingdom,Online,4,51487.0,12871.75
2023-10-01,2023,BMW X3,Asia,South Korea,Online,1,71001.0,71001.0
2023-10-01,2023,BMW X4,North America,Canada,Online,4,60956.0,15239.0
2023-10-02,2023,BMW i8,North America,Canada,Wholesale,1,33856.0,33856.0
2023-10-02,2023,BMW X4,Europe,France,Wholesale,1,37965.0,37965.0
2023-10-03,2023,BMW 7 Series,Africa,Egypt,Online,5,60158.0,12031.6
2023-10-03,2023,BMW 8 Series,South America,Brazil,Online,1,91826.0,91826.0
2023-10-04,2023,BMW X6,Europe,United Kingdom,Online,2,102173.0,51086.5
2023-10-04,2023,BMW i4,Europe,Germany,Online,4,90861.0,22715.25
2023-10-04,2023,BMW M8,Europe,United Kingdom,Dealership,3,85652.0,28550.67
2023-10-04,2023,BMW i8,South America,Chile,Online,2,48186.0,24093.0
2023-10-04,2023,BMW 5 Series,Europe,Italy,Online,3,57535.0,19178.33
2023-10-05,2023,BMW X3,North America,United States,Online,1,103855.0,103855.0
2023-10-05,2023,BMW i3,South America,Colombia,Online,4,59030.0,14757.5
2023-10-06,2023,BMW iX3,North America,United States,Dealership,5,112305.0,22461.0
2023-10-06,2023,BMW i8,North America,United States,Dealership,2,96186.0,48093.0
2023-10-06,2023,BMW i3,Africa,Egypt,Wholesale,3,57048.0,19016.0
2023-10-06,2023,BMW X2,North America,United States,Wholesale,3,33657.0,11219.0
2023-10-06,2023,BMW X2,Europe,France,Online,3,72459.0,24153.0
2023-10-06,2023,BMW 3 Series,South America,Colombia,Wholesale,2,54541.0,27270.5
2023-10-07,2023,BMW M3,North America,Mexico,Dealership,1,61188.0,61188.0
2023-10-07,2023,BMW X1,South America,Colombia,Wholesale,4,33543.0,8385.75
2023-10-07,2023,BMW X2,Africa,Kenya,Wholesale,3,57559.0,19186.33
2023-10-08,2023,BMW 1 Series,Asia,India,Wholesale,2,43292.0,21646.0
2023-10-08,2023,BMW M4,South America,Peru,Online,3,44332.0,14777.33
2023-10-09,2023,BMW 5 Series,Asia,China,Wholesale,3,41612.0,13870.67
2023-10-09,2023,BMW i8,Africa,Kenya,Online,2,97958.0,48979.0
2023-10-09,2023,BMW M5,Europe,Spain,Wholesale,5,82872.0,16574.4
2023-10-10,2023,BMW M3,South America,Brazil,Wholesale,3,45963.0,15321.0
2023-10-10,2023,BMW 6 Series,Europe,United Kingdom,Dealership,4,56011.0,14002.75
2023-10-11,2023,BMW X1,Africa,Nigeria,Wholesale,2,60741.0,30370.5
2023-10-11,2023,BMW X6,Africa,South Africa,Dealership,2,50997.0,25498.5
2023-10-11,2023,BMW X6,North America,Canada,Dealership,5,38164.0,7632.8
2023-10-12,2023,BMW iX,South America,Chile,Dealership,3,94702.0,31567.33
2023-10-12,2023,BMW M3,Europe,United Kingdom,Wholesale,4,99560.0,24890.0
2023-10-13,2023,BMW X2,Europe,Germany,Online,1,100908.0,100908.0
2023-10-14,2023,BMW X3,South America,Colombia,Wholesale,4,93092.0,23273.0
2023-10-14,2023,BMW i3,Africa,South Africa,Online,4,116884.0,29221.0
2023-10-14,2023,BMW 4 Series,Europe,Italy,Wholesale,4,114698.0,28674.5
2023-10-15,2023,BMW iX3,Asia,Japan,Dealership,4,45977.0,11494.25
2023-10-16,2023,BMW X3,North America,Mexico,Dealership,3,104279.0,34759.67
2023-10-17,2023,BMW i4,Asia,India,Online,4,70213.0,17553.25
2023-10-17,2023,BMW X5,South America,Brazil,Wholesale,2,32500.0,16250.0
2023-10-18,2023,BMW Z4,South America,Colombia,Dealership,3,84235.0,28078.33
2023-10-18,2023,BMW 7 Series,North America,Mexico,Dealership,2,73315.0,36657.5
2023-10-18,2023,BMW Z4,North America,Canada,Dealership,4,80808.0,20202.0
2023-10-18,2023,BMW M5,South America,Colombia,Online,2,113026.0,56513.0
2023-10-19,2023,BMW X1,Africa,Egypt,Dealership,1,35433.0,35433.0
2023-10-19,2023,BMW M8,Asia,South Korea,Wholesale,4,71371.0,17842.75
2023-10-19,2023,BMW Z4,South America,Argentina,Dealership,2,81025.0,40512.5
2023-10-20,2023,BMW M5,Africa,Egypt,Online,2,70452.0,35226.0
2023-10-20,2023,BMW 6 Series,Europe,France,Dealership,3,106177.0,35392.33
2023-10-20,2023,BMW 5 Series,South America,Brazil,Online,3,78731.0,26243.67
2023-10-22,2023,BMW i4,Africa,Morocco,Online,1,39837.0,39837.0
2023-10-22,2023,BMW M5,Asia,South Korea,Dealership,5,104922.0,20984.4
2023-10-22,2023,BMW M3,Africa,Kenya,Wholesale,5,109602.0,21920.4
2023-10-22,2023,BMW iX3,Africa,Kenya,Online,5,76404.0,15280.8
2023-10-23,2023,BMW i3,Africa,South Africa,Wholesale,1,61174.0,61174.0
2023-10-24,2023,BMW X2,Asia,China,Wholesale,4,86068.0,21517.0
2023-10-24,2023,BMW X7,Asia,Thailand,Online,5,35877.0,7175.4
2023-10-25,2023,BMW i3,Asia,Japan,Dealership,2,52584.0,26292.0
2023-10-25,2023,BMW X5,Asia,Japan,Wholesale,4,112680.0,28170.0
2023-10-25,2023,BMW iX,Africa,Morocco,Wholesale,5,61076.0,12215.2
2023-10-25,2023,BMW iX,Asia,Thailand,Online,2,116328.0,58164.0
2023-10-26,2023,BMW X1,Europe,France,Dealership,3,72523.0,24174.33
2023-10-26,2023,BMW X4,Europe,Germany,Wholesale,1,80375.0,80375.0
2023-10-27,2023,BMW 7 Series,Asia,South Korea,Online,5,82158.0,16431.6
2023-10-28,2023,BMW X2,North America,United States,Online,1,73861.0,73861.0
2023-10-29,2023,BMW X6,Africa,Nigeria,Online,2,59018.0,29509.0
2023-10-30,2023,BMW M4,Europe,Spain,Dealership,2,52761.0,26380.5
2023-10-30,2023,BMW X2,Europe,Spain,Dealership,1,83830.0,83830.0
2023-10-30,2023,BMW 8 Series,North America,Mexico,Online,1,34698.0,34698.0
2023-10-30,2023,BMW X3,South America,Colombia,Online,2,108084.0,54042.0
2023-11-01,2023,BMW M4,Europe,United Kingdom,Wholesale,1,103375.0,103375.0
2023-11-01,2023,BMW Z4,South America,Chile,Wholesale,5,45419.0,9083.8
2023-11-01,2023,BMW M4,South America,Brazil,Online,5,109606.0,21921.2
2023-11-02,2023,BMW X6,Europe,Italy,Wholesale,1,113391.0,113391.0
2023-11-02,2023,BMW 6 Series,South America,Argentina,Wholesale,4,60932.0,15233.0
2023-11-02,2023,BMW X3,South America,Brazil,Dealership,1,47414.0,47414.0
2023-11-02,2023,BMW X2,Africa,Egypt,Dealership,3,55274.0,18424.67
2023-11-02,2023,BMW 7 Series,Asia,China,Online,4,60267.0,15066.75
2023-11-03,2023,BMW M8,Africa,Kenya,Wholesale,5,37017.0,7403.4
2023-11-03,2023,BMW 4 Series,Africa,South Africa,Online,5,113176.0,22635.2
2023-11-03,2023,BMW X5,Asia,Japan,Online,5,117231.0,23446.2
2023-11-03,2023,BMW M4,Africa,Kenya,Online,3,114008.0,38002.67
2023-11-05,2023,BMW X6,North America,Mexico,Online,3,47958.0,15986.0
2023-11-05,2023,BMW i3,Asia,China,Wholesale,2,115184.0,57592.0
2023-11-06,2023,BMW 3 Series,Africa,Morocco,Wholesale,1,37636.0,37636.0
2023-11-06,2023,BMW i3,Europe,Spain,Online,4,64558.0,16139.5
2023-11-06,2023,BMW X7,Asia,South Korea,Online,4,85120.0,21280.0
2023-11-06,2023,BMW X1,Europe,France,Dealership,5,38715.0,7743.0
2023-11-07,2023,BMW 2 Series,South America,Colombia,Online,4,32703.0,8175.75
2023-11-07,2023,BMW i4,Asia,India,Dealership,4,102578.0,25644.5
2023-11-07,2023,BMW i4,Europe,Spain,Dealership,4,70905.0,17726.25
2023-11-07,2023,BMW X5,Europe,United Kingdom,Online,2,35702.0,17851.0
2023-11-07,2023,BMW M2,Africa,Nigeria,Dealership,1,89179.0,89179.0
2023-11-07,2023,BMW X6,Asia,India,Wholesale,1,115873.0,115873.0
2023-11-08,2023,BMW X3,Africa,South Africa,Wholesale,4,42444.0,10611.0
2023-11-08,2023,BMW X5,Africa,Kenya,Dealership,1,87203.0,87203.0
2023-11-08,2023,BMW X1,Africa,Morocco,Wholesale,1,58355.0,58355.0
2023-11-09,2023,BMW M2,Europe,Germany,Dealership,2,96376.0,48188.0
2023-11-09,2023,BMW X3,North America,United States,Dealership,5,86360.0,17272.0
2023-11-10,2023,BMW X5,Europe,France,Online,4,44482.0,11120.5
2023-11-11,2023,BMW X1,South America,Chile,Online,1,101708.0,101708.0
2023-11-11,2023,BMW 4 Series,South America,Argentina,Online,5,92845.0,18569.0
2023-11-12,2023,BMW 7 Series,Europe,Germany,Online,3,106230.0,35410.0
2023-11-12,2023,BMW i4,Europe,France,Wholesale,5,119461.0,23892.2
2023-11-12,2023,BMW M5,North America,Canada,Dealership,2,62337.0,31168.5
2023-11-12,2023,BMW iX3,Europe,Germany,Dealership,5,38738.0,7747.6
2023-11-12,2023,BMW 6 Series,Africa,Nigeria,Online,4,34714.0,8678.5
2023-11-13,2023,BMW M2,South America,Peru,Online,4,101123.0,25280.75
2023-11-14,2023,BMW M5,North America,United States,Online,3,62286.0,20762.0
2023-11-14,2023,BMW 3 Series,Africa,Kenya,Online,1,89053.0,89053.0
2023-11-15,2023,BMW M8,Europe,Spain,Online,5,42129.0,8425.8
2023-11-15,2023,BMW X7,Europe,United Kingdom,Dealership,3,42366.0,14122.0
2023-11-17,2023,BMW M5,Europe,Italy,Wholesale,2,45151.0,22575.5
2023-11-17,2023,BMW 2 Series,North America,United States,Wholesale,1,45689.0,45689.0
2023-11-17,2023,BMW 8 Series,North America,United States,Online,4,115184.0,28796.0
2023-11-17,2023,BMW 8 Series,Europe,Italy,Online,4,59698.0,14924.5
2023-11-17,2023,BMW i8,North America,Canada,Online,1,101713.0,101713.0
2023-11-18,2023,BMW 5 Series,Africa,South Africa,Wholesale,2,74378.0,37189.0
2023-11-18,2023,BMW M5,Asia,South Korea,Online,1,112071.0,112071.0
2023-11-19,2023,BMW i8,South America,Peru,Dealership,2,87773.0,43886.5
2023-11-19,2023,BMW iX,Africa,Nigeria,Wholesale,4,43499.0,10874.75
2023-11-20,2023,BMW M2,Asia,China,Dealership,1,112273.0,112273.0
2023-11-20,2023,BMW i8,Europe,Italy,Online,1,89327.0,89327.0
2023-11-20,2023,BMW i4,Europe,Germany,Dealership,5,112456.0,22491.2
2023-11-21,2023,BMW M8,Europe,Spain,Online,1,119792.0,119792.0
2023-11-21,2023,BMW M4,South America,Colombia,Online,2,112209.0,56104.5
2023-11-22,2023,BMW 2 Series,South America,Chile,Wholesale,4,60706.0,15176.5
2023-11-22,2023,BMW iX,Africa,Nigeria,Wholesale,3,40515.0,13505.0
2023-11-23,2023,BMW i8,Africa,Nigeria,Dealership,3,102822.0,34274.0
2023-11-23,2023,BMW 6 Series,Africa,South Africa,Wholesale,1,37739.0,37739.0
2023-11-23,2023,BMW M5,Europe,France,Wholesale,2,31891.0,15945.5
2023-11-23,2023,BMW Z4,Asia,Thailand,Wholesale,3,43730.0,14576.67
2023-11-24,2023,BMW X5,Asia,South Korea,Dealership,4,104675.0,26168.75
2023-11-25,2023,BMW iX3,Europe,United Kingdom,Online,5,104165.0,20833.0
2023-11-25,2023,BMW X5,North America,United States,Dealership,5,104900.0,20980.0
2023-11-25,2023,BMW 7 Series,Asia,China,Online,3,63117.0,21039.0
2023-11-25,2023,BMW 6 Series,North America,Mexico,Online,1,68036.0,68036.0
2023-11-26,2023,BMW M2,North America,Mexico,Dealership,1,46385.0,46385.0
2023-11-27,2023,BMW 6 Series,Africa,Morocco,Dealership,4,86369.0,21592.25
2023-11-27,2023,BMW X5,South America,Brazil,Dealership,5,73375.0,14675.0
2023-11-28,2023,BMW Z4,Africa,South Africa,Online,5,78181.0,15636.2
2023-11-28,2023,BMW 6 Series,North America,Mexico,Dealership,4,94986.0,23746.5
2023-11-29,2023,BMW X7,South America,Peru,Online,3,45055.0,15018.33
2023-11-29,2023,BMW 3 Series,Europe,United Kingdom,Dealership,4,55257.0,13814.25
2023-11-30,2023,BMW M8,Africa,Nigeria,Wholesale,2,79229.0,39614.5
2023-11-30,2023,BMW X1,North America,Mexico,Dealership,2,81965.0,40982.5
2023-11-30,2023,BMW iX,Europe,United Kingdom,Wholesale,1,88274.0,88274.0
2023-11-30,2023,BMW X7,Africa,Morocco,Wholesale,5,34186.0,6837.2
2023-12-01,2023,BMW X3,Asia,South Korea,Dealership,1,46685.0,46685.0
2023-12-01,2023,BMW M4,South America,Peru,Wholesale,5,117051.0,23410.2
2023-12-01,2023,BMW M4,South America,Brazil,Dealership,5,106992.0,21398.4
2023-12-01,2023,BMW i4,South America,Peru,Dealership,4,76215.0,19053.75
2023-12-02,2023,BMW M3,Asia,South Korea,Dealership,2,54599.0,27299.5
2023-12-02,2023,BMW X7,North America,United States,Online,3,44059.0,14686.33
2023-12-02,2023,BMW X3,Asia,Thailand,Dealership,4,31611.0,7902.75
2023-12-03,2023,BMW X4,North America,United States,Wholesale,4,44450.0,11112.5
2023-12-03,2023,BMW 6 Series,Asia,South Korea,Wholesale,5,37202.0,7440.4
2023-12-03,2023,BMW iX3,Europe,Spain,Wholesale,3,95524.0,31841.33
2023-12-04,2023,BMW 1 Series,Asia,Thailand,Online,3,117017.0,39005.67
2023-12-04,2023,BMW M4,North America,United States,Online,2,46410.0,23205.0
2023-12-04,2023,BMW 7 Series,Europe,Italy,Wholesale,3,92453.0,30817.67
2023-12-04,2023,BMW M4,North America,Mexico,Wholesale,5,76875.0,15375.0
2023-12-05,2023,BMW M3,North America,Canada,Wholesale,3,74739.0,24913.0
2023-12-06,2023,BMW i3,Asia,South Korea,Wholesale,3,81955.0,27318.33
2023-12-06,2023,BMW X6,South America,Peru,Dealership,4,45201.0,11300.25
2023-12-07,2023,BMW 7 Series,Asia,Thailand,Dealership,3,94583.0,31527.67
2023-12-07,2023,BMW i4,Africa,South Africa,Online,3,37882.0,12627.33
2023-12-07,2023,BMW X1,North America,Canada,Dealership,2,113668.0,56834.0
2023-12-07,2023,BMW M4,Africa,Egypt,Wholesale,3,36733.0,12244.33
2023-12-07,2023,BMW X4,Africa,Nigeria,Dealership,4,80411.0,20102.75
2023-12-07,2023,BMW 8 Series,North America,Canada,Wholesale,4,109787.0,27446.75
2023-12-09,2023,BMW X1,South America,Brazil,Online,1,74233.0,74233.0
2023-12-09,2023,BMW X3,Africa,South Africa,Wholesale,2,93862.0,46931.0
2023-12-09,2023,BMW i3,Asia,South Korea,Online,5,80382.0,16076.4
2023-12-10,2023,BMW 8 Series,North America,Mexico,Online,5,80736.0,16147.2
2023-12-10,2023,BMW M8,Africa,South Africa,Online,3,109720.0,36573.33
2023-12-10,2023,BMW iX,Europe,France,Online,2,94501.0,47250.5
2023-12-10,2023,BMW 2 Series,Africa,Nigeria,Wholesale,5,88952.0,17790.4
2023-12-11,2023,BMW M3,North America,Mexico,Dealership,4,99396.0,24849.0
2023-12-11,2023,BMW M8,Africa,South Africa,Online,2,89416.0,44708.0
2023-12-12,2023,BMW i3,Africa,Egypt,Wholesale,2,111292.0,55646.0
2023-12-12,2023,BMW i8,South America,Argentina,Dealership,3,58987.0,19662.33
2023-12-12,2023,BMW M2,North America,United States,Dealership,2,113583.0,56791.5
2023-12-12,2023,BMW Z4,Europe,United Kingdom,Online,2,93996.0,46998.0
2023-12-13,2023,BMW iX3,Asia,South Korea,Online,1,55973.0,55973.0
2023-12-13,2023,BMW M3,South America,Brazil,Wholesale,3,105858.0,35286.0
2023-12-14,2023,BMW i4,Asia,India,Dealership,2,51483.0,25741.5
2023-12-14,2023,BMW M4,South America,Colombia,Online,2,97803.0,48901.5
2023-12-14,2023,BMW M4,North America,Mexico,Wholesale,1,49941.0,49941.0
2023-12-15,2023,BMW 5 Series,South America,Peru,Dealership,1,80734.0,80734.0
2023-12-15,2023,BMW X5,South America,Peru,Online,1,87210.0,87210.0
2023-12-15,2023,BMW M4,Africa,Kenya,Wholesale,2,95795.0,47897.5
2023-12-15,2023,BMW iX3,Asia,China,Online,4,85891.0,21472.75
2023-12-15,2023,BMW X3,Europe,Spain,Online,1,74221.0,74221.0
2023-12-15,2023,BMW M2,North America,Mexico,Dealership,3,88602.0,29534.0
2023-12-16,2023,BMW M8,Europe,Italy,Online,5,47658.0,9531.6
2023-12-16,2023,BMW i8,Asia,South Korea,Online,4,63135.0,15783.75
2023-12-16,2023,BMW M2,Africa,South Africa,Online,4,62227.0,15556.75
2023-12-16,2023,BMW 6 Series,South America,Chile,Online,3,100185.0,33395.0
2023-12-17,2023,BMW i8,South America,Chile,Dealership,4,83702.0,20925.5
2023-12-17,2023,BMW M8,Asia,Japan,Online,3,56507.0,18835.67
2023-12-17,2023,BMW iX,Asia,South Korea,Wholesale,2,54440.0,27220.0
2023-12-17,2023,BMW 8 Series,North America,Canada,Online,5,91635.0,18327.0
2023-12-17,2023,BMW 2 Series,Africa,Nigeria,Online,5,46827.0,9365.4
2023-12-18,2023,BMW i8,Africa,Morocco,Online,3,77576.0,25858.67
2023-12-18,2023,BMW X2,South America,Peru,Online,3,46551.0,15517.0
2023-12-19,2023,BMW 4 Series,North America,United States,Dealership,5,42167.0,8433.4
2023-12-19,2023,BMW i3,North America,United States,Dealership,3,56250.0,18750.0
2023-12-19,2023,BMW iX3,Africa,Kenya,Wholesale,2,55931.0,27965.5
2023-12-19,2023,BMW i4,Europe,Italy,Wholesale,3,115839.0,38613.0
2023-12-20,2023,BMW 1 Series,North America,United States,Dealership,2,78554.0,39277.0
2023-12-20,2023,BMW i4,Africa,Nigeria,Online,2,62229.0,31114.5
2023-12-20,2023,BMW Z4,Africa,Egypt,Dealership,5,113844.0,22768.8
2023-12-21,2023,BMW 1 Series,Africa,Egypt,Dealership,3,46683.0,15561.0
2023-12-21,2023,BMW X3,North America,United States,Dealership,2,55146.0,27573.0
2023-12-22,2023,BMW X2,Africa,South Africa,Wholesale,1,117181.0,117181.0
2023-12-22,2023,BMW 6 Series,Africa,Nigeria,Dealership,5,94202.0,18840.4
2023-12-23,2023,BMW 8 Series,South America,Argentina,Dealership,3,91314.0,30438.0
2023-12-23,2023,BMW 5 Series,Africa,Nigeria,Online,1,81969.0,81969.0
2023-12-23,2023,BMW X3,Africa,Morocco,Online,1,111690.0,111690.0
2023-12-23,2023,BMW 4 Series,North America,United States,Dealership,3,96520.0,32173.33
2023-12-24,2023,BMW X2,Africa,South Africa,Online,1,81171.0,81171.0
2023-12-24,2023,BMW iX,North America,Mexico,Dealership,2,74537.0,37268.5
2023-12-25,2023,BMW M5,Africa,Kenya,Dealership,3,62059.0,20686.33
2023-12-25,2023,BMW X2,South America,Chile,Online,5,34388.0,6877.6
2023-12-26,2023,BMW M8,Africa,Kenya,Wholesale,1,56878.0,56878.0
2023-12-26,2023,BMW X6,North America,Canada,Wholesale,5,42549.0,8509.8
2023-12-27,2023,BMW 2 Series,Asia,India,Online,5,108037.0,21607.4
2023-12-27,2023,BMW 5 Series,Africa,Morocco,Dealership,5,60268.0,12053.6
2023-12-27,2023,BMW X5,Africa,Morocco,Dealership,1,41326.0,41326.0
2023-12-28,2023,BMW 1 Series,South America,Chile,Dealership,4,60246.0,15061.5
2023-12-28,2023,BMW X7,Asia,South Korea,Wholesale,3,114351.0,38117.0
2023-12-29,2023,BMW Z4,Africa,Kenya,Wholesale,1,84254.0,84254.0
2023-12-29,2023,BMW i4,North America,Mexico,Wholesale,5,111761.0,22352.2
2023-12-30,2023,BMW iX3,South America,Peru,Dealership,4,114795.0,28698.75
2023-12-31,2023,BMW 4 Series,North America,United States,Online,2,85902.0,42951.0
2023-12-31,2023,BMW M3,Europe,Spain,Wholesale,1,58530.0,58530.0
2023-12-31,2023,BMW 5 Series,South America,Chile,Wholesale,2,113394.0,56697.0
2023-12-31,2023,BMW M5,North America,Canada,Wholesale,1,65411.0,65411.0
2023-12-31,2023,BMW M2,Asia,South Korea,Online,3,114943.0,38314.33
2023-12-31,2023,BMW 1 Series,Asia,South Korea,Dealership,5,73525.0,14705.0
